hassh,hasshAlgorithms,kexAlgs,keyAlgs,encCS,macCS,compCS,langCS,sample_client_version,session_count
0a07365cc01fa9fc82608ba4019af499,"curve25519-sha256,curve25519-sha256@libssh.org,ecdh-sha2-nistp256,ecdh-sha2-nistp384,ecdh-sha2-nistp521,diffie-hellman-group14-sha256,diffie-hellman-group14-sha1,ext-info-c,kex-strict-c-v00@openssh.com;aes128-gcm@openssh.com,aes256-gcm@openssh.com,chacha20-poly1305@openssh.com,aes128-ctr,aes192-ctr,aes256-ctr;hmac-sha2-256-etm@openssh.com,hmac-sha2-512-etm@openssh.com,hmac-sha2-256,hmac-sha2-512,hmac-sha1,hmac-sha1-96;none",curve25519-sha256;curve25519-sha256@libssh.org;ecdh-sha2-nistp256;ecdh-sha2-nistp384;ecdh-sha2-nistp521;diffie-hellman-group14-sha256;diffie-hellman-group14-sha1;ext-info-c;kex-strict-c-v00@openssh.com,rsa-sha2-256-cert-v01@openssh.com;rsa-sha2-512-cert-v01@openssh.com;ssh-rsa-cert-v01@openssh.com;ssh-dss-cert-v01@openssh.com;ecdsa-sha2-nistp256-cert-v01@openssh.com;ecdsa-sha2-nistp384-cert-v01@openssh.com;ecdsa-sha2-nistp521-cert-v01@openssh.com;ssh-ed25519-cert-v01@openssh.com;ecdsa-sha2-nistp256;ecdsa-sha2-nistp384;ecdsa-sha2-nistp521;rsa-sha2-256;rsa-sha2-512;ssh-rsa;ssh-dss;ssh-ed25519,aes128-gcm@openssh.com;aes256-gcm@openssh.com;chacha20-poly1305@openssh.com;aes128-ctr;aes192-ctr;aes256-ctr,hmac-sha2-256-etm@openssh.com;hmac-sha2-512-etm@openssh.com;hmac-sha2-256;hmac-sha2-512;hmac-sha1;hmac-sha1-96,none,,SSH-2.0-Go,201612
594c57870d0ec290ad3f328d5116eb18,"curve25519-sha256,curve25519-sha256@libssh.org,ecdh-sha2-nistp256,ecdh-sha2-nistp384,diffie-hellman-group14-sha256,ext-info-c,kex-strict-c-v00@openssh.com;chacha20-poly1305@openssh.com,aes256-gcm@openssh.com,aes128-gcm@openssh.com,aes256-ctr,aes192-ctr,aes128-ctr;hmac-sha2-256-etm@openssh.com,hmac-sha2-512-etm@openssh.com,hmac-sha2-256,hmac-sha2-512;none",curve25519-sha256;curve25519-sha256@libssh.org;ecdh-sha2-nistp256;ecdh-sha2-nistp384;diffie-hellman-group14-sha256;ext-info-c;kex-strict-c-v00@openssh.com,rsa-sha2-256-cert-v01@openssh.com;rsa-sha2-512-cert-v01@openssh.com;ssh-rsa-cert-v01@openssh.com;ssh-dss-cert-v01@openssh.com;ecdsa-sha2-nistp256-cert-v01@openssh.com;ecdsa-sha2-nistp384-cert-v01@openssh.com;ecdsa-sha2-nistp521-cert-v01@openssh.com;ssh-ed25519-cert-v01@openssh.com;ecdsa-sha2-nistp256;ecdsa-sha2-nistp384;ecdsa-sha2-nistp521;rsa-sha2-256;rsa-sha2-512;ssh-rsa;ssh-dss;ssh-ed25519,chacha20-poly1305@openssh.com;aes256-gcm@openssh.com;aes128-gcm@openssh.com;aes256-ctr;aes192-ctr;aes128-ctr,hmac-sha2-256-etm@openssh.com;hmac-sha2-512-etm@openssh.com;hmac-sha2-256;hmac-sha2-512,none,,SSH-2.0-Go,49248
16443846184eafde36765c9bab2f4397,"mlkem768x25519-sha256,curve25519-sha256,curve25519-sha256@libssh.org,ecdh-sha2-nistp256,ecdh-sha2-nistp384,ecdh-sha2-nistp521,diffie-hellman-group14-sha256,diffie-hellman-group14-sha1,ext-info-c,kex-strict-c-v00@openssh.com;aes128-gcm@openssh.com,aes256-gcm@openssh.com,chacha20-poly1305@openssh.com,aes128-ctr,aes192-ctr,aes256-ctr;hmac-sha2-256-etm@openssh.com,hmac-sha2-512-etm@openssh.com,hmac-sha2-256,hmac-sha2-512,hmac-sha1,hmac-sha1-96;none",mlkem768x25519-sha256;curve25519-sha256;curve25519-sha256@libssh.org;ecdh-sha2-nistp256;ecdh-sha2-nistp384;ecdh-sha2-nistp521;diffie-hellman-group14-sha256;diffie-hellman-group14-sha1;ext-info-c;kex-strict-c-v00@openssh.com,rsa-sha2-256-cert-v01@openssh.com;rsa-sha2-512-cert-v01@openssh.com;ssh-rsa-cert-v01@openssh.com;ssh-dss-cert-v01@openssh.com;ecdsa-sha2-nistp256-cert-v01@openssh.com;ecdsa-sha2-nistp384-cert-v01@openssh.com;ecdsa-sha2-nistp521-cert-v01@openssh.com;ssh-ed25519-cert-v01@openssh.com;ecdsa-sha2-nistp256;ecdsa-sha2-nistp384;ecdsa-sha2-nistp521;rsa-sha2-256;rsa-sha2-512;ssh-rsa;ssh-dss;ssh-ed25519,aes128-gcm@openssh.com;aes256-gcm@openssh.com;chacha20-poly1305@openssh.com;aes128-ctr;aes192-ctr;aes256-ctr,hmac-sha2-256-etm@openssh.com;hmac-sha2-512-etm@openssh.com;hmac-sha2-256;hmac-sha2-512;hmac-sha1;hmac-sha1-96,none,,SSH-2.0-Go,42592
01ca35584ad5a1b66cf6a9846b5b2821,"curve25519-sha256@libssh.org,ecdh-sha2-nistp256,ecdh-sha2-nistp384,ecdh-sha2-nistp521,diffie-hellman-group14-sha1;aes128-ctr,aes192-ctr,aes256-ctr,aes128-gcm@openssh.com,chacha20-poly1305@openssh.com,arcfour256,arcfour128,arcfour,aes128-cbc,3des-cbc,aes128-gcm@openssh.com,aes128-cbc;hmac-sha2-256-etm@openssh.com,hmac-sha2-256,hmac-sha1,hmac-sha1-96;none",curve25519-sha256@libssh.org;ecdh-sha2-nistp256;ecdh-sha2-nistp384;ecdh-sha2-nistp521;diffie-hellman-group14-sha1,ssh-rsa-cert-v01@openssh.com;ssh-dss-cert-v01@openssh.com;ecdsa-sha2-nistp256-cert-v01@openssh.com;ecdsa-sha2-nistp384-cert-v01@openssh.com;ecdsa-sha2-nistp521-cert-v01@openssh.com;ssh-ed25519-cert-v01@openssh.com;ecdsa-sha2-nistp256;ecdsa-sha2-nistp384;ecdsa-sha2-nistp521;ssh-rsa;ssh-dss;ssh-ed25519,aes128-ctr;aes192-ctr;aes256-ctr;aes128-gcm@openssh.com;chacha20-poly1305@openssh.com;arcfour256;arcfour128;arcfour;aes128-cbc;3des-cbc;aes128-gcm@openssh.com;aes128-cbc,hmac-sha2-256-etm@openssh.com;hmac-sha2-256;hmac-sha1;hmac-sha1-96,none,,SSH-2.0-Go,31160
03a80b21afa810682a776a7d42e5e6fb,"curve25519-sha256,curve25519-sha256@libssh.org,ecdh-sha2-nistp256,ecdh-sha2-nistp384,ecdh-sha2-nistp521,diffie-hellman-group18-sha512,diffie-hellman-group16-sha512,diffie-hellman-group-exchange-sha256,diffie-hellman-group14-sha256,ext-info-c,kex-strict-c-v00@openssh.com;chacha20-poly1305@openssh.com,aes256-gcm@openssh.com,aes128-gcm@openssh.com,aes256-ctr,aes192-ctr,aes128-ctr;hmac-sha2-256-etm@openssh.com,hmac-sha2-512-etm@openssh.com,hmac-sha2-256,hmac-sha2-512;none,zlib@openssh.com",curve25519-sha256;curve25519-sha256@libssh.org;ecdh-sha2-nistp256;ecdh-sha2-nistp384;ecdh-sha2-nistp521;diffie-hellman-group18-sha512;diffie-hellman-group16-sha512;diffie-hellman-group-exchange-sha256;diffie-hellman-group14-sha256;ext-info-c;kex-strict-c-v00@openssh.com,ssh-ed25519;ecdsa-sha2-nistp521;ecdsa-sha2-nistp384;ecdsa-sha2-nistp256;sk-ssh-ed25519@openssh.com;sk-ecdsa-sha2-nistp256@openssh.com;rsa-sha2-512;rsa-sha2-256,chacha20-poly1305@openssh.com;aes256-gcm@openssh.com;aes128-gcm@openssh.com;aes256-ctr;aes192-ctr;aes128-ctr,hmac-sha2-256-etm@openssh.com;hmac-sha2-512-etm@openssh.com;hmac-sha2-256;hmac-sha2-512,none;zlib@openssh.com,,SSH-2.0-libssh_0.11.1,20074
a7a87fbe86774c2e40cc4a7ea2ab1b3c,"diffie-hellman-group-exchange-sha256,diffie-hellman-group-exchange-sha1,diffie-hellman-group14-sha1,diffie-hellman-group1-sha1;aes128-ctr,aes192-ctr,aes256-ctr,aes256-cbc,rijndael-cbc@lysator.liu.se,aes192-cbc,aes128-cbc,blowfish-cbc,arcfour128,arcfour,cast128-cbc,3des-cbc;hmac-sha2-256,hmac-sha2-512,hmac-sha1,hmac-sha1-96,hmac-md5,hmac-md5-96,hmac-ripemd160,hmac-ripemd160@openssh.com;none",diffie-hellman-group-exchange-sha256;diffie-hellman-group-exchange-sha1;diffie-hellman-group14-sha1;diffie-hellman-group1-sha1,ssh-rsa;ssh-dss,aes128-ctr;aes192-ctr;aes256-ctr;aes256-cbc;rijndael-cbc@lysator.liu.se;aes192-cbc;aes128-cbc;blowfish-cbc;arcfour128;arcfour;cast128-cbc;3des-cbc,hmac-sha2-256;hmac-sha2-512;hmac-sha1;hmac-sha1-96;hmac-md5;hmac-md5-96;hmac-ripemd160;hmac-ripemd160@openssh.com,none,,SSH-2.0-libssh2_1.8.1,12460
f555226df1963d1d3c09daf865abdc9a,"curve25519-sha256,curve25519-sha256@libssh.org,ecdh-sha2-nistp256,ecdh-sha2-nistp384,ecdh-sha2-nistp521,diffie-hellman-group18-sha512,diffie-hellman-group16-sha512,diffie-hellman-group-exchange-sha256,diffie-hellman-group14-sha256,diffie-hellman-group14-sha1,diffie-hellman-group1-sha1,ext-info-c;aes256-gcm@openssh.com,aes128-gcm@openssh.com,aes256-ctr,aes192-ctr,aes128-ctr,aes256-cbc,aes192-cbc,aes128-cbc,3des-cbc;hmac-sha2-256-etm@openssh.com,hmac-sha2-512-etm@openssh.com,hmac-sha1-etm@openssh.com,hmac-sha2-256,hmac-sha2-512,hmac-sha1;none",curve25519-sha256;curve25519-sha256@libssh.org;ecdh-sha2-nistp256;ecdh-sha2-nistp384;ecdh-sha2-nistp521;diffie-hellman-group18-sha512;diffie-hellman-group16-sha512;diffie-hellman-group-exchange-sha256;diffie-hellman-group14-sha256;diffie-hellman-group14-sha1;diffie-hellman-group1-sha1;ext-info-c,ssh-ed25519;ecdsa-sha2-nistp521;ecdsa-sha2-nistp384;ecdsa-sha2-nistp256;rsa-sha2-512;rsa-sha2-256;ssh-rsa;ssh-dss,aes256-gcm@openssh.com;aes128-gcm@openssh.com;aes256-ctr;aes192-ctr;aes128-ctr;aes256-cbc;aes192-cbc;aes128-cbc;3des-cbc,hmac-sha2-256-etm@openssh.com;hmac-sha2-512-etm@openssh.com;hmac-sha1-etm@openssh.com;hmac-sha2-256;hmac-sha2-512;hmac-sha1,none,,SSH-2.0-libssh_0.9.6,10923
2ec37a7cc8daf20b10e1ad6221061ca5,"curve25519-sha256@libssh.org,ecdh-sha2-nistp256,ecdh-sha2-nistp384,ecdh-sha2-nistp521,diffie-hellman-group-exchange-sha256,diffie-hellman-group-exchange-sha1,diffie-hellman-group16-sha512,diffie-hellman-group14-sha256,diffie-hellman-group14-sha1,diffie-hellman-group1-sha1,ext-info-c,kex-strict-c-v00@openssh.com;aes128-ctr,aes192-ctr,aes256-ctr,aes128-gcm@openssh.com,aes256-gcm@openssh.com,chacha20-poly1305@openssh.com,arcfour256,arcfour128,arcfour,3des-cbc,aes128-cbc;hmac-sha2-256-etm@openssh.com,hmac-sha2-512-etm@openssh.com,hmac-sha2-256,hmac-sha2-512,hmac-sha1,hmac-sha1-96;none",curve25519-sha256@libssh.org;ecdh-sha2-nistp256;ecdh-sha2-nistp384;ecdh-sha2-nistp521;diffie-hellman-group-exchange-sha256;diffie-hellman-group-exchange-sha1;diffie-hellman-group16-sha512;diffie-hellman-group14-sha256;diffie-hellman-group14-sha1;diffie-hellman-group1-sha1;ext-info-c;kex-strict-c-v00@openssh.com,ssh-rsa;rsa-sha2-256;rsa-sha2-512;ssh-dss;ecdsa-sha2-nistp256;ecdsa-sha2-nistp384;ecdsa-sha2-nistp521;ssh-ed25519,aes128-ctr;aes192-ctr;aes256-ctr;aes128-gcm@openssh.com;aes256-gcm@openssh.com;chacha20-poly1305@openssh.com;arcfour256;arcfour128;arcfour;3des-cbc;aes128-cbc,hmac-sha2-256-etm@openssh.com;hmac-sha2-512-etm@openssh.com;hmac-sha2-256;hmac-sha2-512;hmac-sha1;hmac-sha1-96,none,,SSH-2.0-Go,9763
acaa53e0a7d7ac7d1255103f37901306,"diffie-hellman-group1-sha1,diffie-hellman-group14-sha1,diffie-hellman-group14-sha256,diffie-hellman-group16-sha512,diffie-hellman-group18-sha512,diffie-hellman-group-exchange-sha1,diffie-hellman-group-exchange-sha256,ecdh-sha2-nistp256,ecdh-sha2-nistp384,ecdh-sha2-nistp521,curve25519-sha256,curve25519-sha256@libssh.org,ext-info-c;des,3des,blowfish,none,3des-cbc,blowfish-cbc,cast128-cbc,arcfour,arcfour128,arcfour256,aes128-cbc,aes192-cbc,aes256-cbc,rijndael-cbc@lysator.liu.se,aes128-ctr,aes192-ctr,aes256-ctr,aes128-gcm@openssh.com,aes256-gcm@openssh.com,chacha20-poly1305@openssh.com;hmac-sha1,hmac-sha1-96,hmac-sha2-256,hmac-sha2-512,hmac-md5,hmac-md5-96,hmac-ripemd160,hmac-ripemd160@openssh.com,umac-64@openssh.com,umac-128@openssh.com,hmac-sha1-etm@openssh.com,hmac-sha1-96-etm@openssh.com,hmac-sha2-256-etm@openssh.com,hmac-sha2-512-etm@openssh.com,hmac-md5-etm@openssh.com,hmac-md5-96-etm@openssh.com,hmac-ripemd160-etm@openssh.com,umac-64-etm@openssh.com,umac-128-etm@openssh.com;none,zlib@openssh.com,zlib",diffie-hellman-group1-sha1;diffie-hellman-group14-sha1;diffie-hellman-group14-sha256;diffie-hellman-group16-sha512;diffie-hellman-group18-sha512;diffie-hellman-group-exchange-sha1;diffie-hellman-group-exchange-sha256;ecdh-sha2-nistp256;ecdh-sha2-nistp384;ecdh-sha2-nistp521;curve25519-sha256;curve25519-sha256@libssh.org;ext-info-c,ssh-ed25519;ssh-ed25519-cert-v01@openssh.com;ecdsa-sha2-nistp256;ecdsa-sha2-nistp256-cert-v01@openssh.com;ecdsa-sha2-nistp384;ecdsa-sha2-nistp384-cert-v01@openssh.com;ecdsa-sha2-nistp521;ecdsa-sha2-nistp521-cert-v01@openssh.com;ssh-rsa;ssh-rsa-cert-v01@openssh.com;ssh-dss;ssh-dss-cert-v01@openssh.com,des;3des;blowfish;none;3des-cbc;blowfish-cbc;cast128-cbc;arcfour;arcfour128;arcfour256;aes128-cbc;aes192-cbc;aes256-cbc;rijndael-cbc@lysator.liu.se;aes128-ctr;aes192-ctr;aes256-ctr;aes128-gcm@openssh.com;aes256-gcm@openssh.com;chacha20-poly1305@openssh.com,hmac-sha1;hmac-sha1-96;hmac-sha2-256;hmac-sha2-512;hmac-md5;hmac-md5-96;hmac-ripemd160;hmac-ripemd160@openssh.com;umac-64@openssh.com;umac-128@openssh.com;hmac-sha1-etm@openssh.com;hmac-sha1-96-etm@openssh.com;hmac-sha2-256-etm@openssh.com;hmac-sha2-512-etm@openssh.com;hmac-md5-etm@openssh.com;hmac-md5-96-etm@openssh.com;hmac-ripemd160-etm@openssh.com;umac-64-etm@openssh.com;umac-128-etm@openssh.com,none;zlib@openssh.com;zlib,,SSH-2.0-OpenSSH_7.4,7387
fda360b1b4f4d3455cb75c6e7edb1d11,"curve25519-sha256,curve25519-sha256@libssh.org,curve448-sha512,ecdh-sha2-nistp521,ecdh-sha2-nistp384,ecdh-sha2-nistp256,ecdh-sha2-1.3.132.0.10,diffie-hellman-group-exchange-sha256,diffie-hellman-group-exchange-sha1,diffie-hellman-group14-sha256,diffie-hellman-group15-sha512,diffie-hellman-group16-sha512,diffie-hellman-group17-sha512,diffie-hellman-group18-sha512,diffie-hellman-group14-sha1,diffie-hellman-group1-sha1,rsa2048-sha256,rsa1024-sha1,ext-info-c;chacha20-poly1305@openssh.com,aes256-gcm@openssh.com,aes128-gcm@openssh.com,aes256-ctr,aes192-ctr,aes128-ctr,aes256-cbc,aes192-cbc,aes128-cbc,3des-cbc,blowfish-cbc,cast128-cbc,arcfour256,arcfour128,arcfour;umac-64-etm@openssh.com,umac-128-etm@openssh.com,hmac-sha2-256-etm@openssh.com,hmac-sha2-512-etm@openssh.com,hmac-sha1-etm@openssh.com,hmac-md5-etm@openssh.com,hmac-sha2-256-96-etm@openssh.com,hmac-sha2-512-96-etm@openssh.com,hmac-sha1-96-etm@openssh.com,hmac-md5-96-etm@openssh.com,umac-64@openssh.com,umac-128@openssh.com,hmac-sha2-256,hmac-sha2-512,hmac-sha1,hmac-md5,hmac-sha2-256-96,hmac-sha2-512-96,hmac-sha1-96,hmac-md5-96;zlib@openssh.com,zlib,none",curve25519-sha256;curve25519-sha256@libssh.org;curve448-sha512;ecdh-sha2-nistp521;ecdh-sha2-nistp384;ecdh-sha2-nistp256;ecdh-sha2-1.3.132.0.10;diffie-hellman-group-exchange-sha256;diffie-hellman-group-exchange-sha1;diffie-hellman-group14-sha256;diffie-hellman-group15-sha512;diffie-hellman-group16-sha512;diffie-hellman-group17-sha512;diffie-hellman-group18-sha512;diffie-hellman-group14-sha1;diffie-hellman-group1-sha1;rsa2048-sha256;rsa1024-sha1;ext-info-c,ssh-ed25519-cert-v01@openssh.com;ssh-ed448-cert-v01@openssh.com;ecdsa-sha2-nistp521-cert-v01@openssh.com;ecdsa-sha2-nistp384-cert-v01@openssh.com;ecdsa-sha2-nistp256-cert-v01@openssh.com;ecdsa-sha2-1.3.132.0.10-cert-v01@openssh.com;ssh-rsa-cert-v01@openssh.com;ssh-dss-cert-v01@openssh.com;ssh-ed25519;ssh-ed448;ecdsa-sha2-nistp521;ecdsa-sha2-nistp384;ecdsa-sha2-nistp256;ecdsa-sha2-1.3.132.0.10;rsa-sha2-256;rsa-sha2-512;ssh-rsa;ssh-dss,chacha20-poly1305@openssh.com;aes256-gcm@openssh.com;aes128-gcm@openssh.com;aes256-ctr;aes192-ctr;aes128-ctr;aes256-cbc;aes192-cbc;aes128-cbc;3des-cbc;blowfish-cbc;cast128-cbc;arcfour256;arcfour128;arcfour,umac-64-etm@openssh.com;umac-128-etm@openssh.com;hmac-sha2-256-etm@openssh.com;hmac-sha2-512-etm@openssh.com;hmac-sha1-etm@openssh.com;hmac-md5-etm@openssh.com;hmac-sha2-256-96-etm@openssh.com;hmac-sha2-512-96-etm@openssh.com;hmac-sha1-96-etm@openssh.com;hmac-md5-96-etm@openssh.com;umac-64@openssh.com;umac-128@openssh.com;hmac-sha2-256;hmac-sha2-512;hmac-sha1;hmac-md5;hmac-sha2-256-96;hmac-sha2-512-96;hmac-sha1-96;hmac-md5-96,zlib@openssh.com;zlib;none,,SSH-2.0-AsyncSSH_2.1.0,6185
57e4cc8ee36c3d78f75c6a05acd55963,"curve25519-sha256,curve25519-sha256@libssh.org,ecdh-sha2-nistp256,ecdh-sha2-nistp384,ecdh-sha2-nistp521,diffie-hellman-group-exchange-sha256,diffie-hellman-group16-sha512,diffie-hellman-group18-sha512,diffie-hellman-group14-sha256,diffie-hellman-group14-sha1,diffie-hellman-group1-sha1,diffie-hellman-group-exchange-sha1,ext-info-c,kex-strict-c-v00@openssh.com;chacha20-poly1305@openssh.com,aes256-gcm@openssh.com,aes128-gcm@openssh.com,aes256-ctr,aes192-ctr,aes128-ctr,aes256-cbc,rijndael-cbc@lysator.liu.se,aes192-cbc,aes128-cbc,blowfish-cbc,arcfour128,arcfour,cast128-cbc,3des-cbc;hmac-sha2-256,hmac-sha2-256-etm@openssh.com,hmac-sha2-512,hmac-sha2-512-etm@openssh.com,hmac-sha1,hmac-sha1-etm@openssh.com,hmac-sha1-96,hmac-md5,hmac-md5-96,hmac-ripemd160,hmac-ripemd160@openssh.com;none",curve25519-sha256;curve25519-sha256@libssh.org;ecdh-sha2-nistp256;ecdh-sha2-nistp384;ecdh-sha2-nistp521;diffie-hellman-group-exchange-sha256;diffie-hellman-group16-sha512;diffie-hellman-group18-sha512;diffie-hellman-group14-sha256;diffie-hellman-group14-sha1;diffie-hellman-group1-sha1;diffie-hellman-group-exchange-sha1;ext-info-c;kex-strict-c-v00@openssh.com,ecdsa-sha2-nistp256;ecdsa-sha2-nistp384;ecdsa-sha2-nistp521;ecdsa-sha2-nistp256-cert-v01@openssh.com;ecdsa-sha2-nistp384-cert-v01@openssh.com;ecdsa-sha2-nistp521-cert-v01@openssh.com;ssh-ed25519;ssh-ed25519-cert-v01@openssh.com;rsa-sha2-512;rsa-sha2-256;rsa-sha2-512-cert-v01@openssh.com;rsa-sha2-256-cert-v01@openssh.com;ssh-rsa;ssh-rsa-cert-v01@openssh.com,chacha20-poly1305@openssh.com;aes256-gcm@openssh.com;aes128-gcm@openssh.com;aes256-ctr;aes192-ctr;aes128-ctr;aes256-cbc;rijndael-cbc@lysator.liu.se;aes192-cbc;aes128-cbc;blowfish-cbc;arcfour128;arcfour;cast128-cbc;3des-cbc,hmac-sha2-256;hmac-sha2-256-etm@openssh.com;hmac-sha2-512;hmac-sha2-512-etm@openssh.com;hmac-sha1;hmac-sha1-etm@openssh.com;hmac-sha1-96;hmac-md5;hmac-md5-96;hmac-ripemd160;hmac-ripemd160@openssh.com,none,,SSH-2.0-libssh2_1.11.1_DEV,4843
c07ef86fcff0361abca9d3f293e16439,"curve25519-sha256,curve25519-sha256@libssh.org,ecdh-sha2-nistp256,ecdh-sha2-nistp384,ecdh-sha2-nistp521,diffie-hellman-group14-sha256,diffie-hellman-group14-sha1,diffie-hellman-group-exchange-sha256,diffie-hellman-group-exchange-sha1,diffie-hellman-group1-sha1,ext-info-c,kex-strict-c-v00@openssh.com;aes128-ctr,aes192-ctr,aes256-ctr,aes128-gcm@openssh.com,aes256-gcm@openssh.com,chacha20-poly1305@openssh.com,arcfour256,arcfour128,aes128-cbc,3des-cbc;hmac-sha2-256-etm@openssh.com,hmac-sha2-256,hmac-sha1,hmac-sha1-96;none",curve25519-sha256;curve25519-sha256@libssh.org;ecdh-sha2-nistp256;ecdh-sha2-nistp384;ecdh-sha2-nistp521;diffie-hellman-group14-sha256;diffie-hellman-group14-sha1;diffie-hellman-group-exchange-sha256;diffie-hellman-group-exchange-sha1;diffie-hellman-group1-sha1;ext-info-c;kex-strict-c-v00@openssh.com,rsa-sha2-256-cert-v01@openssh.com;rsa-sha2-512-cert-v01@openssh.com;ssh-rsa-cert-v01@openssh.com;ssh-dss-cert-v01@openssh.com;ecdsa-sha2-nistp256-cert-v01@openssh.com;ecdsa-sha2-nistp384-cert-v01@openssh.com;ecdsa-sha2-nistp521-cert-v01@openssh.com;ssh-ed25519-cert-v01@openssh.com;ecdsa-sha2-nistp256;ecdsa-sha2-nistp384;ecdsa-sha2-nistp521;rsa-sha2-256;rsa-sha2-512;ssh-rsa;ssh-dss;ssh-ed25519,aes128-ctr;aes192-ctr;aes256-ctr;aes128-gcm@openssh.com;aes256-gcm@openssh.com;chacha20-poly1305@openssh.com;arcfour256;arcfour128;aes128-cbc;3des-cbc,hmac-sha2-256-etm@openssh.com;hmac-sha2-256;hmac-sha1;hmac-sha1-96,none,,SSH-2.0-Go,4073
57446c12547a668110aa237e5965e374,"ecdh-sha2-nistp256,ecdh-sha2-nistp384,ecdh-sha2-nistp521,curve25519-sha256,curve25519-sha256@libssh.org,diffie-hellman-group-exchange-sha256,diffie-hellman-group-exchange-sha1,diffie-hellman-group14-sha1,diffie-hellman-group1-sha1;aes128-ctr,aes192-ctr,aes256-ctr,aes256-cbc,rijndael-cbc@lysator.liu.se,aes192-cbc,aes128-cbc,blowfish-cbc,arcfour128,arcfour,cast128-cbc,3des-cbc;hmac-sha2-256,hmac-sha2-512,hmac-sha1,hmac-sha1-96,hmac-md5,hmac-md5-96,hmac-ripemd160,hmac-ripemd160@openssh.com;none",ecdh-sha2-nistp256;ecdh-sha2-nistp384;ecdh-sha2-nistp521;curve25519-sha256;curve25519-sha256@libssh.org;diffie-hellman-group-exchange-sha256;diffie-hellman-group-exchange-sha1;diffie-hellman-group14-sha1;diffie-hellman-group1-sha1,ecdsa-sha2-nistp256;ecdsa-sha2-nistp384;ecdsa-sha2-nistp521;ssh-ed25519;ssh-rsa;ssh-dss,aes128-ctr;aes192-ctr;aes256-ctr;aes256-cbc;rijndael-cbc@lysator.liu.se;aes192-cbc;aes128-cbc;blowfish-cbc;arcfour128;arcfour;cast128-cbc;3des-cbc,hmac-sha2-256;hmac-sha2-512;hmac-sha1;hmac-sha1-96;hmac-md5;hmac-md5-96;hmac-ripemd160;hmac-ripemd160@openssh.com,none,,SSH-2.0-libssh2_1.9.0,3818
e54ef3ec27fe1fea7ab64d3fa05359fd,"curve25519-sha256,curve25519-sha256@libssh.org,ecdh-sha2-nistp256,ecdh-sha2-nistp384,ecdh-sha2-nistp521,diffie-hellman-group1-sha1,diffie-hellman-group14-sha256,diffie-hellman-group14-sha1,diffie-hellman-group-exchange-sha256,diffie-hellman-group-exchange-sha1;chacha20-poly1305@openssh.com,aes128-gcm@openssh.com,aes256-gcm@openssh.com,aes128-ctr,aes192-ctr,aes256-ctr,aes128-cbc,arcfour256,arcfour128,arcfour,3des-cbc;hmac-sha2-256-etm@openssh.com,hmac-sha2-256,hmac-sha1,hmac-sha1-96;none",curve25519-sha256;curve25519-sha256@libssh.org;ecdh-sha2-nistp256;ecdh-sha2-nistp384;ecdh-sha2-nistp521;diffie-hellman-group1-sha1;diffie-hellman-group14-sha256;diffie-hellman-group14-sha1;diffie-hellman-group-exchange-sha256;diffie-hellman-group-exchange-sha1,ssh-ed25519;ecdsa-sha2-nistp256;ecdsa-sha2-nistp384;ecdsa-sha2-nistp521;rsa-sha2-256;rsa-sha2-512;ssh-rsa;ssh-dss;ssh-ed25519-cert-v01@openssh.com;ecdsa-sha2-nistp256-cert-v01@openssh.com;ecdsa-sha2-nistp384-cert-v01@openssh.com;ecdsa-sha2-nistp521-cert-v01@openssh.com;rsa-sha2-256-cert-v01@openssh.com;rsa-sha2-512-cert-v01@openssh.com;ssh-rsa-cert-v01@openssh.com;ssh-dss-cert-v01@openssh.com,chacha20-poly1305@openssh.com;aes128-gcm@openssh.com;aes256-gcm@openssh.com;aes128-ctr;aes192-ctr;aes256-ctr;aes128-cbc;arcfour256;arcfour128;arcfour;3des-cbc,hmac-sha2-256-etm@openssh.com;hmac-sha2-256;hmac-sha1;hmac-sha1-96,none,,SSH-2.0-Go,3044
af8223ac9914f509afdadfaf5f7ee94e,"mlkem768x25519-sha256,mlkem768nistp256-sha256,sntrup761x25519-sha512,sntrup761x25519-sha512@openssh.com,curve25519-sha256,curve25519-sha256@libssh.org,ecdh-sha2-nistp256,ecdh-sha2-nistp384,ecdh-sha2-nistp521,diffie-hellman-group18-sha512,diffie-hellman-group16-sha512,diffie-hellman-group-exchange-sha256,diffie-hellman-group14-sha256,ext-info-c,kex-strict-c-v00@openssh.com;chacha20-poly1305@openssh.com,aes256-gcm@openssh.com,aes128-gcm@openssh.com,aes256-ctr,aes192-ctr,aes128-ctr;hmac-sha2-256-etm@openssh.com,hmac-sha2-512-etm@openssh.com,hmac-sha2-256,hmac-sha2-512;none,zlib@openssh.com",mlkem768x25519-sha256;mlkem768nistp256-sha256;sntrup761x25519-sha512;sntrup761x25519-sha512@openssh.com;curve25519-sha256;curve25519-sha256@libssh.org;ecdh-sha2-nistp256;ecdh-sha2-nistp384;ecdh-sha2-nistp521;diffie-hellman-group18-sha512;diffie-hellman-group16-sha512;diffie-hellman-group-exchange-sha256;diffie-hellman-group14-sha256;ext-info-c;kex-strict-c-v00@openssh.com,ssh-ed25519;ecdsa-sha2-nistp521;ecdsa-sha2-nistp384;ecdsa-sha2-nistp256;sk-ssh-ed25519@openssh.com;sk-ecdsa-sha2-nistp256@openssh.com;rsa-sha2-512;rsa-sha2-256,chacha20-poly1305@openssh.com;aes256-gcm@openssh.com;aes128-gcm@openssh.com;aes256-ctr;aes192-ctr;aes128-ctr,hmac-sha2-256-etm@openssh.com;hmac-sha2-512-etm@openssh.com;hmac-sha2-256;hmac-sha2-512,none;zlib@openssh.com,,SSH-2.0-libssh_0.12.0,2744
98f63c4d9c87edbd97ed4747fa031019,"curve25519-sha256,curve25519-sha256@libssh.org,ecdh-sha2-nistp256,ecdh-sha2-nistp384,ecdh-sha2-nistp521,diffie-hellman-group14-sha256,diffie-hellman-group14-sha1,ext-info-c;aes128-gcm@openssh.com,aes256-gcm@openssh.com,chacha20-poly1305@openssh.com,aes128-ctr,aes192-ctr,aes256-ctr;hmac-sha2-256-etm@openssh.com,hmac-sha2-512-etm@openssh.com,hmac-sha2-256,hmac-sha2-512,hmac-sha1,hmac-sha1-96;none",curve25519-sha256;curve25519-sha256@libssh.org;ecdh-sha2-nistp256;ecdh-sha2-nistp384;ecdh-sha2-nistp521;diffie-hellman-group14-sha256;diffie-hellman-group14-sha1;ext-info-c,rsa-sha2-256-cert-v01@openssh.com;rsa-sha2-512-cert-v01@openssh.com;ssh-rsa-cert-v01@openssh.com;ssh-dss-cert-v01@openssh.com;ecdsa-sha2-nistp256-cert-v01@openssh.com;ecdsa-sha2-nistp384-cert-v01@openssh.com;ecdsa-sha2-nistp521-cert-v01@openssh.com;ssh-ed25519-cert-v01@openssh.com;ecdsa-sha2-nistp256;ecdsa-sha2-nistp384;ecdsa-sha2-nistp521;rsa-sha2-256;rsa-sha2-512;ssh-rsa;ssh-dss;ssh-ed25519,aes128-gcm@openssh.com;aes256-gcm@openssh.com;chacha20-poly1305@openssh.com;aes128-ctr;aes192-ctr;aes256-ctr,hmac-sha2-256-etm@openssh.com;hmac-sha2-512-etm@openssh.com;hmac-sha2-256;hmac-sha2-512;hmac-sha1;hmac-sha1-96,none,,SSH-2.0-Go,2054
a2de0f306611e0957be704f5b0e35a82,"curve25519-sha256@libssh.org,ecdh-sha2-nistp256,ecdh-sha2-nistp384,ecdh-sha2-nistp521,diffie-hellman-group16-sha512,diffie-hellman-group-exchange-sha256,diffie-hellman-group14-sha256,diffie-hellman-group-exchange-sha1,diffie-hellman-group14-sha1,diffie-hellman-group1-sha1,ext-info-c,kex-strict-c-v00@openssh.com;aes128-ctr,aes192-ctr,aes256-ctr,aes128-cbc,aes192-cbc,aes256-cbc,3des-cbc,aes128-gcm@openssh.com,aes256-gcm@openssh.com;hmac-sha2-256,hmac-sha2-512,hmac-sha2-256-etm@openssh.com,hmac-sha2-512-etm@openssh.com,hmac-sha1,hmac-md5,hmac-sha1-96,hmac-md5-96;none",curve25519-sha256@libssh.org;ecdh-sha2-nistp256;ecdh-sha2-nistp384;ecdh-sha2-nistp521;diffie-hellman-group16-sha512;diffie-hellman-group-exchange-sha256;diffie-hellman-group14-sha256;diffie-hellman-group-exchange-sha1;diffie-hellman-group14-sha1;diffie-hellman-group1-sha1;ext-info-c;kex-strict-c-v00@openssh.com,ssh-ed25519;ecdsa-sha2-nistp256;ecdsa-sha2-nistp384;ecdsa-sha2-nistp521;rsa-sha2-512;rsa-sha2-256;ssh-rsa;ssh-ed25519-cert-v01@openssh.com;ecdsa-sha2-nistp256-cert-v01@openssh.com;ecdsa-sha2-nistp384-cert-v01@openssh.com;ecdsa-sha2-nistp521-cert-v01@openssh.com;rsa-sha2-512-cert-v01@openssh.com;rsa-sha2-256-cert-v01@openssh.com;ssh-rsa-cert-v01@openssh.com,aes128-ctr;aes192-ctr;aes256-ctr;aes128-cbc;aes192-cbc;aes256-cbc;3des-cbc;aes128-gcm@openssh.com;aes256-gcm@openssh.com,hmac-sha2-256;hmac-sha2-512;hmac-sha2-256-etm@openssh.com;hmac-sha2-512-etm@openssh.com;hmac-sha1;hmac-md5;hmac-sha1-96;hmac-md5-96,none,,SSH-2.0-paramiko_4.0.0,1247
eff4c24daffc8532c160e86e5f006e53,"curve25519-sha256,curve25519-sha256@libssh.org,ecdh-sha2-nistp256,ecdh-sha2-nistp384,ecdh-sha2-nistp521,diffie-hellman-group14-sha256,diffie-hellman-group16-sha512,diffie-hellman-group14-sha1,diffie-hellman-group-exchange-sha256,diffie-hellman-group-exchange-sha1,diffie-hellman-group1-sha1,ext-info-c,kex-strict-c-v00@openssh.com;aes128-gcm@openssh.com,aes256-gcm@openssh.com,chacha20-poly1305@openssh.com,aes128-ctr,aes192-ctr,aes256-ctr,aes128-cbc,3des-cbc;hmac-sha2-256-etm@openssh.com,hmac-sha2-512-etm@openssh.com,hmac-sha2-256,hmac-sha2-512,hmac-sha1,hmac-sha1-96;none",curve25519-sha256;curve25519-sha256@libssh.org;ecdh-sha2-nistp256;ecdh-sha2-nistp384;ecdh-sha2-nistp521;diffie-hellman-group14-sha256;diffie-hellman-group16-sha512;diffie-hellman-group14-sha1;diffie-hellman-group-exchange-sha256;diffie-hellman-group-exchange-sha1;diffie-hellman-group1-sha1;ext-info-c;kex-strict-c-v00@openssh.com,rsa-sha2-256-cert-v01@openssh.com;rsa-sha2-512-cert-v01@openssh.com;ssh-rsa-cert-v01@openssh.com;ssh-dss-cert-v01@openssh.com;ecdsa-sha2-nistp256-cert-v01@openssh.com;ecdsa-sha2-nistp384-cert-v01@openssh.com;ecdsa-sha2-nistp521-cert-v01@openssh.com;ssh-ed25519-cert-v01@openssh.com;ecdsa-sha2-nistp256;ecdsa-sha2-nistp384;ecdsa-sha2-nistp521;rsa-sha2-256;rsa-sha2-512;ssh-rsa;ssh-dss;ssh-ed25519,aes128-gcm@openssh.com;aes256-gcm@openssh.com;chacha20-poly1305@openssh.com;aes128-ctr;aes192-ctr;aes256-ctr;aes128-cbc;3des-cbc,hmac-sha2-256-etm@openssh.com;hmac-sha2-512-etm@openssh.com;hmac-sha2-256;hmac-sha2-512;hmac-sha1;hmac-sha1-96,none,,SSH-2.0-Go,1233
c37911009092bf8d11043acb83be1a6c,"curve25519-sha256,curve25519-sha256@libssh.org,ecdh-sha2-nistp256,ecdh-sha2-nistp384,ecdh-sha2-nistp521,diffie-hellman-group14-sha256,diffie-hellman-group14-sha1,ext-info-c,kex-strict-c-v00@openssh.com;aes128-ctr,aes256-ctr,chacha20-poly1305@openssh.com;hmac-sha2-256-etm@openssh.com,hmac-sha2-512-etm@openssh.com,hmac-sha2-256,hmac-sha2-512,hmac-sha1,hmac-sha1-96;none",curve25519-sha256;curve25519-sha256@libssh.org;ecdh-sha2-nistp256;ecdh-sha2-nistp384;ecdh-sha2-nistp521;diffie-hellman-group14-sha256;diffie-hellman-group14-sha1;ext-info-c;kex-strict-c-v00@openssh.com,rsa-sha2-256-cert-v01@openssh.com;rsa-sha2-512-cert-v01@openssh.com;ssh-rsa-cert-v01@openssh.com;ssh-dss-cert-v01@openssh.com;ecdsa-sha2-nistp256-cert-v01@openssh.com;ecdsa-sha2-nistp384-cert-v01@openssh.com;ecdsa-sha2-nistp521-cert-v01@openssh.com;ssh-ed25519-cert-v01@openssh.com;ecdsa-sha2-nistp256;ecdsa-sha2-nistp384;ecdsa-sha2-nistp521;rsa-sha2-256;rsa-sha2-512;ssh-rsa;ssh-dss;ssh-ed25519,aes128-ctr;aes256-ctr;chacha20-poly1305@openssh.com,hmac-sha2-256-etm@openssh.com;hmac-sha2-512-etm@openssh.com;hmac-sha2-256;hmac-sha2-512;hmac-sha1;hmac-sha1-96,none,,SSH-2.0-Go,1071
084386fa7ae5039bcf6f07298a05a227,"curve25519-sha256@libssh.org,ecdh-sha2-nistp256,ecdh-sha2-nistp384,ecdh-sha2-nistp521,diffie-hellman-group14-sha1,diffie-hellman-group1-sha1,curve25519-sha256@libssh.org,ecdh-sha2-nistp256,ecdh-sha2-nistp384,ecdh-sha2-nistp521,diffie-hellman-group14-sha1,diffie-hellman-group1-sha1;aes128-ctr,aes192-ctr,aes256-ctr,aes128-gcm@openssh.com,arcfour256,arcfour128,aes128-ctr,aes192-ctr,aes256-ctr,aes128-gcm@openssh.com,arcfour256,arcfour128;hmac-sha2-256,hmac-sha1,hmac-sha1-96;none",curve25519-sha256@libssh.org;ecdh-sha2-nistp256;ecdh-sha2-nistp384;ecdh-sha2-nistp521;diffie-hellman-group14-sha1;diffie-hellman-group1-sha1;curve25519-sha256@libssh.org;ecdh-sha2-nistp256;ecdh-sha2-nistp384;ecdh-sha2-nistp521;diffie-hellman-group14-sha1;diffie-hellman-group1-sha1,ssh-rsa-cert-v01@openssh.com;ssh-dss-cert-v01@openssh.com;ecdsa-sha2-nistp256-cert-v01@openssh.com;ecdsa-sha2-nistp384-cert-v01@openssh.com;ecdsa-sha2-nistp521-cert-v01@openssh.com;ssh-ed25519-cert-v01@openssh.com;ecdsa-sha2-nistp256;ecdsa-sha2-nistp384;ecdsa-sha2-nistp521;ssh-rsa;ssh-dss;ssh-ed25519;ssh-rsa-cert-v01@openssh.com;ssh-dss-cert-v01@openssh.com;ecdsa-sha2-nistp256-cert-v01@openssh.com;ecdsa-sha2-nistp384-cert-v01@openssh.com;ecdsa-sha2-nistp521-cert-v01@openssh.com;ssh-ed25519-cert-v01@openssh.com;ecdsa-sha2-nistp256;ecdsa-sha2-nistp384;ecdsa-sha2-nistp521;ssh-rsa;ssh-dss;ssh-ed25519,aes128-ctr;aes192-ctr;aes256-ctr;aes128-gcm@openssh.com;arcfour256;arcfour128;aes128-ctr;aes192-ctr;aes256-ctr;aes128-gcm@openssh.com;arcfour256;arcfour128,hmac-sha2-256;hmac-sha1;hmac-sha1-96,none,,SSH-2.0-Go,867
f1e5e9d24e5e345e8745613bde22d532,"curve25519-sha256@libssh.org,ecdh-sha2-nistp256,ecdh-sha2-nistp384,ecdh-sha2-nistp521,diffie-hellman-group14-sha1,diffie-hellman-group1-sha1,diffie-hellman-group-exchange-sha1,diffie-hellman-group-exchange-sha256,curve25519-sha256@libssh.org,ecdh-sha2-nistp256,ecdh-sha2-nistp384,ecdh-sha2-nistp521,diffie-hellman-group14-sha1,diffie-hellman-group1-sha1,diffie-hellman-group-exchange-sha1,diffie-hellman-group-exchange-sha256;aes128-ctr,aes192-ctr,aes256-ctr,aes128-gcm@openssh.com,arcfour256,arcfour128,arcfour,aes128-cbc,3des-cbc,aes128-ctr,aes192-ctr,aes256-ctr,aes128-gcm@openssh.com,arcfour256,arcfour128,arcfour,aes128-cbc,3des-cbc;hmac-sha2-256,hmac-sha1,hmac-sha1-96;none",curve25519-sha256@libssh.org;ecdh-sha2-nistp256;ecdh-sha2-nistp384;ecdh-sha2-nistp521;diffie-hellman-group14-sha1;diffie-hellman-group1-sha1;diffie-hellman-group-exchange-sha1;diffie-hellman-group-exchange-sha256;curve25519-sha256@libssh.org;ecdh-sha2-nistp256;ecdh-sha2-nistp384;ecdh-sha2-nistp521;diffie-hellman-group14-sha1;diffie-hellman-group1-sha1;diffie-hellman-group-exchange-sha1;diffie-hellman-group-exchange-sha256,ssh-rsa-cert-v01@openssh.com;ssh-dss-cert-v01@openssh.com;ecdsa-sha2-nistp256-cert-v01@openssh.com;ecdsa-sha2-nistp384-cert-v01@openssh.com;ecdsa-sha2-nistp521-cert-v01@openssh.com;ssh-ed25519-cert-v01@openssh.com;ecdsa-sha2-nistp256;ecdsa-sha2-nistp384;ecdsa-sha2-nistp521;ssh-rsa;ssh-dss;ssh-ed25519;ssh-rsa-cert-v01@openssh.com;ssh-dss-cert-v01@openssh.com;ecdsa-sha2-nistp256-cert-v01@openssh.com;ecdsa-sha2-nistp384-cert-v01@openssh.com;ecdsa-sha2-nistp521-cert-v01@openssh.com;ssh-ed25519-cert-v01@openssh.com;ecdsa-sha2-nistp256;ecdsa-sha2-nistp384;ecdsa-sha2-nistp521;ssh-rsa;ssh-dss;ssh-ed25519,aes128-ctr;aes192-ctr;aes256-ctr;aes128-gcm@openssh.com;arcfour256;arcfour128;arcfour;aes128-cbc;3des-cbc;aes128-ctr;aes192-ctr;aes256-ctr;aes128-gcm@openssh.com;arcfour256;arcfour128;arcfour;aes128-cbc;3des-cbc,hmac-sha2-256;hmac-sha1;hmac-sha1-96,none,,SSH-2.0-Go,705
5bd26477da5440a6187bd3f1b39a429c,"curve25519-sha256,curve25519-sha256@libssh.org,ecdh-sha2-nistp256,ecdh-sha2-nistp384,ecdh-sha2-nistp521,diffie-hellman-group-exchange-sha256,diffie-hellman-group16-sha512,diffie-hellman-group18-sha512,diffie-hellman-group14-sha256,diffie-hellman-group14-sha1,diffie-hellman-group1-sha1,diffie-hellman-group-exchange-sha1,ext-info-c,kex-strict-c-v00@openssh.com;chacha20-poly1305@openssh.com,aes256-gcm@openssh.com,aes128-gcm@openssh.com,aes256-ctr,aes192-ctr,aes128-ctr,aes256-cbc,rijndael-cbc@lysator.liu.se,aes192-cbc,aes128-cbc;hmac-sha2-256,hmac-sha2-256-etm@openssh.com,hmac-sha2-512,hmac-sha2-512-etm@openssh.com,hmac-sha1,hmac-sha1-etm@openssh.com,hmac-sha1-96;none",curve25519-sha256;curve25519-sha256@libssh.org;ecdh-sha2-nistp256;ecdh-sha2-nistp384;ecdh-sha2-nistp521;diffie-hellman-group-exchange-sha256;diffie-hellman-group16-sha512;diffie-hellman-group18-sha512;diffie-hellman-group14-sha256;diffie-hellman-group14-sha1;diffie-hellman-group1-sha1;diffie-hellman-group-exchange-sha1;ext-info-c;kex-strict-c-v00@openssh.com,ssh-ed25519;ssh-ed25519-cert-v01@openssh.com;ecdsa-sha2-nistp256;ecdsa-sha2-nistp384;ecdsa-sha2-nistp521;ecdsa-sha2-nistp256-cert-v01@openssh.com;ecdsa-sha2-nistp384-cert-v01@openssh.com;ecdsa-sha2-nistp521-cert-v01@openssh.com;rsa-sha2-512;rsa-sha2-256;rsa-sha2-512-cert-v01@openssh.com;rsa-sha2-256-cert-v01@openssh.com;ssh-rsa;ssh-rsa-cert-v01@openssh.com,chacha20-poly1305@openssh.com;aes256-gcm@openssh.com;aes128-gcm@openssh.com;aes256-ctr;aes192-ctr;aes128-ctr;aes256-cbc;rijndael-cbc@lysator.liu.se;aes192-cbc;aes128-cbc,hmac-sha2-256;hmac-sha2-256-etm@openssh.com;hmac-sha2-512;hmac-sha2-512-etm@openssh.com;hmac-sha1;hmac-sha1-etm@openssh.com;hmac-sha1-96,none,,SSH-2.0-PUTTY,672
4e066189c3bbeec38c99b1855113733a,"curve25519-sha256,curve25519-sha256@libssh.org,ecdh-sha2-nistp256,ecdh-sha2-nistp384,ecdh-sha2-nistp521,diffie-hellman-group14-sha256,diffie-hellman-group14-sha1,ext-info-c;aes128-gcm@openssh.com,chacha20-poly1305@openssh.com,aes128-ctr,aes192-ctr,aes256-ctr;hmac-sha2-256-etm@openssh.com,hmac-sha2-256,hmac-sha1,hmac-sha1-96;none",curve25519-sha256;curve25519-sha256@libssh.org;ecdh-sha2-nistp256;ecdh-sha2-nistp384;ecdh-sha2-nistp521;diffie-hellman-group14-sha256;diffie-hellman-group14-sha1;ext-info-c,rsa-sha2-512-cert-v01@openssh.com;rsa-sha2-256-cert-v01@openssh.com;ssh-rsa-cert-v01@openssh.com;ssh-dss-cert-v01@openssh.com;ecdsa-sha2-nistp256-cert-v01@openssh.com;ecdsa-sha2-nistp384-cert-v01@openssh.com;ecdsa-sha2-nistp521-cert-v01@openssh.com;ssh-ed25519-cert-v01@openssh.com;ecdsa-sha2-nistp256;ecdsa-sha2-nistp384;ecdsa-sha2-nistp521;rsa-sha2-512;rsa-sha2-256;ssh-rsa;ssh-dss;ssh-ed25519,aes128-gcm@openssh.com;chacha20-poly1305@openssh.com;aes128-ctr;aes192-ctr;aes256-ctr,hmac-sha2-256-etm@openssh.com;hmac-sha2-256;hmac-sha1;hmac-sha1-96,none,,SSH-2.0-Go,648
0425c279610910d2d9aef3b285e59b86,"curve25519-sha256@libssh.org,ecdh-sha2-nistp256,ecdh-sha2-nistp384,ecdh-sha2-nistp521,diffie-hellman-group-exchange-sha256,diffie-hellman-group-exchange-sha1,diffie-hellman-group14-sha1,rsa2048-sha256,rsa1024-sha1,diffie-hellman-group1-sha1;aes256-ctr,aes256-cbc,rijndael-cbc@lysator.liu.se,aes192-ctr,aes192-cbc,aes128-ctr,aes128-cbc,chacha20-poly1305@openssh.com,blowfish-ctr,blowfish-cbc,3des-ctr,3des-cbc,arcfour256,arcfour128;hmac-sha2-256,hmac-sha1,hmac-sha1-96,hmac-md5,hmac-sha2-256-etm@openssh.com,hmac-sha1-etm@openssh.com,hmac-sha1-96-etm@openssh.com,hmac-md5-etm@openssh.com;none,zlib",curve25519-sha256@libssh.org;ecdh-sha2-nistp256;ecdh-sha2-nistp384;ecdh-sha2-nistp521;diffie-hellman-group-exchange-sha256;diffie-hellman-group-exchange-sha1;diffie-hellman-group14-sha1;rsa2048-sha256;rsa1024-sha1;diffie-hellman-group1-sha1,ssh-ed25519;ecdsa-sha2-nistp256;ecdsa-sha2-nistp384;ecdsa-sha2-nistp521;ssh-rsa;ssh-dss,aes256-ctr;aes256-cbc;rijndael-cbc@lysator.liu.se;aes192-ctr;aes192-cbc;aes128-ctr;aes128-cbc;chacha20-poly1305@openssh.com;blowfish-ctr;blowfish-cbc;3des-ctr;3des-cbc;arcfour256;arcfour128,hmac-sha2-256;hmac-sha1;hmac-sha1-96;hmac-md5;hmac-sha2-256-etm@openssh.com;hmac-sha1-etm@openssh.com;hmac-sha1-96-etm@openssh.com;hmac-md5-etm@openssh.com,none;zlib,,SSH-2.0-PuTTY_Release_0.70,594
80d9e1d7a4faebe9cda3e69e3a839c6c,"mlkem768x25519-sha256,curve25519-sha256,curve25519-sha256@libssh.org,ecdh-sha2-nistp256,ecdh-sha2-nistp384,ecdh-sha2-nistp521,diffie-hellman-group14-sha256,diffie-hellman-group14-sha1,ext-info-c,kex-strict-c-v00@openssh.com;aes128-ctr,aes192-ctr,aes256-ctr,aes128-gcm@openssh.com,aes256-gcm@openssh.com,chacha20-poly1305@openssh.com,aes128-cbc,3des-cbc;hmac-sha2-256-etm@openssh.com,hmac-sha2-512-etm@openssh.com,hmac-sha2-256,hmac-sha2-512,hmac-sha1,hmac-sha1-96;none",mlkem768x25519-sha256;curve25519-sha256;curve25519-sha256@libssh.org;ecdh-sha2-nistp256;ecdh-sha2-nistp384;ecdh-sha2-nistp521;diffie-hellman-group14-sha256;diffie-hellman-group14-sha1;ext-info-c;kex-strict-c-v00@openssh.com,rsa-sha2-256-cert-v01@openssh.com;rsa-sha2-512-cert-v01@openssh.com;ssh-rsa-cert-v01@openssh.com;ssh-dss-cert-v01@openssh.com;ecdsa-sha2-nistp256-cert-v01@openssh.com;ecdsa-sha2-nistp384-cert-v01@openssh.com;ecdsa-sha2-nistp521-cert-v01@openssh.com;ssh-ed25519-cert-v01@openssh.com;ecdsa-sha2-nistp256;ecdsa-sha2-nistp384;ecdsa-sha2-nistp521;rsa-sha2-256;rsa-sha2-512;ssh-rsa;ssh-dss;ssh-ed25519,aes128-ctr;aes192-ctr;aes256-ctr;aes128-gcm@openssh.com;aes256-gcm@openssh.com;chacha20-poly1305@openssh.com;aes128-cbc;3des-cbc,hmac-sha2-256-etm@openssh.com;hmac-sha2-512-etm@openssh.com;hmac-sha2-256;hmac-sha2-512;hmac-sha1;hmac-sha1-96,none,,SSH-2.0-Go,581
dd9bcf093c355da7000132131cb36fd0,"diffie-hellman-group-exchange-sha256,diffie-hellman-group-exchange-sha1,diffie-hellman-group14-sha1,diffie-hellman-group1-sha1;aes128-ctr,aes192-ctr,aes256-ctr,arcfour256,arcfour128,aes128-gcm@openssh.com,aes256-gcm@openssh.com,chacha20-poly1305@openssh.com,aes128-cbc,3des-cbc,blowfish-cbc,cast128-cbc,aes192-cbc,aes256-cbc,arcfour,rijndael-cbc@lysator.liu.se;hmac-md5-etm@openssh.com,hmac-sha1-etm@openssh.com,umac-64-etm@openssh.com,umac-128-etm@openssh.com,hmac-sha2-256-etm@openssh.com,hmac-sha2-512-etm@openssh.com,hmac-ripemd160-etm@openssh.com,hmac-sha1-96-etm@openssh.com,hmac-md5-96-etm@openssh.com,hmac-md5,hmac-sha1,umac-64@openssh.com,umac-128@openssh.com,hmac-sha2-256,hmac-sha2-512,hmac-ripemd160,hmac-ripemd160@openssh.com,hmac-sha1-96,hmac-md5-96;none,zlib@openssh.com,zlib",diffie-hellman-group-exchange-sha256;diffie-hellman-group-exchange-sha1;diffie-hellman-group14-sha1;diffie-hellman-group1-sha1,ecdsa-sha2-nistp256-cert-v01@openssh.com;ecdsa-sha2-nistp384-cert-v01@openssh.com;ecdsa-sha2-nistp521-cert-v01@openssh.com;ecdsa-sha2-nistp256;ecdsa-sha2-nistp384;ecdsa-sha2-nistp521;ssh-ed25519-cert-v01@openssh.com;ssh-rsa-cert-v01@openssh.com;ssh-dss-cert-v01@openssh.com;ssh-rsa-cert-v00@openssh.com;ssh-dss-cert-v00@openssh.com;ssh-ed25519;ssh-rsa;ssh-dss,aes128-ctr;aes192-ctr;aes256-ctr;arcfour256;arcfour128;aes128-gcm@openssh.com;aes256-gcm@openssh.com;chacha20-poly1305@openssh.com;aes128-cbc;3des-cbc;blowfish-cbc;cast128-cbc;aes192-cbc;aes256-cbc;arcfour;rijndael-cbc@lysator.liu.se,hmac-md5-etm@openssh.com;hmac-sha1-etm@openssh.com;umac-64-etm@openssh.com;umac-128-etm@openssh.com;hmac-sha2-256-etm@openssh.com;hmac-sha2-512-etm@openssh.com;hmac-ripemd160-etm@openssh.com;hmac-sha1-96-etm@openssh.com;hmac-md5-96-etm@openssh.com;hmac-md5;hmac-sha1;umac-64@openssh.com;umac-128@openssh.com;hmac-sha2-256;hmac-sha2-512;hmac-ripemd160;hmac-ripemd160@openssh.com;hmac-sha1-96;hmac-md5-96,none;zlib@openssh.com;zlib,,SSH-2.0-ZGrab ZGrab SSH Survey,563
e788c657d1a22971d5026526ffd2e918,"diffie-hellman-group1-sha1,diffie-hellman-group14-sha1,diffie-hellman-group14-sha256,diffie-hellman-group16-sha512,diffie-hellman-group-exchange-sha1,diffie-hellman-group-exchange-sha256;aes128-cbc,3des-cbc,blowfish-cbc,aes192-cbc,aes256-cbc,aes128-ctr,aes192-ctr,aes256-ctr;hmac-md5,hmac-sha1,hmac-ripemd160;none",diffie-hellman-group1-sha1;diffie-hellman-group14-sha1;diffie-hellman-group14-sha256;diffie-hellman-group16-sha512;diffie-hellman-group-exchange-sha1;diffie-hellman-group-exchange-sha256,ssh-dss,aes128-cbc;3des-cbc;blowfish-cbc;aes192-cbc;aes256-cbc;aes128-ctr;aes192-ctr;aes256-ctr,hmac-md5;hmac-sha1;hmac-ripemd160,none,,SSH-2.0-Nmap-SSH2-Hostkey,492
63ae64767f334c6a74647d80edb0291e,"curve25519-sha256,curve25519-sha256@libssh.org,ecdh-sha2-nistp256,ecdh-sha2-nistp384,ecdh-sha2-nistp521,diffie-hellman-group-exchange-sha256,diffie-hellman-group16-sha512,diffie-hellman-group18-sha512,diffie-hellman-group14-sha256,diffie-hellman-group14-sha1,diffie-hellman-group1-sha1,diffie-hellman-group-exchange-sha1;aes128-ctr,aes192-ctr,aes256-ctr,aes256-cbc,rijndael-cbc@lysator.liu.se,aes192-cbc,aes128-cbc,blowfish-cbc,arcfour128,arcfour,cast128-cbc,3des-cbc,none;hmac-sha2-256,hmac-sha2-512,hmac-sha1,hmac-sha1-96,hmac-md5,hmac-md5-96,hmac-ripemd160,hmac-ripemd160@openssh.com,none;none",curve25519-sha256;curve25519-sha256@libssh.org;ecdh-sha2-nistp256;ecdh-sha2-nistp384;ecdh-sha2-nistp521;diffie-hellman-group-exchange-sha256;diffie-hellman-group16-sha512;diffie-hellman-group18-sha512;diffie-hellman-group14-sha256;diffie-hellman-group14-sha1;diffie-hellman-group1-sha1;diffie-hellman-group-exchange-sha1,ecdsa-sha2-nistp256;ecdsa-sha2-nistp384;ecdsa-sha2-nistp521;ecdsa-sha2-nistp256-cert-v01@openssh.com;ecdsa-sha2-nistp384-cert-v01@openssh.com;ecdsa-sha2-nistp521-cert-v01@openssh.com;ssh-ed25519;ssh-rsa;ssh-dss,aes128-ctr;aes192-ctr;aes256-ctr;aes256-cbc;rijndael-cbc@lysator.liu.se;aes192-cbc;aes128-cbc;blowfish-cbc;arcfour128;arcfour;cast128-cbc;3des-cbc;none,hmac-sha2-256;hmac-sha2-512;hmac-sha1;hmac-sha1-96;hmac-md5;hmac-md5-96;hmac-ripemd160;hmac-ripemd160@openssh.com;none,none,,SSH-2.0-libssh2_1.10.0,492
bf7dbf67fa9b26ee9f9deb99c49320ba,"mlkem768x25519-sha256,curve25519-sha256,curve25519-sha256@libssh.org,ecdh-sha2-nistp256,ecdh-sha2-nistp384,ecdh-sha2-nistp521,diffie-hellman-group14-sha256,diffie-hellman-group16-sha512,diffie-hellman-group-exchange-sha256,diffie-hellman-group14-sha1,diffie-hellman-group1-sha1,diffie-hellman-group-exchange-sha1,ext-info-c,kex-strict-c-v00@openssh.com;aes128-gcm@openssh.com,aes256-gcm@openssh.com,chacha20-poly1305@openssh.com,aes128-ctr,aes192-ctr,aes256-ctr,aes128-cbc,3des-cbc,arcfour256,arcfour128,arcfour;hmac-sha2-256-etm@openssh.com,hmac-sha2-512-etm@openssh.com,hmac-sha2-256,hmac-sha2-512,hmac-sha1,hmac-sha1-96;none",mlkem768x25519-sha256;curve25519-sha256;curve25519-sha256@libssh.org;ecdh-sha2-nistp256;ecdh-sha2-nistp384;ecdh-sha2-nistp521;diffie-hellman-group14-sha256;diffie-hellman-group16-sha512;diffie-hellman-group-exchange-sha256;diffie-hellman-group14-sha1;diffie-hellman-group1-sha1;diffie-hellman-group-exchange-sha1;ext-info-c;kex-strict-c-v00@openssh.com,rsa-sha2-256-cert-v01@openssh.com;rsa-sha2-512-cert-v01@openssh.com;ecdsa-sha2-nistp256-cert-v01@openssh.com;ecdsa-sha2-nistp384-cert-v01@openssh.com;ecdsa-sha2-nistp521-cert-v01@openssh.com;ssh-ed25519-cert-v01@openssh.com;rsa-sha2-256;rsa-sha2-512;ecdsa-sha2-nistp256;ecdsa-sha2-nistp384;ecdsa-sha2-nistp521;ssh-ed25519;ssh-rsa;ssh-dss;ssh-rsa-cert-v01@openssh.com;ssh-dss-cert-v01@openssh.com,aes128-gcm@openssh.com;aes256-gcm@openssh.com;chacha20-poly1305@openssh.com;aes128-ctr;aes192-ctr;aes256-ctr;aes128-cbc;3des-cbc;arcfour256;arcfour128;arcfour,hmac-sha2-256-etm@openssh.com;hmac-sha2-512-etm@openssh.com;hmac-sha2-256;hmac-sha2-512;hmac-sha1;hmac-sha1-96,none,,SSH-2.0-Go,462
390ffe68a68c2a2891210413e80689fa,"curve25519-sha256,curve25519-sha256@libssh.org,ecdh-sha2-nistp256,ecdh-sha2-nistp384,ecdh-sha2-nistp521,diffie-hellman-group-exchange-sha256,diffie-hellman-group16-sha512,diffie-hellman-group18-sha512,diffie-hellman-group14-sha256,diffie-hellman-group1-sha1,ext-info-c,kex-strict-c-v00@openssh.com;chacha20-poly1305@openssh.com,aes128-ctr,aes192-ctr,aes256-ctr,aes128-gcm@openssh.com,aes256-gcm@openssh.com,aes128-cbc;umac-64-etm@openssh.com,umac-128-etm@openssh.com,hmac-sha2-256-etm@openssh.com,hmac-sha2-512-etm@openssh.com,hmac-sha1-etm@openssh.com,umac-64@openssh.com,umac-128@openssh.com,hmac-sha2-256,hmac-sha2-512,hmac-sha1;none,zlib@openssh.com,zlib",curve25519-sha256;curve25519-sha256@libssh.org;ecdh-sha2-nistp256;ecdh-sha2-nistp384;ecdh-sha2-nistp521;diffie-hellman-group-exchange-sha256;diffie-hellman-group16-sha512;diffie-hellman-group18-sha512;diffie-hellman-group14-sha256;diffie-hellman-group1-sha1;ext-info-c;kex-strict-c-v00@openssh.com,ecdsa-sha2-nistp256-cert-v01@openssh.com;ecdsa-sha2-nistp384-cert-v01@openssh.com;ecdsa-sha2-nistp521-cert-v01@openssh.com;sk-ecdsa-sha2-nistp256-cert-v01@openssh.com;ssh-ed25519-cert-v01@openssh.com;sk-ssh-ed25519-cert-v01@openssh.com;rsa-sha2-512-cert-v01@openssh.com;rsa-sha2-256-cert-v01@openssh.com;ssh-rsa-cert-v01@openssh.com;ecdsa-sha2-nistp256;ecdsa-sha2-nistp384;ecdsa-sha2-nistp521;sk-ecdsa-sha2-nistp256@openssh.com;ssh-ed25519;sk-ssh-ed25519@openssh.com;rsa-sha2-512;rsa-sha2-256;ssh-rsa;ssh-dss,chacha20-poly1305@openssh.com;aes128-ctr;aes192-ctr;aes256-ctr;aes128-gcm@openssh.com;aes256-gcm@openssh.com;aes128-cbc,umac-64-etm@openssh.com;umac-128-etm@openssh.com;hmac-sha2-256-etm@openssh.com;hmac-sha2-512-etm@openssh.com;hmac-sha1-etm@openssh.com;umac-64@openssh.com;umac-128@openssh.com;hmac-sha2-256;hmac-sha2-512;hmac-sha1,none;zlib@openssh.com;zlib,,SSH-2.0-OpenSSH_8.4p1 Debian-5+deb11u3,409
742ee33575d0ff88acd63dcc5529bb46,"curve25519-sha256,curve25519-sha256@libssh.org,ecdh-sha2-nistp256,ecdh-sha2-nistp384,ecdh-sha2-nistp521,diffie-hellman-group18-sha512,diffie-hellman-group16-sha512,diffie-hellman-group-exchange-sha256,diffie-hellman-group14-sha256,diffie-hellman-group14-sha1,diffie-hellman-group1-sha1,ext-info-c;aes128-ctr;hmac-sha2-256-etm@openssh.com,hmac-sha2-512-etm@openssh.com,hmac-sha1-etm@openssh.com,hmac-sha2-256,hmac-sha2-512,hmac-sha1;none",curve25519-sha256;curve25519-sha256@libssh.org;ecdh-sha2-nistp256;ecdh-sha2-nistp384;ecdh-sha2-nistp521;diffie-hellman-group18-sha512;diffie-hellman-group16-sha512;diffie-hellman-group-exchange-sha256;diffie-hellman-group14-sha256;diffie-hellman-group14-sha1;diffie-hellman-group1-sha1;ext-info-c,ssh-ed25519;ecdsa-sha2-nistp521;ecdsa-sha2-nistp384;ecdsa-sha2-nistp256;rsa-sha2-512;rsa-sha2-256;ssh-rsa;ssh-dss,aes128-ctr,hmac-sha2-256-etm@openssh.com;hmac-sha2-512-etm@openssh.com;hmac-sha1-etm@openssh.com;hmac-sha2-256;hmac-sha2-512;hmac-sha1,none,,SSH-2.0-libssh_0.9.5,377
a4bb6308c6d3a1e3fe1a437ba6ba379a,"mlkem768x25519-sha256,curve25519-sha256,curve25519-sha256@libssh.org,ecdh-sha2-nistp256,ecdh-sha2-nistp384,ecdh-sha2-nistp521,diffie-hellman-group14-sha256,diffie-hellman-group14-sha1,ext-info-c,kex-strict-c-v00@openssh.com;aes128-ctr,aes256-ctr,chacha20-poly1305@openssh.com;hmac-sha2-256-etm@openssh.com,hmac-sha2-512-etm@openssh.com,hmac-sha2-256,hmac-sha2-512,hmac-sha1,hmac-sha1-96;none",mlkem768x25519-sha256;curve25519-sha256;curve25519-sha256@libssh.org;ecdh-sha2-nistp256;ecdh-sha2-nistp384;ecdh-sha2-nistp521;diffie-hellman-group14-sha256;diffie-hellman-group14-sha1;ext-info-c;kex-strict-c-v00@openssh.com,rsa-sha2-256-cert-v01@openssh.com;rsa-sha2-512-cert-v01@openssh.com;ssh-rsa-cert-v01@openssh.com;ssh-dss-cert-v01@openssh.com;ecdsa-sha2-nistp256-cert-v01@openssh.com;ecdsa-sha2-nistp384-cert-v01@openssh.com;ecdsa-sha2-nistp521-cert-v01@openssh.com;ssh-ed25519-cert-v01@openssh.com;ecdsa-sha2-nistp256;ecdsa-sha2-nistp384;ecdsa-sha2-nistp521;rsa-sha2-256;rsa-sha2-512;ssh-rsa;ssh-dss;ssh-ed25519,aes128-ctr;aes256-ctr;chacha20-poly1305@openssh.com,hmac-sha2-256-etm@openssh.com;hmac-sha2-512-etm@openssh.com;hmac-sha2-256;hmac-sha2-512;hmac-sha1;hmac-sha1-96,none,,SSH-2.0-Go,348
5f904648ee8964bef0e8834012e26003,"curve25519-sha256,curve25519-sha256@libssh.org,ecdh-sha2-nistp256,ecdh-sha2-nistp384,ecdh-sha2-nistp521,diffie-hellman-group14-sha256,diffie-hellman-group14-sha1,ext-info-c;aes128-gcm@openssh.com,aes256-gcm@openssh.com,chacha20-poly1305@openssh.com,aes128-ctr,aes192-ctr,aes256-ctr;hmac-sha2-256-etm@openssh.com,hmac-sha2-256,hmac-sha1,hmac-sha1-96;none",curve25519-sha256;curve25519-sha256@libssh.org;ecdh-sha2-nistp256;ecdh-sha2-nistp384;ecdh-sha2-nistp521;diffie-hellman-group14-sha256;diffie-hellman-group14-sha1;ext-info-c,rsa-sha2-512-cert-v01@openssh.com;rsa-sha2-256-cert-v01@openssh.com;ssh-rsa-cert-v01@openssh.com;ssh-dss-cert-v01@openssh.com;ecdsa-sha2-nistp256-cert-v01@openssh.com;ecdsa-sha2-nistp384-cert-v01@openssh.com;ecdsa-sha2-nistp521-cert-v01@openssh.com;ssh-ed25519-cert-v01@openssh.com;ecdsa-sha2-nistp256;ecdsa-sha2-nistp384;ecdsa-sha2-nistp521;rsa-sha2-512;rsa-sha2-256;ssh-rsa;ssh-dss;ssh-ed25519,aes128-gcm@openssh.com;aes256-gcm@openssh.com;chacha20-poly1305@openssh.com;aes128-ctr;aes192-ctr;aes256-ctr,hmac-sha2-256-etm@openssh.com;hmac-sha2-256;hmac-sha1;hmac-sha1-96,none,,SSH-2.0-Go,301
19532158b559096b89b1a5f7d17175b2,"curve25519-sha256,curve25519-sha256@libssh.org,ecdh-sha2-nistp256,ecdh-sha2-nistp384,ecdh-sha2-nistp521,diffie-hellman-group-exchange-sha256,diffie-hellman-group16-sha512,diffie-hellman-group18-sha512,diffie-hellman-group14-sha256,diffie-hellman-group14-sha1,diffie-hellman-group1-sha1,diffie-hellman-group-exchange-sha1,ext-info-c,kex-strict-c-v00@openssh.com;chacha20-poly1305@openssh.com,aes256-gcm@openssh.com,aes128-gcm@openssh.com,aes256-ctr,aes192-ctr,aes128-ctr,aes256-cbc,rijndael-cbc@lysator.liu.se,aes192-cbc,aes128-cbc,arcfour128,arcfour,3des-cbc;hmac-sha2-256,hmac-sha2-256-etm@openssh.com,hmac-sha2-512,hmac-sha2-512-etm@openssh.com,hmac-sha1,hmac-sha1-etm@openssh.com,hmac-sha1-96,hmac-md5,hmac-md5-96;none",curve25519-sha256;curve25519-sha256@libssh.org;ecdh-sha2-nistp256;ecdh-sha2-nistp384;ecdh-sha2-nistp521;diffie-hellman-group-exchange-sha256;diffie-hellman-group16-sha512;diffie-hellman-group18-sha512;diffie-hellman-group14-sha256;diffie-hellman-group14-sha1;diffie-hellman-group1-sha1;diffie-hellman-group-exchange-sha1;ext-info-c;kex-strict-c-v00@openssh.com,ecdsa-sha2-nistp256;ecdsa-sha2-nistp384;ecdsa-sha2-nistp521;ecdsa-sha2-nistp256-cert-v01@openssh.com;ecdsa-sha2-nistp384-cert-v01@openssh.com;ecdsa-sha2-nistp521-cert-v01@openssh.com;ssh-ed25519;ssh-ed25519-cert-v01@openssh.com;rsa-sha2-512;rsa-sha2-256;rsa-sha2-512-cert-v01@openssh.com;rsa-sha2-256-cert-v01@openssh.com;ssh-rsa;ssh-rsa-cert-v01@openssh.com,chacha20-poly1305@openssh.com;aes256-gcm@openssh.com;aes128-gcm@openssh.com;aes256-ctr;aes192-ctr;aes128-ctr;aes256-cbc;rijndael-cbc@lysator.liu.se;aes192-cbc;aes128-cbc;arcfour128;arcfour;3des-cbc,hmac-sha2-256;hmac-sha2-256-etm@openssh.com;hmac-sha2-512;hmac-sha2-512-etm@openssh.com;hmac-sha1;hmac-sha1-etm@openssh.com;hmac-sha1-96;hmac-md5;hmac-md5-96,none,,SSH-2.0-libssh2_1.11.1,298
92674389fa1e47a27ddd8d9b63ecd42b,"diffie-hellman-group14-sha1,diffie-hellman-group-exchange-sha1,diffie-hellman-group1-sha1;aes128-ctr,aes192-ctr,aes256-ctr,aes256-cbc,rijndael-cbc@lysator.liu.se,aes192-cbc,aes128-cbc,blowfish-cbc,arcfour128,arcfour,cast128-cbc,3des-cbc;hmac-sha1,hmac-sha1-96,hmac-md5,hmac-md5-96,hmac-ripemd160,hmac-ripemd160@openssh.com;none",diffie-hellman-group14-sha1;diffie-hellman-group-exchange-sha1;diffie-hellman-group1-sha1,ssh-rsa;ssh-dss,aes128-ctr;aes192-ctr;aes256-ctr;aes256-cbc;rijndael-cbc@lysator.liu.se;aes192-cbc;aes128-cbc;blowfish-cbc;arcfour128;arcfour;cast128-cbc;3des-cbc,hmac-sha1;hmac-sha1-96;hmac-md5;hmac-md5-96;hmac-ripemd160;hmac-ripemd160@openssh.com,none,,SSH-2.0-libssh2_1.4.3,277
98ddc5604ef6a1006a2b49a58759fbe6,"curve25519-sha256@libssh.org,ecdh-sha2-nistp256,ecdh-sha2-nistp384,ecdh-sha2-nistp521,diffie-hellman-group14-sha1;aes128-gcm@openssh.com,chacha20-poly1305@openssh.com,aes128-ctr,aes192-ctr,aes256-ctr;hmac-sha2-256-etm@openssh.com,hmac-sha2-256,hmac-sha1,hmac-sha1-96;none",curve25519-sha256@libssh.org;ecdh-sha2-nistp256;ecdh-sha2-nistp384;ecdh-sha2-nistp521;diffie-hellman-group14-sha1,rsa-sha2-512-cert-v01@openssh.com;rsa-sha2-256-cert-v01@openssh.com;ssh-rsa-cert-v01@openssh.com;ssh-dss-cert-v01@openssh.com;ecdsa-sha2-nistp256-cert-v01@openssh.com;ecdsa-sha2-nistp384-cert-v01@openssh.com;ecdsa-sha2-nistp521-cert-v01@openssh.com;ssh-ed25519-cert-v01@openssh.com;ecdsa-sha2-nistp256;ecdsa-sha2-nistp384;ecdsa-sha2-nistp521;rsa-sha2-512;rsa-sha2-256;ssh-rsa;ssh-dss;ssh-ed25519,aes128-gcm@openssh.com;chacha20-poly1305@openssh.com;aes128-ctr;aes192-ctr;aes256-ctr,hmac-sha2-256-etm@openssh.com;hmac-sha2-256;hmac-sha1;hmac-sha1-96,none,,SSH-2.0-Go,249
873a5fb5fedc2d4f8638ebde4abc6cfc,"curve25519-sha256@libssh.org,ecdh-sha2-nistp256,ecdh-sha2-nistp384,ecdh-sha2-nistp521,diffie-hellman-group14-sha1,diffie-hellman-group1-sha1,curve25519-sha256@libssh.org,ecdh-sha2-nistp256,ecdh-sha2-nistp384,ecdh-sha2-nistp521,diffie-hellman-group14-sha1,diffie-hellman-group1-sha1,diffie-hellman-group-exchange-sha256;aes128-ctr,aes192-ctr,aes256-ctr,aes128-gcm@openssh.com,arcfour256,arcfour128,aes128-ctr,aes192-ctr,aes256-ctr,aes128-gcm@openssh.com,arcfour256,arcfour128,aes128-cbc,3des-cbc;hmac-sha2-256,hmac-sha1,hmac-sha1-96;none",curve25519-sha256@libssh.org;ecdh-sha2-nistp256;ecdh-sha2-nistp384;ecdh-sha2-nistp521;diffie-hellman-group14-sha1;diffie-hellman-group1-sha1;curve25519-sha256@libssh.org;ecdh-sha2-nistp256;ecdh-sha2-nistp384;ecdh-sha2-nistp521;diffie-hellman-group14-sha1;diffie-hellman-group1-sha1;diffie-hellman-group-exchange-sha256,ssh-rsa-cert-v01@openssh.com;ssh-dss-cert-v01@openssh.com;ecdsa-sha2-nistp256-cert-v01@openssh.com;ecdsa-sha2-nistp384-cert-v01@openssh.com;ecdsa-sha2-nistp521-cert-v01@openssh.com;ssh-ed25519-cert-v01@openssh.com;ecdsa-sha2-nistp256;ecdsa-sha2-nistp384;ecdsa-sha2-nistp521;ssh-rsa;ssh-dss;ssh-ed25519;ssh-rsa-cert-v01@openssh.com;ssh-dss-cert-v01@openssh.com;ecdsa-sha2-nistp256-cert-v01@openssh.com;ecdsa-sha2-nistp384-cert-v01@openssh.com;ecdsa-sha2-nistp521-cert-v01@openssh.com;ssh-ed25519-cert-v01@openssh.com;ecdsa-sha2-nistp256;ecdsa-sha2-nistp384;ecdsa-sha2-nistp521;ssh-rsa;ssh-dss;ssh-ed25519,aes128-ctr;aes192-ctr;aes256-ctr;aes128-gcm@openssh.com;arcfour256;arcfour128;aes128-ctr;aes192-ctr;aes256-ctr;aes128-gcm@openssh.com;arcfour256;arcfour128;aes128-cbc;3des-cbc,hmac-sha2-256;hmac-sha1;hmac-sha1-96,none,,SSH-2.0-Go,209
713bd9cc935561939c02dad25af2d3de,"curve25519-sha256,curve25519-sha256@libssh.org,ecdh-sha2-nistp256,ecdh-sha2-nistp384,ecdh-sha2-nistp521,diffie-hellman-group-exchange-sha256,diffie-hellman-group14-sha256,diffie-hellman-group16-sha512,diffie-hellman-group18-sha512,diffie-hellman-group-exchange-sha1,diffie-hellman-group14-sha1,diffie-hellman-group1-sha1,ext-info-c,kex-strict-c-v00@openssh.com;aes256-gcm@openssh.com,chacha20-poly1305@openssh.com,aes256-ctr,aes256-cbc,aes128-gcm@openssh.com,aes128-ctr,aes128-cbc;hmac-sha2-256-etm@openssh.com,hmac-sha1-etm@openssh.com,hmac-sha2-512-etm@openssh.com,hmac-sha2-256,hmac-sha1,hmac-sha2-512;none,zlib@openssh.com",curve25519-sha256;curve25519-sha256@libssh.org;ecdh-sha2-nistp256;ecdh-sha2-nistp384;ecdh-sha2-nistp521;diffie-hellman-group-exchange-sha256;diffie-hellman-group14-sha256;diffie-hellman-group16-sha512;diffie-hellman-group18-sha512;diffie-hellman-group-exchange-sha1;diffie-hellman-group14-sha1;diffie-hellman-group1-sha1;ext-info-c;kex-strict-c-v00@openssh.com,ssh-ed25519;ecdsa-sha2-nistp521;ecdsa-sha2-nistp384;ecdsa-sha2-nistp256;sk-ssh-ed25519@openssh.com;sk-ecdsa-sha2-nistp256@openssh.com;rsa-sha2-512;rsa-sha2-256,aes256-gcm@openssh.com;chacha20-poly1305@openssh.com;aes256-ctr;aes256-cbc;aes128-gcm@openssh.com;aes128-ctr;aes128-cbc,hmac-sha2-256-etm@openssh.com;hmac-sha1-etm@openssh.com;hmac-sha2-512-etm@openssh.com;hmac-sha2-256;hmac-sha1;hmac-sha2-512,none;zlib@openssh.com,,SSH-2.0-libssh_0.11.1,200
9052c4ab4164c78256e71143dcfc7eac,"curve25519-sha256,curve25519-sha256@libssh.org,ecdh-sha2-nistp256,ecdh-sha2-nistp384,ecdh-sha2-nistp521,diffie-hellman-group14-sha256,diffie-hellman-group14-sha1,diffie-hellman-group1-sha1,curve25519-sha256,curve25519-sha256@libssh.org,ecdh-sha2-nistp256,ecdh-sha2-nistp384,ecdh-sha2-nistp521,diffie-hellman-group14-sha256,diffie-hellman-group14-sha1,diffie-hellman-group1-sha1,ext-info-c;aes128-ctr,aes192-ctr,aes256-ctr,aes128-gcm@openssh.com,aes256-gcm@openssh.com,chacha20-poly1305@openssh.com,arcfour256,arcfour128,arcfour,aes128-cbc,3des-cbc,aes128-ctr,aes192-ctr,aes256-ctr,aes128-gcm@openssh.com,aes256-gcm@openssh.com,chacha20-poly1305@openssh.com,arcfour256,arcfour128,arcfour,aes128-cbc,3des-cbc;hmac-sha2-256-etm@openssh.com,hmac-sha2-256,hmac-sha1,hmac-sha1-96;none",curve25519-sha256;curve25519-sha256@libssh.org;ecdh-sha2-nistp256;ecdh-sha2-nistp384;ecdh-sha2-nistp521;diffie-hellman-group14-sha256;diffie-hellman-group14-sha1;diffie-hellman-group1-sha1;curve25519-sha256;curve25519-sha256@libssh.org;ecdh-sha2-nistp256;ecdh-sha2-nistp384;ecdh-sha2-nistp521;diffie-hellman-group14-sha256;diffie-hellman-group14-sha1;diffie-hellman-group1-sha1;ext-info-c,rsa-sha2-512-cert-v01@openssh.com;rsa-sha2-256-cert-v01@openssh.com;ssh-rsa-cert-v01@openssh.com;ssh-dss-cert-v01@openssh.com;ecdsa-sha2-nistp256-cert-v01@openssh.com;ecdsa-sha2-nistp384-cert-v01@openssh.com;ecdsa-sha2-nistp521-cert-v01@openssh.com;ssh-ed25519-cert-v01@openssh.com;ecdsa-sha2-nistp256;ecdsa-sha2-nistp384;ecdsa-sha2-nistp521;rsa-sha2-512;rsa-sha2-256;ssh-rsa;ssh-dss;ssh-ed25519;rsa-sha2-512-cert-v01@openssh.com;rsa-sha2-256-cert-v01@openssh.com;ssh-rsa-cert-v01@openssh.com;ssh-dss-cert-v01@openssh.com;ecdsa-sha2-nistp256-cert-v01@openssh.com;ecdsa-sha2-nistp384-cert-v01@openssh.com;ecdsa-sha2-nistp521-cert-v01@openssh.com;ssh-ed25519-cert-v01@openssh.com;ecdsa-sha2-nistp256;ecdsa-sha2-nistp384;ecdsa-sha2-nistp521;rsa-sha2-512;rsa-sha2-256;ssh-rsa;ssh-dss;ssh-ed25519,aes128-ctr;aes192-ctr;aes256-ctr;aes128-gcm@openssh.com;aes256-gcm@openssh.com;chacha20-poly1305@openssh.com;arcfour256;arcfour128;arcfour;aes128-cbc;3des-cbc;aes128-ctr;aes192-ctr;aes256-ctr;aes128-gcm@openssh.com;aes256-gcm@openssh.com;chacha20-poly1305@openssh.com;arcfour256;arcfour128;arcfour;aes128-cbc;3des-cbc,hmac-sha2-256-etm@openssh.com;hmac-sha2-256;hmac-sha1;hmac-sha1-96,none,,SSH-2.0-Go,198
183e94924b62948be8d325ef8e16c6d1,"mlkem768x25519-sha256,curve25519-sha256,curve25519-sha256@libssh.org,ecdh-sha2-nistp256,ecdh-sha2-nistp384,ecdh-sha2-nistp521,diffie-hellman-group14-sha256,diffie-hellman-group14-sha1,ext-info-c,kex-strict-c-v00@openssh.com;aes128-ctr,aes128-gcm@openssh.com;hmac-sha2-256;none",mlkem768x25519-sha256;curve25519-sha256;curve25519-sha256@libssh.org;ecdh-sha2-nistp256;ecdh-sha2-nistp384;ecdh-sha2-nistp521;diffie-hellman-group14-sha256;diffie-hellman-group14-sha1;ext-info-c;kex-strict-c-v00@openssh.com,rsa-sha2-256-cert-v01@openssh.com;rsa-sha2-512-cert-v01@openssh.com;ssh-rsa-cert-v01@openssh.com;ssh-dss-cert-v01@openssh.com;ecdsa-sha2-nistp256-cert-v01@openssh.com;ecdsa-sha2-nistp384-cert-v01@openssh.com;ecdsa-sha2-nistp521-cert-v01@openssh.com;ssh-ed25519-cert-v01@openssh.com;ecdsa-sha2-nistp256;ecdsa-sha2-nistp384;ecdsa-sha2-nistp521;rsa-sha2-256;rsa-sha2-512;ssh-rsa;ssh-dss;ssh-ed25519,aes128-ctr;aes128-gcm@openssh.com,hmac-sha2-256,none,,SSH-2.0-OpenSSH_7.6p1 Ubuntu-4ubuntu0.7,152
6372ee6957562199b2fb773b0be1bf34,"curve25519-sha256@libssh.org,ecdh-sha2-nistp256,ecdh-sha2-nistp384,ecdh-sha2-nistp521,diffie-hellman-group16-sha512,diffie-hellman-group-exchange-sha256,diffie-hellman-group14-sha256,ext-info-c,kex-strict-c-v00@openssh.com;aes128-ctr,aes192-ctr,aes256-ctr,aes128-cbc,aes192-cbc,aes256-cbc,3des-cbc,aes128-gcm@openssh.com,aes256-gcm@openssh.com;hmac-sha2-256,hmac-sha2-512,hmac-sha2-256-etm@openssh.com,hmac-sha2-512-etm@openssh.com,hmac-sha1,hmac-md5,hmac-sha1-96,hmac-md5-96;none",curve25519-sha256@libssh.org;ecdh-sha2-nistp256;ecdh-sha2-nistp384;ecdh-sha2-nistp521;diffie-hellman-group16-sha512;diffie-hellman-group-exchange-sha256;diffie-hellman-group14-sha256;ext-info-c;kex-strict-c-v00@openssh.com,ssh-ed25519;ecdsa-sha2-nistp256;ecdsa-sha2-nistp384;ecdsa-sha2-nistp521;rsa-sha2-512;rsa-sha2-256;ssh-ed25519-cert-v01@openssh.com;ecdsa-sha2-nistp256-cert-v01@openssh.com;ecdsa-sha2-nistp384-cert-v01@openssh.com;ecdsa-sha2-nistp521-cert-v01@openssh.com;rsa-sha2-512-cert-v01@openssh.com;rsa-sha2-256-cert-v01@openssh.com,aes128-ctr;aes192-ctr;aes256-ctr;aes128-cbc;aes192-cbc;aes256-cbc;3des-cbc;aes128-gcm@openssh.com;aes256-gcm@openssh.com,hmac-sha2-256;hmac-sha2-512;hmac-sha2-256-etm@openssh.com;hmac-sha2-512-etm@openssh.com;hmac-sha1;hmac-md5;hmac-sha1-96;hmac-md5-96,none,,SSH-2.0-paramiko_5.0.0,146
f45fb203c31069bb280067b71ed92ccb,"ecdh-sha2-nistp256,ecdh-sha2-nistp384,ecdh-sha2-nistp521,diffie-hellman-group-exchange-sha256,diffie-hellman-group16-sha512,diffie-hellman-group18-sha512,diffie-hellman-group14-sha256,diffie-hellman-group14-sha1,diffie-hellman-group1-sha1,diffie-hellman-group-exchange-sha1,ext-info-c,kex-strict-c-v00@openssh.com;chacha20-poly1305@openssh.com,aes256-ctr,aes192-ctr,aes128-ctr,aes256-cbc,rijndael-cbc@lysator.liu.se,aes192-cbc,aes128-cbc,blowfish-cbc,arcfour128,arcfour,cast128-cbc,3des-cbc;hmac-sha2-256,hmac-sha2-256-etm@openssh.com,hmac-sha2-512,hmac-sha2-512-etm@openssh.com,hmac-sha1,hmac-sha1-etm@openssh.com,hmac-sha1-96,hmac-md5,hmac-md5-96,hmac-ripemd160,hmac-ripemd160@openssh.com;none",ecdh-sha2-nistp256;ecdh-sha2-nistp384;ecdh-sha2-nistp521;diffie-hellman-group-exchange-sha256;diffie-hellman-group16-sha512;diffie-hellman-group18-sha512;diffie-hellman-group14-sha256;diffie-hellman-group14-sha1;diffie-hellman-group1-sha1;diffie-hellman-group-exchange-sha1;ext-info-c;kex-strict-c-v00@openssh.com,ecdsa-sha2-nistp256;ecdsa-sha2-nistp384;ecdsa-sha2-nistp521;ecdsa-sha2-nistp256-cert-v01@openssh.com;ecdsa-sha2-nistp384-cert-v01@openssh.com;ecdsa-sha2-nistp521-cert-v01@openssh.com;rsa-sha2-512;rsa-sha2-256;rsa-sha2-512-cert-v01@openssh.com;rsa-sha2-256-cert-v01@openssh.com;ssh-rsa;ssh-rsa-cert-v01@openssh.com,chacha20-poly1305@openssh.com;aes256-ctr;aes192-ctr;aes128-ctr;aes256-cbc;rijndael-cbc@lysator.liu.se;aes192-cbc;aes128-cbc;blowfish-cbc;arcfour128;arcfour;cast128-cbc;3des-cbc,hmac-sha2-256;hmac-sha2-256-etm@openssh.com;hmac-sha2-512;hmac-sha2-512-etm@openssh.com;hmac-sha1;hmac-sha1-etm@openssh.com;hmac-sha1-96;hmac-md5;hmac-md5-96;hmac-ripemd160;hmac-ripemd160@openssh.com,none,,SSH-2.0-libssh2_1.11.1,145
7216c7c473918b4f83d1139b3c70dbf9,"curve25519-sha256@libssh.org,ecdh-sha2-nistp256,ecdh-sha2-nistp384,ecdh-sha2-nistp521,diffie-hellman-group14-sha1,diffie-hellman-group1-sha1,curve25519-sha256@libssh.org,ecdh-sha2-nistp256,ecdh-sha2-nistp384,ecdh-sha2-nistp521,diffie-hellman-group14-sha1,diffie-hellman-group1-sha1,diffie-hellman-group-exchange-sha256,diffie-hellman-group-exchange-sha1;aes128-ctr,aes192-ctr,aes256-ctr,aes128-gcm@openssh.com,arcfour256,arcfour128,aes128-ctr,aes192-ctr,aes256-ctr,aes128-gcm@openssh.com,arcfour256,arcfour128,aes128-cbc,3des-cbc,arcfour;hmac-sha2-256,hmac-sha1,hmac-sha1-96;none",curve25519-sha256@libssh.org;ecdh-sha2-nistp256;ecdh-sha2-nistp384;ecdh-sha2-nistp521;diffie-hellman-group14-sha1;diffie-hellman-group1-sha1;curve25519-sha256@libssh.org;ecdh-sha2-nistp256;ecdh-sha2-nistp384;ecdh-sha2-nistp521;diffie-hellman-group14-sha1;diffie-hellman-group1-sha1;diffie-hellman-group-exchange-sha256;diffie-hellman-group-exchange-sha1,ssh-rsa-cert-v01@openssh.com;ssh-dss-cert-v01@openssh.com;ecdsa-sha2-nistp256-cert-v01@openssh.com;ecdsa-sha2-nistp384-cert-v01@openssh.com;ecdsa-sha2-nistp521-cert-v01@openssh.com;ssh-ed25519-cert-v01@openssh.com;ecdsa-sha2-nistp256;ecdsa-sha2-nistp384;ecdsa-sha2-nistp521;ssh-rsa;ssh-dss;ssh-ed25519;ssh-rsa-cert-v01@openssh.com;ssh-dss-cert-v01@openssh.com;ecdsa-sha2-nistp256-cert-v01@openssh.com;ecdsa-sha2-nistp384-cert-v01@openssh.com;ecdsa-sha2-nistp521-cert-v01@openssh.com;ssh-ed25519-cert-v01@openssh.com;ecdsa-sha2-nistp256;ecdsa-sha2-nistp384;ecdsa-sha2-nistp521;ssh-rsa;ssh-dss;ssh-ed25519,aes128-ctr;aes192-ctr;aes256-ctr;aes128-gcm@openssh.com;arcfour256;arcfour128;aes128-ctr;aes192-ctr;aes256-ctr;aes128-gcm@openssh.com;arcfour256;arcfour128;aes128-cbc;3des-cbc;arcfour,hmac-sha2-256;hmac-sha1;hmac-sha1-96,none,,SSH-2.0-Go,141
718b909092731bdef4a7e9cc82fa985a,"mlkem768x25519-sha256,curve25519-sha256,curve25519-sha256@libssh.org,ecdh-sha2-nistp256,ecdh-sha2-nistp384,ecdh-sha2-nistp521,diffie-hellman-group14-sha256,diffie-hellman-group14-sha1,ext-info-c,kex-strict-c-v00@openssh.com;aes128-ctr,aes192-ctr,aes256-ctr,aes128-gcm@openssh.com,arcfour256,arcfour128;hmac-sha2-256-etm@openssh.com,hmac-sha2-512-etm@openssh.com,hmac-sha2-256,hmac-sha2-512,hmac-sha1,hmac-sha1-96;none",mlkem768x25519-sha256;curve25519-sha256;curve25519-sha256@libssh.org;ecdh-sha2-nistp256;ecdh-sha2-nistp384;ecdh-sha2-nistp521;diffie-hellman-group14-sha256;diffie-hellman-group14-sha1;ext-info-c;kex-strict-c-v00@openssh.com,rsa-sha2-256-cert-v01@openssh.com;rsa-sha2-512-cert-v01@openssh.com;ssh-rsa-cert-v01@openssh.com;ssh-dss-cert-v01@openssh.com;ecdsa-sha2-nistp256-cert-v01@openssh.com;ecdsa-sha2-nistp384-cert-v01@openssh.com;ecdsa-sha2-nistp521-cert-v01@openssh.com;ssh-ed25519-cert-v01@openssh.com;ecdsa-sha2-nistp256;ecdsa-sha2-nistp384;ecdsa-sha2-nistp521;rsa-sha2-256;rsa-sha2-512;ssh-rsa;ssh-dss;ssh-ed25519,aes128-ctr;aes192-ctr;aes256-ctr;aes128-gcm@openssh.com;arcfour256;arcfour128,hmac-sha2-256-etm@openssh.com;hmac-sha2-512-etm@openssh.com;hmac-sha2-256;hmac-sha2-512;hmac-sha1;hmac-sha1-96,none,,SSH-2.0-Go,139
bc9e7273cde22b1209d6673b5fd10bd5,"curve25519-sha256@libssh.org,ecdh-sha2-nistp256,ecdh-sha2-nistp384,ecdh-sha2-nistp521,diffie-hellman-group14-sha1,diffie-hellman-group1-sha1,diffie-hellman-group-exchange-sha1,diffie-hellman-group-exchange-sha256;aes128-ctr,aes192-ctr,aes256-ctr,aes128-gcm@openssh.com,arcfour256,arcfour128,arcfour,aes128-cbc,3des-cbc;hmac-sha2-256-etm@openssh.com,hmac-sha2-512-etm@openssh.com,hmac-sha2-256,hmac-sha2-512,hmac-sha1,hmac-sha1-96;none",curve25519-sha256@libssh.org;ecdh-sha2-nistp256;ecdh-sha2-nistp384;ecdh-sha2-nistp521;diffie-hellman-group14-sha1;diffie-hellman-group1-sha1;diffie-hellman-group-exchange-sha1;diffie-hellman-group-exchange-sha256,ssh-rsa-cert-v01@openssh.com;ssh-dss-cert-v01@openssh.com;ecdsa-sha2-nistp256-cert-v01@openssh.com;ecdsa-sha2-nistp384-cert-v01@openssh.com;ecdsa-sha2-nistp521-cert-v01@openssh.com;ssh-ed25519-cert-v01@openssh.com;ecdsa-sha2-nistp256;ecdsa-sha2-nistp384;ecdsa-sha2-nistp521;ssh-rsa;ssh-dss;ssh-ed25519,aes128-ctr;aes192-ctr;aes256-ctr;aes128-gcm@openssh.com;arcfour256;arcfour128;arcfour;aes128-cbc;3des-cbc,hmac-sha2-256-etm@openssh.com;hmac-sha2-512-etm@openssh.com;hmac-sha2-256;hmac-sha2-512;hmac-sha1;hmac-sha1-96,none,,SSH-2.0-OpenSSH_9.6p1 Ubuntu-3ubuntu13.8,136
7d98a1f3b2ced8dc56a19709a6c59fc3,"diffie-hellman-group-exchange-sha1,curve25519-sha256,curve25519-sha256@libssh.org,ecdh-sha2-nistp256,ecdh-sha2-nistp384,ecdh-sha2-nistp521,diffie-hellman-group18-sha512,diffie-hellman-group16-sha512,diffie-hellman-group-exchange-sha256,diffie-hellman-group14-sha256,diffie-hellman-group14-sha1,diffie-hellman-group1-sha1,ext-info-c,kex-strict-c-v00@openssh.com;chacha20-poly1305@openssh.com,aes256-gcm@openssh.com,aes128-gcm@openssh.com,aes256-ctr,aes192-ctr,aes128-ctr,aes256-cbc,aes192-cbc,aes128-cbc,blowfish-cbc,3des-cbc;hmac-sha2-256-etm@openssh.com,hmac-sha2-512-etm@openssh.com,hmac-sha1-etm@openssh.com,hmac-sha2-256,hmac-sha2-512,hmac-sha1;none,zlib@openssh.com,zlib",diffie-hellman-group-exchange-sha1;curve25519-sha256;curve25519-sha256@libssh.org;ecdh-sha2-nistp256;ecdh-sha2-nistp384;ecdh-sha2-nistp521;diffie-hellman-group18-sha512;diffie-hellman-group16-sha512;diffie-hellman-group-exchange-sha256;diffie-hellman-group14-sha256;diffie-hellman-group14-sha1;diffie-hellman-group1-sha1;ext-info-c;kex-strict-c-v00@openssh.com,ssh-ed25519;ecdsa-sha2-nistp521;ecdsa-sha2-nistp384;ecdsa-sha2-nistp256;sk-ssh-ed25519@openssh.com;sk-ecdsa-sha2-nistp256@openssh.com;rsa-sha2-512;rsa-sha2-256;ssh-rsa,chacha20-poly1305@openssh.com;aes256-gcm@openssh.com;aes128-gcm@openssh.com;aes256-ctr;aes192-ctr;aes128-ctr;aes256-cbc;aes192-cbc;aes128-cbc;blowfish-cbc;3des-cbc,hmac-sha2-256-etm@openssh.com;hmac-sha2-512-etm@openssh.com;hmac-sha1-etm@openssh.com;hmac-sha2-256;hmac-sha2-512;hmac-sha1,none;zlib@openssh.com;zlib,,SSH-2.0-libssh_0.11.4,129
dde267e50f82fcc16a7e1e7b59b8af71,"diffie-hellman-group-exchange-sha256,diffie-hellman-group-exchange-sha1,diffie-hellman-group1-sha1,diffie-hellman-group14-sha1,diffie-hellman-group14-sha256,ecdh-sha2-nistp256,ecdh-sha2-nistp384,ecdh-sha2-nistp521,curve25519-sha256@libssh.org,curve25519-sha256,ext-info-c;aes128-ctr,aes192-ctr,aes256-ctr,aes128-gcm@openssh.com,chacha20-poly1305@openssh.com,arcfour256,arcfour128,arcfour,aes128-cbc,3des-cbc;hmac-sha2-256-etm@openssh.com,hmac-sha2-256,hmac-sha1,hmac-sha1-96;none",diffie-hellman-group-exchange-sha256;diffie-hellman-group-exchange-sha1;diffie-hellman-group1-sha1;diffie-hellman-group14-sha1;diffie-hellman-group14-sha256;ecdh-sha2-nistp256;ecdh-sha2-nistp384;ecdh-sha2-nistp521;curve25519-sha256@libssh.org;curve25519-sha256;ext-info-c,rsa-sha2-512-cert-v01@openssh.com;rsa-sha2-256-cert-v01@openssh.com;ssh-rsa-cert-v01@openssh.com;ssh-dss-cert-v01@openssh.com;ecdsa-sha2-nistp256-cert-v01@openssh.com;ecdsa-sha2-nistp384-cert-v01@openssh.com;ecdsa-sha2-nistp521-cert-v01@openssh.com;ssh-ed25519-cert-v01@openssh.com;ecdsa-sha2-nistp256;ecdsa-sha2-nistp384;ecdsa-sha2-nistp521;rsa-sha2-512;rsa-sha2-256;ssh-rsa;ssh-dss;ssh-ed25519,aes128-ctr;aes192-ctr;aes256-ctr;aes128-gcm@openssh.com;chacha20-poly1305@openssh.com;arcfour256;arcfour128;arcfour;aes128-cbc;3des-cbc,hmac-sha2-256-etm@openssh.com;hmac-sha2-256;hmac-sha1;hmac-sha1-96,none,,SSH-2.0-Go,123
8553d1d88514650a5a38b12a50ec72df,"curve25519-sha256@libssh.org,ecdh-sha2-nistp256,ext-info-c,kex-strict-c-v00@openssh.com;aes128-ctr,aes128-gcm@openssh.com,chacha20-poly1305@openssh.com;hmac-sha2-256-etm@openssh.com,hmac-sha2-512-etm@openssh.com,hmac-sha2-256,hmac-sha2-512,hmac-sha1,hmac-sha1-96;none",curve25519-sha256@libssh.org;ecdh-sha2-nistp256;ext-info-c;kex-strict-c-v00@openssh.com,rsa-sha2-256-cert-v01@openssh.com;rsa-sha2-512-cert-v01@openssh.com;ssh-rsa-cert-v01@openssh.com;ssh-dss-cert-v01@openssh.com;ecdsa-sha2-nistp256-cert-v01@openssh.com;ecdsa-sha2-nistp384-cert-v01@openssh.com;ecdsa-sha2-nistp521-cert-v01@openssh.com;ssh-ed25519-cert-v01@openssh.com;ecdsa-sha2-nistp256;ecdsa-sha2-nistp384;ecdsa-sha2-nistp521;rsa-sha2-256;rsa-sha2-512;ssh-rsa;ssh-dss;ssh-ed25519,aes128-ctr;aes128-gcm@openssh.com;chacha20-poly1305@openssh.com,hmac-sha2-256-etm@openssh.com;hmac-sha2-512-etm@openssh.com;hmac-sha2-256;hmac-sha2-512;hmac-sha1;hmac-sha1-96,none,,SSH-2.0-Go,123
671d9362bd477ace5bb43c7d918ff666,"curve25519-sha256,curve25519-sha256@libssh.org,ecdh-sha2-nistp256,ecdh-sha2-nistp384,ecdh-sha2-nistp521,diffie-hellman-group14-sha256,diffie-hellman-group14-sha1,ext-info-c,kex-strict-c-v00@openssh.com;aes128-ctr,aes128-gcm@openssh.com;hmac-sha2-256-etm@openssh.com,hmac-sha2-512-etm@openssh.com,hmac-sha2-256,hmac-sha2-512,hmac-sha1,hmac-sha1-96;none",curve25519-sha256;curve25519-sha256@libssh.org;ecdh-sha2-nistp256;ecdh-sha2-nistp384;ecdh-sha2-nistp521;diffie-hellman-group14-sha256;diffie-hellman-group14-sha1;ext-info-c;kex-strict-c-v00@openssh.com,rsa-sha2-256-cert-v01@openssh.com;rsa-sha2-512-cert-v01@openssh.com;ssh-rsa-cert-v01@openssh.com;ssh-dss-cert-v01@openssh.com;ecdsa-sha2-nistp256-cert-v01@openssh.com;ecdsa-sha2-nistp384-cert-v01@openssh.com;ecdsa-sha2-nistp521-cert-v01@openssh.com;ssh-ed25519-cert-v01@openssh.com;ecdsa-sha2-nistp256;ecdsa-sha2-nistp384;ecdsa-sha2-nistp521;rsa-sha2-256;rsa-sha2-512;ssh-rsa;ssh-dss;ssh-ed25519,aes128-ctr;aes128-gcm@openssh.com,hmac-sha2-256-etm@openssh.com;hmac-sha2-512-etm@openssh.com;hmac-sha2-256;hmac-sha2-512;hmac-sha1;hmac-sha1-96,none,,SSH-2.0-Go,120
195e6691752c6042df663c15d2f68972,"diffie-hellman-group1-sha1;aes128-cbc,blowfish-cbc,3des-cbc;hmac-sha1;none",diffie-hellman-group1-sha1,ssh-dss;ssh-rsa,aes128-cbc;blowfish-cbc;3des-cbc,hmac-sha1,none,,SSH-2.0-Granados-1.0,111
bc3aee897af7d3feb9fc37b89c7d15c9,"curve25519-sha256,ecdh-sha2-nistp256,ecdh-sha2-nistp384,ecdh-sha2-nistp521,diffie-hellman-group14-sha1,diffie-hellman-group1-sha1,diffie-hellman-group-exchange-sha1,diffie-hellman-group-exchange-sha256,curve25519-sha256,ecdh-sha2-nistp256,ecdh-sha2-nistp384,ecdh-sha2-nistp521,diffie-hellman-group14-sha1,diffie-hellman-group1-sha1,diffie-hellman-group-exchange-sha1,diffie-hellman-group-exchange-sha256,ext-info-c;aes128-ctr,aes192-ctr,aes256-ctr,aes128-gcm@openssh.com,arcfour256,arcfour128,arcfour,aes128-cbc,3des-cbc,aes128-ctr,aes192-ctr,aes256-ctr,aes128-gcm@openssh.com,arcfour256,arcfour128,arcfour,aes128-cbc,3des-cbc;hmac-sha2-256-etm@openssh.com,hmac-sha2-256,hmac-sha1,hmac-sha1-96;none",curve25519-sha256;ecdh-sha2-nistp256;ecdh-sha2-nistp384;ecdh-sha2-nistp521;diffie-hellman-group14-sha1;diffie-hellman-group1-sha1;diffie-hellman-group-exchange-sha1;diffie-hellman-group-exchange-sha256;curve25519-sha256;ecdh-sha2-nistp256;ecdh-sha2-nistp384;ecdh-sha2-nistp521;diffie-hellman-group14-sha1;diffie-hellman-group1-sha1;diffie-hellman-group-exchange-sha1;diffie-hellman-group-exchange-sha256;ext-info-c,rsa-sha2-512-cert-v01@openssh.com;rsa-sha2-256-cert-v01@openssh.com;ssh-rsa-cert-v01@openssh.com;ssh-dss-cert-v01@openssh.com;ecdsa-sha2-nistp256-cert-v01@openssh.com;ecdsa-sha2-nistp384-cert-v01@openssh.com;ecdsa-sha2-nistp521-cert-v01@openssh.com;ssh-ed25519-cert-v01@openssh.com;ecdsa-sha2-nistp256;ecdsa-sha2-nistp384;ecdsa-sha2-nistp521;rsa-sha2-512;rsa-sha2-256;ssh-rsa;ssh-dss;ssh-ed25519;rsa-sha2-512-cert-v01@openssh.com;rsa-sha2-256-cert-v01@openssh.com;ssh-rsa-cert-v01@openssh.com;ssh-dss-cert-v01@openssh.com;ecdsa-sha2-nistp256-cert-v01@openssh.com;ecdsa-sha2-nistp384-cert-v01@openssh.com;ecdsa-sha2-nistp521-cert-v01@openssh.com;ssh-ed25519-cert-v01@openssh.com;ecdsa-sha2-nistp256;ecdsa-sha2-nistp384;ecdsa-sha2-nistp521;rsa-sha2-512;rsa-sha2-256;ssh-rsa;ssh-dss;ssh-ed25519,aes128-ctr;aes192-ctr;aes256-ctr;aes128-gcm@openssh.com;arcfour256;arcfour128;arcfour;aes128-cbc;3des-cbc;aes128-ctr;aes192-ctr;aes256-ctr;aes128-gcm@openssh.com;arcfour256;arcfour128;arcfour;aes128-cbc;3des-cbc,hmac-sha2-256-etm@openssh.com;hmac-sha2-256;hmac-sha1;hmac-sha1-96,none,,SSH-2.0-Go,83
4ed0d5b0dc3be39c7f96ba3a3cc77895,"curve25519-sha256,curve25519-sha256@libssh.org,ecdh-sha2-nistp256,ecdh-sha2-nistp384,ecdh-sha2-nistp521,diffie-hellman-group18-sha512,diffie-hellman-group16-sha512,diffie-hellman-group-exchange-sha256,diffie-hellman-group14-sha256,diffie-hellman-group-exchange-sha1,diffie-hellman-group1-sha1,diffie-hellman-group14-sha1,ext-info-c,kex-strict-c-v00@openssh.com;chacha20-poly1305@openssh.com,aes256-gcm@openssh.com,aes128-gcm@openssh.com,aes256-ctr,aes192-ctr,aes128-ctr,3des-cbc,aes128-cbc,aes192-cbc,aes256-cbc;hmac-sha2-256-etm@openssh.com,hmac-sha2-512-etm@openssh.com,hmac-sha2-256,hmac-sha2-512,hmac-sha1;none,zlib@openssh.com",curve25519-sha256;curve25519-sha256@libssh.org;ecdh-sha2-nistp256;ecdh-sha2-nistp384;ecdh-sha2-nistp521;diffie-hellman-group18-sha512;diffie-hellman-group16-sha512;diffie-hellman-group-exchange-sha256;diffie-hellman-group14-sha256;diffie-hellman-group-exchange-sha1;diffie-hellman-group1-sha1;diffie-hellman-group14-sha1;ext-info-c;kex-strict-c-v00@openssh.com,ssh-ed25519;ecdsa-sha2-nistp521;ecdsa-sha2-nistp384;ecdsa-sha2-nistp256;sk-ssh-ed25519@openssh.com;sk-ecdsa-sha2-nistp256@openssh.com;rsa-sha2-512;rsa-sha2-256;ssh-rsa,chacha20-poly1305@openssh.com;aes256-gcm@openssh.com;aes128-gcm@openssh.com;aes256-ctr;aes192-ctr;aes128-ctr;3des-cbc;aes128-cbc;aes192-cbc;aes256-cbc,hmac-sha2-256-etm@openssh.com;hmac-sha2-512-etm@openssh.com;hmac-sha2-256;hmac-sha2-512;hmac-sha1,none;zlib@openssh.com,,SSH-2.0-libssh_0.11.2,82
b4b8ae3d7241d2c1dc54b4df7e8c19d1,"curve25519-sha256,curve25519-sha256@libssh.org,ecdh-sha2-nistp256,ecdh-sha2-nistp384,ecdh-sha2-nistp521,diffie-hellman-group-exchange-sha256,diffie-hellman-group16-sha512,diffie-hellman-group18-sha512,diffie-hellman-group14-sha256,diffie-hellman-group14-sha1,diffie-hellman-group1-sha1,diffie-hellman-group-exchange-sha1;aes128-ctr,aes192-ctr,aes256-ctr,aes256-cbc,rijndael-cbc@lysator.liu.se,aes192-cbc,aes128-cbc,blowfish-cbc,arcfour128,arcfour,cast128-cbc,3des-cbc;hmac-sha2-256,hmac-sha2-512,hmac-sha1,hmac-sha1-96,hmac-md5,hmac-md5-96,hmac-ripemd160,hmac-ripemd160@openssh.com;none",curve25519-sha256;curve25519-sha256@libssh.org;ecdh-sha2-nistp256;ecdh-sha2-nistp384;ecdh-sha2-nistp521;diffie-hellman-group-exchange-sha256;diffie-hellman-group16-sha512;diffie-hellman-group18-sha512;diffie-hellman-group14-sha256;diffie-hellman-group14-sha1;diffie-hellman-group1-sha1;diffie-hellman-group-exchange-sha1,ecdsa-sha2-nistp256;ecdsa-sha2-nistp384;ecdsa-sha2-nistp521;ecdsa-sha2-nistp256-cert-v01@openssh.com;ecdsa-sha2-nistp384-cert-v01@openssh.com;ecdsa-sha2-nistp521-cert-v01@openssh.com;ssh-ed25519;ssh-rsa;ssh-dss,aes128-ctr;aes192-ctr;aes256-ctr;aes256-cbc;rijndael-cbc@lysator.liu.se;aes192-cbc;aes128-cbc;blowfish-cbc;arcfour128;arcfour;cast128-cbc;3des-cbc,hmac-sha2-256;hmac-sha2-512;hmac-sha1;hmac-sha1-96;hmac-md5;hmac-md5-96;hmac-ripemd160;hmac-ripemd160@openssh.com,none,,SSH-2.0-libssh2_1.10.0,80
4088bad3e16d8b3e1b09ae9cee6ce96c,"mlkem768x25519-sha256,curve25519-sha256,curve25519-sha256@libssh.org,ecdh-sha2-nistp256,ecdh-sha2-nistp384,ecdh-sha2-nistp521,diffie-hellman-group14-sha256,diffie-hellman-group14-sha1,ext-info-c,kex-strict-c-v00@openssh.com;aes128-ctr,aes256-ctr,chacha20-poly1305@openssh.com,aes128-gcm@openssh.com;hmac-sha2-256-etm@openssh.com,hmac-sha2-512-etm@openssh.com,hmac-sha2-256,hmac-sha2-512,hmac-sha1,hmac-sha1-96;none",mlkem768x25519-sha256;curve25519-sha256;curve25519-sha256@libssh.org;ecdh-sha2-nistp256;ecdh-sha2-nistp384;ecdh-sha2-nistp521;diffie-hellman-group14-sha256;diffie-hellman-group14-sha1;ext-info-c;kex-strict-c-v00@openssh.com,rsa-sha2-256-cert-v01@openssh.com;rsa-sha2-512-cert-v01@openssh.com;ssh-rsa-cert-v01@openssh.com;ssh-dss-cert-v01@openssh.com;ecdsa-sha2-nistp256-cert-v01@openssh.com;ecdsa-sha2-nistp384-cert-v01@openssh.com;ecdsa-sha2-nistp521-cert-v01@openssh.com;ssh-ed25519-cert-v01@openssh.com;ecdsa-sha2-nistp256;ecdsa-sha2-nistp384;ecdsa-sha2-nistp521;rsa-sha2-256;rsa-sha2-512;ssh-rsa;ssh-dss;ssh-ed25519,aes128-ctr;aes256-ctr;chacha20-poly1305@openssh.com;aes128-gcm@openssh.com,hmac-sha2-256-etm@openssh.com;hmac-sha2-512-etm@openssh.com;hmac-sha2-256;hmac-sha2-512;hmac-sha1;hmac-sha1-96,none,,SSH-2.0-Go,79
14b2ddda386a4d1006108ccd231b42fc,"curve25519-sha256,curve25519-sha256@libssh.org,ecdh-sha2-nistp256,ecdh-sha2-nistp384,ecdh-sha2-nistp521,diffie-hellman-group-exchange-sha256,diffie-hellman-group16-sha512,diffie-hellman-group18-sha512,diffie-hellman-group14-sha256,diffie-hellman-group14-sha1,diffie-hellman-group1-sha1,diffie-hellman-group-exchange-sha1,ext-info-c;aes256-gcm@openssh.com,aes128-gcm@openssh.com,aes256-ctr,aes192-ctr,aes128-ctr,aes256-cbc,rijndael-cbc@lysator.liu.se,aes192-cbc,aes128-cbc,blowfish-cbc,arcfour128,arcfour,cast128-cbc,3des-cbc;hmac-sha2-256,hmac-sha2-256-etm@openssh.com,hmac-sha2-512,hmac-sha2-512-etm@openssh.com,hmac-sha1,hmac-sha1-etm@openssh.com,hmac-sha1-96,hmac-md5,hmac-md5-96,hmac-ripemd160,hmac-ripemd160@openssh.com;none",curve25519-sha256;curve25519-sha256@libssh.org;ecdh-sha2-nistp256;ecdh-sha2-nistp384;ecdh-sha2-nistp521;diffie-hellman-group-exchange-sha256;diffie-hellman-group16-sha512;diffie-hellman-group18-sha512;diffie-hellman-group14-sha256;diffie-hellman-group14-sha1;diffie-hellman-group1-sha1;diffie-hellman-group-exchange-sha1;ext-info-c,ecdsa-sha2-nistp256;ecdsa-sha2-nistp384;ecdsa-sha2-nistp521;ecdsa-sha2-nistp256-cert-v01@openssh.com;ecdsa-sha2-nistp384-cert-v01@openssh.com;ecdsa-sha2-nistp521-cert-v01@openssh.com;ssh-ed25519;ssh-ed25519-cert-v01@openssh.com;rsa-sha2-512;rsa-sha2-256;ssh-rsa;ssh-rsa-cert-v01@openssh.com;ssh-dss,aes256-gcm@openssh.com;aes128-gcm@openssh.com;aes256-ctr;aes192-ctr;aes128-ctr;aes256-cbc;rijndael-cbc@lysator.liu.se;aes192-cbc;aes128-cbc;blowfish-cbc;arcfour128;arcfour;cast128-cbc;3des-cbc,hmac-sha2-256;hmac-sha2-256-etm@openssh.com;hmac-sha2-512;hmac-sha2-512-etm@openssh.com;hmac-sha1;hmac-sha1-etm@openssh.com;hmac-sha1-96;hmac-md5;hmac-md5-96;hmac-ripemd160;hmac-ripemd160@openssh.com,none,,SSH-2.0-libssh2_1.11.0,76
2aec6b44b06bec95d73f66b5d30cb69a,"curve25519-sha256@libssh.org,ecdh-sha2-nistp256,ecdh-sha2-nistp384,ecdh-sha2-nistp521,diffie-hellman-group14-sha1,diffie-hellman-group1-sha1;aes128-ctr,aes192-ctr,aes256-ctr,aes128-gcm@openssh.com,arcfour256,arcfour128;hmac-sha2-256,hmac-sha1,hmac-sha1-96;none",curve25519-sha256@libssh.org;ecdh-sha2-nistp256;ecdh-sha2-nistp384;ecdh-sha2-nistp521;diffie-hellman-group14-sha1;diffie-hellman-group1-sha1,ssh-rsa-cert-v01@openssh.com;ssh-dss-cert-v01@openssh.com;ecdsa-sha2-nistp256-cert-v01@openssh.com;ecdsa-sha2-nistp384-cert-v01@openssh.com;ecdsa-sha2-nistp521-cert-v01@openssh.com;ssh-ed25519-cert-v01@openssh.com;ecdsa-sha2-nistp256;ecdsa-sha2-nistp384;ecdsa-sha2-nistp521;ssh-rsa;ssh-dss;ssh-ed25519,aes128-ctr;aes192-ctr;aes256-ctr;aes128-gcm@openssh.com;arcfour256;arcfour128,hmac-sha2-256;hmac-sha1;hmac-sha1-96,none,,SSH-2.0-Go,74
a20aced7c9824fd804f59e68dd801ad3,"diffie-hellman-group1-sha1;aes128-cbc,3des-cbc,blowfish-cbc,aes192-cbc,aes256-cbc,aes128-ctr,aes192-ctr,aes256-ctr;hmac-md5,hmac-sha1,hmac-ripemd160;none",diffie-hellman-group1-sha1,ssh-dss;ssh-rsa,aes128-cbc;3des-cbc;blowfish-cbc;aes192-cbc;aes256-cbc;aes128-ctr;aes192-ctr;aes256-ctr,hmac-md5;hmac-sha1;hmac-ripemd160,none,,SSH-2.0-Nmap_SSH2_Enum_Algos,74
87e3d9ffee0540b0390f8a5b9c343c08,"curve25519-sha256@libssh.org,ecdh-sha2-nistp256,ecdh-sha2-nistp384,ecdh-sha2-nistp521,diffie-hellman-group16-sha512,diffie-hellman-group-exchange-sha256,diffie-hellman-group14-sha256,diffie-hellman-group-exchange-sha1,diffie-hellman-group14-sha1,diffie-hellman-group1-sha1,ext-info-c,kex-strict-c-v00@openssh.com;aes128-ctr,aes192-ctr,aes256-ctr,aes128-cbc,aes192-cbc,aes256-cbc,3des-cbc;hmac-sha2-256,hmac-sha2-512,hmac-sha2-256-etm@openssh.com,hmac-sha2-512-etm@openssh.com,hmac-sha1,hmac-md5,hmac-sha1-96,hmac-md5-96;none",curve25519-sha256@libssh.org;ecdh-sha2-nistp256;ecdh-sha2-nistp384;ecdh-sha2-nistp521;diffie-hellman-group16-sha512;diffie-hellman-group-exchange-sha256;diffie-hellman-group14-sha256;diffie-hellman-group-exchange-sha1;diffie-hellman-group14-sha1;diffie-hellman-group1-sha1;ext-info-c;kex-strict-c-v00@openssh.com,ssh-ed25519;ssh-ed25519-cert-v01@openssh.com,aes128-ctr;aes192-ctr;aes256-ctr;aes128-cbc;aes192-cbc;aes256-cbc;3des-cbc,hmac-sha2-256;hmac-sha2-512;hmac-sha2-256-etm@openssh.com;hmac-sha2-512-etm@openssh.com;hmac-sha1;hmac-md5;hmac-sha1-96;hmac-md5-96,none,,SSH-2.0-paramiko_3.4.0,72
3c0eaacec19ba322a90a5541dac09a06,"diffie-hellman-group-exchange-sha256,diffie-hellman-group-exchange-sha1,diffie-hellman-group14-sha1,diffie-hellman-group1-sha1;aes128-ctr,aes192-ctr,aes256-ctr,arcfour256,arcfour128,aes128-cbc,3des-cbc,blowfish-cbc,cast128-cbc,aes192-cbc,aes256-cbc,arcfour,rijndael-cbc@lysator.liu.se;hmac-md5,hmac-sha1,umac-64@openssh.com,hmac-ripemd160,hmac-ripemd160@openssh.com,hmac-sha1-96,hmac-md5-96;none",diffie-hellman-group-exchange-sha256;diffie-hellman-group-exchange-sha1;diffie-hellman-group14-sha1;diffie-hellman-group1-sha1,ssh-rsa;ssh-dss,aes128-ctr;aes192-ctr;aes256-ctr;arcfour256;arcfour128;aes128-cbc;3des-cbc;blowfish-cbc;cast128-cbc;aes192-cbc;aes256-cbc;arcfour;rijndael-cbc@lysator.liu.se,hmac-md5;hmac-sha1;umac-64@openssh.com;hmac-ripemd160;hmac-ripemd160@openssh.com;hmac-sha1-96;hmac-md5-96,none,,SSH-2.0-perlssh,67
1f2f2f9b0a736952f743e5490c64c98a,"curve25519-sha256,curve25519-sha256@libssh.org,ecdh-sha2-nistp256,ecdh-sha2-nistp384,ecdh-sha2-nistp521,diffie-hellman-group18-sha512,diffie-hellman-group16-sha512,diffie-hellman-group-exchange-sha256,diffie-hellman-group14-sha256,diffie-hellman-group14-sha1,diffie-hellman-group1-sha1,ext-info-c;aes256-gcm@openssh.com,aes128-gcm@openssh.com,aes256-ctr,aes192-ctr,aes128-ctr,aes256-cbc,aes192-cbc,aes128-cbc,chacha20-poly1305@openssh.com,3des-cbc;hmac-sha2-256-etm@openssh.com,hmac-sha2-512-etm@openssh.com,hmac-sha1-etm@openssh.com,hmac-sha2-256,hmac-sha2-512,hmac-sha1,hmac-md5;none,zlib@openssh.com",curve25519-sha256;curve25519-sha256@libssh.org;ecdh-sha2-nistp256;ecdh-sha2-nistp384;ecdh-sha2-nistp521;diffie-hellman-group18-sha512;diffie-hellman-group16-sha512;diffie-hellman-group-exchange-sha256;diffie-hellman-group14-sha256;diffie-hellman-group14-sha1;diffie-hellman-group1-sha1;ext-info-c,ssh-ed25519;ecdsa-sha2-nistp521;ecdsa-sha2-nistp384;ecdsa-sha2-nistp256;sk-ssh-ed25519@openssh.com;sk-ecdsa-sha2-nistp256@openssh.com;rsa-sha2-512;rsa-sha2-256;ssh-rsa;ssh-dss,aes256-gcm@openssh.com;aes128-gcm@openssh.com;aes256-ctr;aes192-ctr;aes128-ctr;aes256-cbc;aes192-cbc;aes128-cbc;chacha20-poly1305@openssh.com;3des-cbc,hmac-sha2-256-etm@openssh.com;hmac-sha2-512-etm@openssh.com;hmac-sha1-etm@openssh.com;hmac-sha2-256;hmac-sha2-512;hmac-sha1;hmac-md5,none;zlib@openssh.com,,SSH-2.0-libssh_0.10.5,62
c3502154bafea578ba9f775dffd57cb0,"diffie-hellman-group-exchange-sha256,curve25519-sha256@libssh.org,ecdh-sha2-nistp256,ecdh-sha2-nistp384,ecdh-sha2-nistp521,diffie-hellman-group14-sha256,diffie-hellman-group-exchange-sha1,diffie-hellman-group14-sha1,diffie-hellman-group1-sha1,ext-info-c,kex-strict-c-v00@openssh.com;aes128-ctr,aes128-gcm@openssh.com,chacha20-poly1305@openssh.com,aes256-ctr,aes192-ctr;hmac-sha2-256,hmac-sha1,hmac-sha1-96;none",diffie-hellman-group-exchange-sha256;curve25519-sha256@libssh.org;ecdh-sha2-nistp256;ecdh-sha2-nistp384;ecdh-sha2-nistp521;diffie-hellman-group14-sha256;diffie-hellman-group-exchange-sha1;diffie-hellman-group14-sha1;diffie-hellman-group1-sha1;ext-info-c;kex-strict-c-v00@openssh.com,rsa-sha2-256-cert-v01@openssh.com;rsa-sha2-512-cert-v01@openssh.com;ssh-rsa-cert-v01@openssh.com;ssh-dss-cert-v01@openssh.com;ecdsa-sha2-nistp256-cert-v01@openssh.com;ecdsa-sha2-nistp384-cert-v01@openssh.com;ecdsa-sha2-nistp521-cert-v01@openssh.com;ssh-ed25519-cert-v01@openssh.com;ecdsa-sha2-nistp256;ecdsa-sha2-nistp384;ecdsa-sha2-nistp521;rsa-sha2-256;rsa-sha2-512;ssh-rsa;ssh-dss;ssh-ed25519,aes128-ctr;aes128-gcm@openssh.com;chacha20-poly1305@openssh.com;aes256-ctr;aes192-ctr,hmac-sha2-256;hmac-sha1;hmac-sha1-96,none,,SSH-2.0-Go,62
748f8c627d3f8ff9921d02f86f55ba2c,"curve25519-sha256,curve25519-sha256@libssh.org,ecdh-sha2-nistp256,ecdh-sha2-nistp384,ecdh-sha2-nistp521,diffie-hellman-group-exchange-sha256,diffie-hellman-group-exchange-sha1,diffie-hellman-group16-sha512,diffie-hellman-group14-sha256,diffie-hellman-group14-sha1,diffie-hellman-group1-sha1,kex-strict-c-v00@openssh.com;aes128-ctr,aes192-ctr,aes256-ctr,aes128-cbc,aes192-cbc,aes256-cbc,3des-cbc,blowfish-cbc,twofish-cbc,twofish192-cbc,twofish128-cbc,twofish256-cbc,arcfour,arcfour128,arcfour256,cast128-cbc;hmac-sha2-256,hmac-sha2-512,hmac-sha2-512-96,hmac-sha2-256-96,hmac-sha1,hmac-sha1-96,hmac-md5,hmac-md5-96,hmac-sha2-256-etm@openssh.com,hmac-sha2-512-etm@openssh.com,hmac-sha1-etm@openssh.com,hmac-sha1-96-etm@openssh.com,hmac-md5-etm@openssh.com,hmac-md5-96-etm@openssh.com;none",curve25519-sha256;curve25519-sha256@libssh.org;ecdh-sha2-nistp256;ecdh-sha2-nistp384;ecdh-sha2-nistp521;diffie-hellman-group-exchange-sha256;diffie-hellman-group-exchange-sha1;diffie-hellman-group16-sha512;diffie-hellman-group14-sha256;diffie-hellman-group14-sha1;diffie-hellman-group1-sha1;kex-strict-c-v00@openssh.com,ssh-ed25519;ecdsa-sha2-nistp256;ecdsa-sha2-nistp384;ecdsa-sha2-nistp521;rsa-sha2-512;rsa-sha2-256;ssh-rsa;ssh-dss,aes128-ctr;aes192-ctr;aes256-ctr;aes128-cbc;aes192-cbc;aes256-cbc;3des-cbc;blowfish-cbc;twofish-cbc;twofish192-cbc;twofish128-cbc;twofish256-cbc;arcfour;arcfour128;arcfour256;cast128-cbc,hmac-sha2-256;hmac-sha2-512;hmac-sha2-512-96;hmac-sha2-256-96;hmac-sha1;hmac-sha1-96;hmac-md5;hmac-md5-96;hmac-sha2-256-etm@openssh.com;hmac-sha2-512-etm@openssh.com;hmac-sha1-etm@openssh.com;hmac-sha1-96-etm@openssh.com;hmac-md5-etm@openssh.com;hmac-md5-96-etm@openssh.com,none,,SSH-2.0-Renci.SshNet.SshClient.0.0.1,61
c118de82e19e5384f50f9bfd36c1a5dc,"mlkem768x25519-sha256,curve25519-sha256,curve25519-sha256@libssh.org,ecdh-sha2-nistp256,ecdh-sha2-nistp384,ecdh-sha2-nistp521,diffie-hellman-group14-sha256,diffie-hellman-group14-sha1,diffie-hellman-group1-sha1,diffie-hellman-group-exchange-sha256,ext-info-c,kex-strict-c-v00@openssh.com;aes128-gcm@openssh.com,aes256-gcm@openssh.com,chacha20-poly1305@openssh.com,aes128-ctr,aes192-ctr,aes256-ctr,3des-cbc;hmac-sha2-256-etm@openssh.com,hmac-sha2-512-etm@openssh.com,hmac-sha2-256,hmac-sha2-512,hmac-sha1,hmac-sha1-96;none",mlkem768x25519-sha256;curve25519-sha256;curve25519-sha256@libssh.org;ecdh-sha2-nistp256;ecdh-sha2-nistp384;ecdh-sha2-nistp521;diffie-hellman-group14-sha256;diffie-hellman-group14-sha1;diffie-hellman-group1-sha1;diffie-hellman-group-exchange-sha256;ext-info-c;kex-strict-c-v00@openssh.com,rsa-sha2-256-cert-v01@openssh.com;rsa-sha2-512-cert-v01@openssh.com;ssh-rsa-cert-v01@openssh.com;ssh-dss-cert-v01@openssh.com;ecdsa-sha2-nistp256-cert-v01@openssh.com;ecdsa-sha2-nistp384-cert-v01@openssh.com;ecdsa-sha2-nistp521-cert-v01@openssh.com;ssh-ed25519-cert-v01@openssh.com;ecdsa-sha2-nistp256;ecdsa-sha2-nistp384;ecdsa-sha2-nistp521;rsa-sha2-256;rsa-sha2-512;ssh-rsa;ssh-dss;ssh-ed25519,aes128-gcm@openssh.com;aes256-gcm@openssh.com;chacha20-poly1305@openssh.com;aes128-ctr;aes192-ctr;aes256-ctr;3des-cbc,hmac-sha2-256-etm@openssh.com;hmac-sha2-512-etm@openssh.com;hmac-sha2-256;hmac-sha2-512;hmac-sha1;hmac-sha1-96,none,,SSH-2.0-OpenSSH_10.0,56
1cc79c7da9b5d5eead2c60983332a556,"sntrup761x25519-sha512,sntrup761x25519-sha512@openssh.com,mlkem768x25519-sha256,curve25519-sha256,curve25519-sha256@libssh.org,ecdh-sha2-nistp256,ecdh-sha2-nistp384,ecdh-sha2-nistp521,diffie-hellman-group-exchange-sha256,diffie-hellman-group16-sha512,diffie-hellman-group18-sha512,diffie-hellman-group14-sha256,diffie-hellman-group1-sha1,ext-info-c,kex-strict-c-v00@openssh.com;chacha20-poly1305@openssh.com,aes128-ctr,aes192-ctr,aes256-ctr,aes128-gcm@openssh.com,aes256-gcm@openssh.com,3des-cbc;umac-64-etm@openssh.com,umac-128-etm@openssh.com,hmac-sha2-256-etm@openssh.com,hmac-sha2-512-etm@openssh.com,hmac-sha1-etm@openssh.com,umac-64@openssh.com,umac-128@openssh.com,hmac-sha2-256,hmac-sha2-512,hmac-sha1;none,zlib@openssh.com",sntrup761x25519-sha512;sntrup761x25519-sha512@openssh.com;mlkem768x25519-sha256;curve25519-sha256;curve25519-sha256@libssh.org;ecdh-sha2-nistp256;ecdh-sha2-nistp384;ecdh-sha2-nistp521;diffie-hellman-group-exchange-sha256;diffie-hellman-group16-sha512;diffie-hellman-group18-sha512;diffie-hellman-group14-sha256;diffie-hellman-group1-sha1;ext-info-c;kex-strict-c-v00@openssh.com,ssh-ed25519-cert-v01@openssh.com;ecdsa-sha2-nistp256-cert-v01@openssh.com;ecdsa-sha2-nistp384-cert-v01@openssh.com;ecdsa-sha2-nistp521-cert-v01@openssh.com;sk-ssh-ed25519-cert-v01@openssh.com;sk-ecdsa-sha2-nistp256-cert-v01@openssh.com;rsa-sha2-512-cert-v01@openssh.com;rsa-sha2-256-cert-v01@openssh.com;ssh-ed25519;ecdsa-sha2-nistp256;ecdsa-sha2-nistp384;ecdsa-sha2-nistp521;sk-ssh-ed25519@openssh.com;sk-ecdsa-sha2-nistp256@openssh.com;rsa-sha2-512;rsa-sha2-256;ssh-rsa;ssh-dss,chacha20-poly1305@openssh.com;aes128-ctr;aes192-ctr;aes256-ctr;aes128-gcm@openssh.com;aes256-gcm@openssh.com;3des-cbc,umac-64-etm@openssh.com;umac-128-etm@openssh.com;hmac-sha2-256-etm@openssh.com;hmac-sha2-512-etm@openssh.com;hmac-sha1-etm@openssh.com;umac-64@openssh.com;umac-128@openssh.com;hmac-sha2-256;hmac-sha2-512;hmac-sha1,none;zlib@openssh.com,,SSH-2.0-OpenSSH_9.9,54
e37f354a101aff5871ba233aa82b84ec,"curve25519-sha256@libssh.org,ecdh-sha2-nistp256,diffie-hellman-group14-sha1,diffie-hellman-group1-sha1;aes256-ctr,aes192-ctr,aes128-ctr,aes256-cbc,aes192-cbc,aes128-cbc,3des-cbc;hmac-sha2-256,hmac-sha2-512,hmac-sha1;none",curve25519-sha256@libssh.org;ecdh-sha2-nistp256;diffie-hellman-group14-sha1;diffie-hellman-group1-sha1,ssh-ed25519;ecdsa-sha2-nistp256;ecdsa-sha2-nistp384;ecdsa-sha2-nistp521;ssh-rsa;ssh-dss,aes256-ctr;aes192-ctr;aes128-ctr;aes256-cbc;aes192-cbc;aes128-cbc;3des-cbc,hmac-sha2-256;hmac-sha2-512;hmac-sha1,none,,SSH-2.0-libssh_0.7.4,53
eeca2460550b9ded084ecf2f70a75356,"mlkem768x25519-sha256,sntrup761x25519-sha512,sntrup761x25519-sha512@openssh.com,curve25519-sha256,curve25519-sha256@libssh.org,ecdh-sha2-nistp256,ecdh-sha2-nistp384,ecdh-sha2-nistp521,diffie-hellman-group-exchange-sha256,diffie-hellman-group16-sha512,diffie-hellman-group18-sha512,diffie-hellman-group14-sha256,ext-info-c,kex-strict-c-v00@openssh.com;chacha20-poly1305@openssh.com,aes128-gcm@openssh.com,aes256-gcm@openssh.com,aes128-ctr,aes192-ctr,aes256-ctr;umac-64-etm@openssh.com,umac-128-etm@openssh.com,hmac-sha2-256-etm@openssh.com,hmac-sha2-512-etm@openssh.com,hmac-sha1-etm@openssh.com,umac-64@openssh.com,umac-128@openssh.com,hmac-sha2-256,hmac-sha2-512,hmac-sha1;none,zlib@openssh.com",mlkem768x25519-sha256;sntrup761x25519-sha512;sntrup761x25519-sha512@openssh.com;curve25519-sha256;curve25519-sha256@libssh.org;ecdh-sha2-nistp256;ecdh-sha2-nistp384;ecdh-sha2-nistp521;diffie-hellman-group-exchange-sha256;diffie-hellman-group16-sha512;diffie-hellman-group18-sha512;diffie-hellman-group14-sha256;ext-info-c;kex-strict-c-v00@openssh.com,ssh-ed25519-cert-v01@openssh.com;ecdsa-sha2-nistp256-cert-v01@openssh.com;ecdsa-sha2-nistp384-cert-v01@openssh.com;ecdsa-sha2-nistp521-cert-v01@openssh.com;sk-ssh-ed25519-cert-v01@openssh.com;sk-ecdsa-sha2-nistp256-cert-v01@openssh.com;rsa-sha2-512-cert-v01@openssh.com;rsa-sha2-256-cert-v01@openssh.com;ssh-ed25519;ecdsa-sha2-nistp256;ecdsa-sha2-nistp384;ecdsa-sha2-nistp521;sk-ssh-ed25519@openssh.com;sk-ecdsa-sha2-nistp256@openssh.com;rsa-sha2-512;rsa-sha2-256,chacha20-poly1305@openssh.com;aes128-gcm@openssh.com;aes256-gcm@openssh.com;aes128-ctr;aes192-ctr;aes256-ctr,umac-64-etm@openssh.com;umac-128-etm@openssh.com;hmac-sha2-256-etm@openssh.com;hmac-sha2-512-etm@openssh.com;hmac-sha1-etm@openssh.com;umac-64@openssh.com;umac-128@openssh.com;hmac-sha2-256;hmac-sha2-512;hmac-sha1,none;zlib@openssh.com,,SSH-2.0-OpenSSH_10.2,44
a984ff804585fabe3cd08f4b3849024a,"sntrup761x25519-sha512@openssh.com,curve25519-sha256,curve25519-sha256@libssh.org,ecdh-sha2-nistp256,ecdh-sha2-nistp384,ecdh-sha2-nistp521,diffie-hellman-group-exchange-sha256,diffie-hellman-group16-sha512,diffie-hellman-group18-sha512,diffie-hellman-group14-sha256;chacha20-poly1305@openssh.com,aes128-ctr,aes192-ctr,aes256-ctr,aes128-gcm@openssh.com,aes256-gcm@openssh.com;umac-64-etm@openssh.com,umac-128-etm@openssh.com,hmac-sha2-256-etm@openssh.com,hmac-sha2-512-etm@openssh.com,hmac-sha1-etm@openssh.com,umac-64@openssh.com,umac-128@openssh.com,hmac-sha2-256,hmac-sha2-512,hmac-sha1;none,zlib@openssh.com",sntrup761x25519-sha512@openssh.com;curve25519-sha256;curve25519-sha256@libssh.org;ecdh-sha2-nistp256;ecdh-sha2-nistp384;ecdh-sha2-nistp521;diffie-hellman-group-exchange-sha256;diffie-hellman-group16-sha512;diffie-hellman-group18-sha512;diffie-hellman-group14-sha256,ssh-dss,chacha20-poly1305@openssh.com;aes128-ctr;aes192-ctr;aes256-ctr;aes128-gcm@openssh.com;aes256-gcm@openssh.com,umac-64-etm@openssh.com;umac-128-etm@openssh.com;hmac-sha2-256-etm@openssh.com;hmac-sha2-512-etm@openssh.com;hmac-sha1-etm@openssh.com;umac-64@openssh.com;umac-128@openssh.com;hmac-sha2-256;hmac-sha2-512;hmac-sha1,none;zlib@openssh.com,,SSH-2.0-OpenSSH-keyscan,40
ec7378c1a92f5a8dde7e8b7a1ddf33d1,"curve25519-sha256,curve25519-sha256@libssh.org,ecdh-sha2-nistp256,ecdh-sha2-nistp384,ecdh-sha2-nistp521,diffie-hellman-group-exchange-sha256,diffie-hellman-group16-sha512,diffie-hellman-group18-sha512,diffie-hellman-group14-sha256,diffie-hellman-group14-sha1,ext-info-c;chacha20-poly1305@openssh.com,aes128-ctr,aes192-ctr,aes256-ctr,aes128-gcm@openssh.com,aes256-gcm@openssh.com;umac-64-etm@openssh.com,umac-128-etm@openssh.com,hmac-sha2-256-etm@openssh.com,hmac-sha2-512-etm@openssh.com,hmac-sha1-etm@openssh.com,umac-64@openssh.com,umac-128@openssh.com,hmac-sha2-256,hmac-sha2-512,hmac-sha1;none,zlib@openssh.com,zlib",curve25519-sha256;curve25519-sha256@libssh.org;ecdh-sha2-nistp256;ecdh-sha2-nistp384;ecdh-sha2-nistp521;diffie-hellman-group-exchange-sha256;diffie-hellman-group16-sha512;diffie-hellman-group18-sha512;diffie-hellman-group14-sha256;diffie-hellman-group14-sha1;ext-info-c,ecdsa-sha2-nistp256-cert-v01@openssh.com;ecdsa-sha2-nistp384-cert-v01@openssh.com;ecdsa-sha2-nistp521-cert-v01@openssh.com;ssh-ed25519-cert-v01@openssh.com;rsa-sha2-512-cert-v01@openssh.com;rsa-sha2-256-cert-v01@openssh.com;ssh-rsa-cert-v01@openssh.com;ecdsa-sha2-nistp256;ecdsa-sha2-nistp384;ecdsa-sha2-nistp521;ssh-ed25519;rsa-sha2-512;rsa-sha2-256;ssh-rsa,chacha20-poly1305@openssh.com;aes128-ctr;aes192-ctr;aes256-ctr;aes128-gcm@openssh.com;aes256-gcm@openssh.com,umac-64-etm@openssh.com;umac-128-etm@openssh.com;hmac-sha2-256-etm@openssh.com;hmac-sha2-512-etm@openssh.com;hmac-sha1-etm@openssh.com;umac-64@openssh.com;umac-128@openssh.com;hmac-sha2-256;hmac-sha2-512;hmac-sha1,none;zlib@openssh.com;zlib,,SSH-2.0-OpenSSH_7.9p1 Raspbian-10,30
5445c358120b523b688fb5f70acd1122,"curve25519-sha256@libssh.org,ecdh-sha2-nistp256,ecdh-sha2-nistp384,ecdh-sha2-nistp521,diffie-hellman-group14-sha1,diffie-hellman-group1-sha1,curve25519-sha256@libssh.org,ecdh-sha2-nistp256,ecdh-sha2-nistp384,ecdh-sha2-nistp521,diffie-hellman-group-exchange-sha256,diffie-hellman-group-exchange-sha1,diffie-hellman-group14-sha1,diffie-hellman-group1-sha1;aes128-ctr,aes192-ctr,aes256-ctr,aes128-gcm@openssh.com,arcfour256,arcfour128,aes128-ctr,aes192-ctr,aes256-ctr,arcfour256,arcfour128,aes128-gcm@openssh.com,aes128-cbc,3des-cbc,arcfour;hmac-sha2-256,hmac-sha1,hmac-sha1-96;none",curve25519-sha256@libssh.org;ecdh-sha2-nistp256;ecdh-sha2-nistp384;ecdh-sha2-nistp521;diffie-hellman-group14-sha1;diffie-hellman-group1-sha1;curve25519-sha256@libssh.org;ecdh-sha2-nistp256;ecdh-sha2-nistp384;ecdh-sha2-nistp521;diffie-hellman-group-exchange-sha256;diffie-hellman-group-exchange-sha1;diffie-hellman-group14-sha1;diffie-hellman-group1-sha1,ssh-rsa-cert-v01@openssh.com;ssh-dss-cert-v01@openssh.com;ecdsa-sha2-nistp256-cert-v01@openssh.com;ecdsa-sha2-nistp384-cert-v01@openssh.com;ecdsa-sha2-nistp521-cert-v01@openssh.com;ssh-ed25519-cert-v01@openssh.com;ecdsa-sha2-nistp256;ecdsa-sha2-nistp384;ecdsa-sha2-nistp521;ssh-rsa;ssh-dss;ssh-ed25519;ssh-rsa-cert-v01@openssh.com;ssh-dss-cert-v01@openssh.com;ecdsa-sha2-nistp256-cert-v01@openssh.com;ecdsa-sha2-nistp384-cert-v01@openssh.com;ecdsa-sha2-nistp521-cert-v01@openssh.com;ssh-ed25519-cert-v01@openssh.com;ecdsa-sha2-nistp256;ecdsa-sha2-nistp384;ecdsa-sha2-nistp521;ssh-rsa;ssh-dss;ssh-ed25519,aes128-ctr;aes192-ctr;aes256-ctr;aes128-gcm@openssh.com;arcfour256;arcfour128;aes128-ctr;aes192-ctr;aes256-ctr;arcfour256;arcfour128;aes128-gcm@openssh.com;aes128-cbc;3des-cbc;arcfour,hmac-sha2-256;hmac-sha1;hmac-sha1-96,none,,SSH-2.0-OpenSSH_6.6.1,25
a704be057881f0b1d623cd263e477a8b,"curve25519-sha256@libssh.org,ecdh-sha2-nistp256,ecdh-sha2-nistp384,ecdh-sha2-nistp521,diffie-hellman-group16-sha512,diffie-hellman-group-exchange-sha256,diffie-hellman-group14-sha256,diffie-hellman-group-exchange-sha1,diffie-hellman-group14-sha1,diffie-hellman-group1-sha1,ext-info-c;aes128-ctr,aes192-ctr,aes256-ctr,aes128-cbc,aes192-cbc,aes256-cbc,3des-cbc;hmac-sha2-256,hmac-sha2-512,hmac-sha2-256-etm@openssh.com,hmac-sha2-512-etm@openssh.com,hmac-sha1,hmac-md5,hmac-sha1-96,hmac-md5-96;none",curve25519-sha256@libssh.org;ecdh-sha2-nistp256;ecdh-sha2-nistp384;ecdh-sha2-nistp521;diffie-hellman-group16-sha512;diffie-hellman-group-exchange-sha256;diffie-hellman-group14-sha256;diffie-hellman-group-exchange-sha1;diffie-hellman-group14-sha1;diffie-hellman-group1-sha1;ext-info-c,ssh-rsa;ssh-dss;ecdsa-sha2-nistp256;ssh-ed25519;ecdsa-sha2-nistp384;ecdsa-sha2-nistp521;rsa-sha2-512;rsa-sha2-256;ssh-rsa-cert-v01@openssh.com;ssh-dss-cert-v01@openssh.com;ecdsa-sha2-nistp256-cert-v01@openssh.com;ssh-ed25519-cert-v01@openssh.com;ecdsa-sha2-nistp384-cert-v01@openssh.com;ecdsa-sha2-nistp521-cert-v01@openssh.com;rsa-sha2-512-cert-v01@openssh.com;rsa-sha2-256-cert-v01@openssh.com,aes128-ctr;aes192-ctr;aes256-ctr;aes128-cbc;aes192-cbc;aes256-cbc;3des-cbc,hmac-sha2-256;hmac-sha2-512;hmac-sha2-256-etm@openssh.com;hmac-sha2-512-etm@openssh.com;hmac-sha1;hmac-md5;hmac-sha1-96;hmac-md5-96,none,,SSH-2.0-paramiko_2.11.0,25
b21d7cdcc8133dc2b430d1a039fece20,"diffie-hellman-group14-sha1,diffie-hellman-group1-sha1,diffie-hellman-group14-sha256,diffie-hellman-group16-sha512,diffie-hellman-group18-sha512,diffie-hellman-group-exchange-sha1,diffie-hellman-group-exchange-sha256;chacha20-poly1305@openssh.com,aes128-ctr,aes192-ctr,aes256-ctr,aes128-gcm@openssh.com,aes256-gcm@openssh.com,aes128-cbc,aes192-cbc,aes256-cbc,blowfish-cbc,cast128-cbc,3des-cbc;umac-64-etm@openssh.com,umac-128-etm@openssh.com,hmac-sha2-256-etm@openssh.com,hmac-sha2-512-etm@openssh.com,hmac-sha1-etm@openssh.com,umac-64@openssh.com,umac-128@openssh.com,hmac-sha2-256,hmac-sha2-512,hmac-sha1;none",diffie-hellman-group14-sha1;diffie-hellman-group1-sha1;diffie-hellman-group14-sha256;diffie-hellman-group16-sha512;diffie-hellman-group18-sha512;diffie-hellman-group-exchange-sha1;diffie-hellman-group-exchange-sha256,ssh-rsa;rsa-sha2-512;rsa-sha2-256,chacha20-poly1305@openssh.com;aes128-ctr;aes192-ctr;aes256-ctr;aes128-gcm@openssh.com;aes256-gcm@openssh.com;aes128-cbc;aes192-cbc;aes256-cbc;blowfish-cbc;cast128-cbc;3des-cbc,umac-64-etm@openssh.com;umac-128-etm@openssh.com;hmac-sha2-256-etm@openssh.com;hmac-sha2-512-etm@openssh.com;hmac-sha1-etm@openssh.com;umac-64@openssh.com;umac-128@openssh.com;hmac-sha2-256;hmac-sha2-512;hmac-sha1,none,,SSH-2.0-OPENSSH_7.9,24
d00d43d15d59705b090cf74488cc2218,"mlkem768x25519-sha256,sntrup761x25519-sha512,sntrup761x25519-sha512@openssh.com,curve25519-sha256,curve25519-sha256@libssh.org,ecdh-sha2-nistp256,ecdh-sha2-nistp384,ecdh-sha2-nistp521,diffie-hellman-group-exchange-sha256,diffie-hellman-group16-sha512,diffie-hellman-group18-sha512,diffie-hellman-group14-sha256,diffie-hellman-group1-sha1,ext-info-c,kex-strict-c-v00@openssh.com;chacha20-poly1305@openssh.com,aes128-gcm@openssh.com,aes256-gcm@openssh.com,aes128-ctr,aes192-ctr,aes256-ctr,3des-cbc;umac-64-etm@openssh.com,umac-128-etm@openssh.com,hmac-sha2-256-etm@openssh.com,hmac-sha2-512-etm@openssh.com,hmac-sha1-etm@openssh.com,umac-64@openssh.com,umac-128@openssh.com,hmac-sha2-256,hmac-sha2-512,hmac-sha1;none,zlib@openssh.com",mlkem768x25519-sha256;sntrup761x25519-sha512;sntrup761x25519-sha512@openssh.com;curve25519-sha256;curve25519-sha256@libssh.org;ecdh-sha2-nistp256;ecdh-sha2-nistp384;ecdh-sha2-nistp521;diffie-hellman-group-exchange-sha256;diffie-hellman-group16-sha512;diffie-hellman-group18-sha512;diffie-hellman-group14-sha256;diffie-hellman-group1-sha1;ext-info-c;kex-strict-c-v00@openssh.com,ssh-ed25519-cert-v01@openssh.com;ecdsa-sha2-nistp256-cert-v01@openssh.com;ecdsa-sha2-nistp384-cert-v01@openssh.com;ecdsa-sha2-nistp521-cert-v01@openssh.com;sk-ssh-ed25519-cert-v01@openssh.com;sk-ecdsa-sha2-nistp256-cert-v01@openssh.com;webauthn-sk-ecdsa-sha2-nistp256-cert-v01@openssh.com;rsa-sha2-512-cert-v01@openssh.com;rsa-sha2-256-cert-v01@openssh.com;ssh-ed25519;ecdsa-sha2-nistp256;ecdsa-sha2-nistp384;ecdsa-sha2-nistp521;sk-ssh-ed25519@openssh.com;sk-ecdsa-sha2-nistp256@openssh.com;webauthn-sk-ecdsa-sha2-nistp256@openssh.com;rsa-sha2-512;rsa-sha2-256;ssh-rsa,chacha20-poly1305@openssh.com;aes128-gcm@openssh.com;aes256-gcm@openssh.com;aes128-ctr;aes192-ctr;aes256-ctr;3des-cbc,umac-64-etm@openssh.com;umac-128-etm@openssh.com;hmac-sha2-256-etm@openssh.com;hmac-sha2-512-etm@openssh.com;hmac-sha1-etm@openssh.com;umac-64@openssh.com;umac-128@openssh.com;hmac-sha2-256;hmac-sha2-512;hmac-sha1,none;zlib@openssh.com,,SSH-2.0-OpenSSH_10.4,24
b893695067f94c8d2ed92025b192c636,"curve25519-sha256,curve25519-sha256@libssh.org,ecdh-sha2-nistp256,ecdh-sha2-nistp384,ecdh-sha2-nistp521,diffie-hellman-group14-sha256,diffie-hellman-group14-sha1,diffie-hellman-group1-sha1,diffie-hellman-group-exchange-sha256,curve25519-sha256@libssh.org,ecdh-sha2-nistp256,ecdh-sha2-nistp384,ecdh-sha2-nistp521,diffie-hellman-group14-sha1,diffie-hellman-group1-sha1,diffie-hellman-group-exchange-sha256,ext-info-c;aes128-ctr,aes192-ctr,aes256-ctr,aes128-gcm@openssh.com,aes256-gcm@openssh.com,chacha20-poly1305@openssh.com,arcfour256,arcfour128,arcfour,aes128-cbc,3des-cbc,aes128-ctr,aes192-ctr,aes256-ctr,aes128-gcm@openssh.com,arcfour256,arcfour128;hmac-sha2-256-etm@openssh.com,hmac-sha2-256,hmac-sha1,hmac-sha1-96;none",curve25519-sha256;curve25519-sha256@libssh.org;ecdh-sha2-nistp256;ecdh-sha2-nistp384;ecdh-sha2-nistp521;diffie-hellman-group14-sha256;diffie-hellman-group14-sha1;diffie-hellman-group1-sha1;diffie-hellman-group-exchange-sha256;curve25519-sha256@libssh.org;ecdh-sha2-nistp256;ecdh-sha2-nistp384;ecdh-sha2-nistp521;diffie-hellman-group14-sha1;diffie-hellman-group1-sha1;diffie-hellman-group-exchange-sha256;ext-info-c,ssh-rsa;ssh-rsa-cert-v01@openssh.com;ssh-dss-cert-v01@openssh.com;ecdsa-sha2-nistp256-cert-v01@openssh.com;ecdsa-sha2-nistp384-cert-v01@openssh.com;ecdsa-sha2-nistp521-cert-v01@openssh.com;ssh-ed25519-cert-v01@openssh.com;ecdsa-sha2-nistp256;ecdsa-sha2-nistp384;ecdsa-sha2-nistp521;ssh-rsa;ssh-dss;ssh-ed25519;rsa-sha2-512;rsa-sha2-256,aes128-ctr;aes192-ctr;aes256-ctr;aes128-gcm@openssh.com;aes256-gcm@openssh.com;chacha20-poly1305@openssh.com;arcfour256;arcfour128;arcfour;aes128-cbc;3des-cbc;aes128-ctr;aes192-ctr;aes256-ctr;aes128-gcm@openssh.com;arcfour256;arcfour128,hmac-sha2-256-etm@openssh.com;hmac-sha2-256;hmac-sha1;hmac-sha1-96,none,,SSH-2.0-OpenSSH_7.4,23
4c20a8895324b3c7237a4a6394b42d89,"mlkem768x25519-sha256,curve25519-sha256,curve25519-sha256@libssh.org,ecdh-sha2-nistp256,ecdh-sha2-nistp384,ecdh-sha2-nistp521,diffie-hellman-group14-sha256,diffie-hellman-group14-sha1,diffie-hellman-group1-sha1,ext-info-c,kex-strict-c-v00@openssh.com;aes128-gcm@openssh.com,chacha20-poly1305@openssh.com,aes128-ctr,aes192-ctr,aes256-ctr,aes128-cbc,3des-cbc;hmac-sha2-256-etm@openssh.com,hmac-sha2-512-etm@openssh.com,hmac-sha2-256,hmac-sha2-512,hmac-sha1,hmac-sha1-96;none",mlkem768x25519-sha256;curve25519-sha256;curve25519-sha256@libssh.org;ecdh-sha2-nistp256;ecdh-sha2-nistp384;ecdh-sha2-nistp521;diffie-hellman-group14-sha256;diffie-hellman-group14-sha1;diffie-hellman-group1-sha1;ext-info-c;kex-strict-c-v00@openssh.com,rsa-sha2-256-cert-v01@openssh.com;rsa-sha2-512-cert-v01@openssh.com;ssh-rsa-cert-v01@openssh.com;ssh-dss-cert-v01@openssh.com;ecdsa-sha2-nistp256-cert-v01@openssh.com;ecdsa-sha2-nistp384-cert-v01@openssh.com;ecdsa-sha2-nistp521-cert-v01@openssh.com;ssh-ed25519-cert-v01@openssh.com;ecdsa-sha2-nistp256;ecdsa-sha2-nistp384;ecdsa-sha2-nistp521;rsa-sha2-256;rsa-sha2-512;ssh-rsa;ssh-dss;ssh-ed25519,aes128-gcm@openssh.com;chacha20-poly1305@openssh.com;aes128-ctr;aes192-ctr;aes256-ctr;aes128-cbc;3des-cbc,hmac-sha2-256-etm@openssh.com;hmac-sha2-512-etm@openssh.com;hmac-sha2-256;hmac-sha2-512;hmac-sha1;hmac-sha1-96,none,,SSH-2.0-Go,23
983458c46a36aa63b109878398a344bf,"curve25519-sha256,curve25519-sha256@libssh.org,diffie-hellman-group-exchange-sha1,diffie-hellman-group-exchange-sha256,diffie-hellman-group1-sha1,diffie-hellman-group14-sha1,diffie-hellman-group14-sha256,diffie-hellman-group15-sha512,diffie-hellman-group16-sha512,diffie-hellman-group17-sha512,diffie-hellman-group18-sha512,ecdh-sha2-nistp256,ecdh-sha2-nistp384,ecdh-sha2-nistp521,none;chacha20-poly1305@openssh.com,aes256-gcm@openssh.com,aes256-ctr,aes192-ctr,aes128-ctr;hmac-sha2-512-etm@openssh.com,hmac-sha2-256-etm@openssh.com,hmac-sha2-512,hmac-sha2-256,hmac-sha1-etm@openssh.com,hmac-sha1;none,zlib,zlib@openssh.com",curve25519-sha256;curve25519-sha256@libssh.org;diffie-hellman-group-exchange-sha1;diffie-hellman-group-exchange-sha256;diffie-hellman-group1-sha1;diffie-hellman-group14-sha1;diffie-hellman-group14-sha256;diffie-hellman-group15-sha512;diffie-hellman-group16-sha512;diffie-hellman-group17-sha512;diffie-hellman-group18-sha512;ecdh-sha2-nistp256;ecdh-sha2-nistp384;ecdh-sha2-nistp521;none,ssh-ed25519;ecdsa-sha2-nistp256;ecdsa-sha2-nistp384;ecdsa-sha2-nistp521;rsa-sha2-512;rsa-sha2-256;ssh-rsa,chacha20-poly1305@openssh.com;aes256-gcm@openssh.com;aes256-ctr;aes192-ctr;aes128-ctr,hmac-sha2-512-etm@openssh.com;hmac-sha2-256-etm@openssh.com;hmac-sha2-512;hmac-sha2-256;hmac-sha1-etm@openssh.com;hmac-sha1,none;zlib;zlib@openssh.com,,SSH-2.0-OpenSSH_9.8,22
46c5bd9748882f1a5d75753fb7d47a61,"curve25519-sha256@libssh.org,ecdh-sha2-nistp256,ecdh-sha2-nistp384,ecdh-sha2-nistp521,diffie-hellman-group-exchange-sha256,diffie-hellman-group14-sha1,diffie-hellman-group-exchange-sha1,diffie-hellman-group1-sha1;aes128-ctr,aes192-ctr,aes256-ctr,aes128-gcm@openssh.com,aes256-gcm@openssh.com,chacha20-poly1305@openssh.com,arcfour256,arcfour128,aes128-cbc,3des-cbc,blowfish-cbc,cast128-cbc,aes192-cbc,aes256-cbc,arcfour,rijndael-cbc@lysator.liu.se;umac-64-etm@openssh.com,umac-128-etm@openssh.com,hmac-sha2-256-etm@openssh.com,hmac-sha2-512-etm@openssh.com,hmac-sha1-etm@openssh.com,umac-64@openssh.com,umac-128@openssh.com,hmac-sha2-256,hmac-sha2-512,hmac-sha1,hmac-md5-etm@openssh.com,hmac-ripemd160-etm@openssh.com,hmac-sha1-96-etm@openssh.com,hmac-md5-96-etm@openssh.com,hmac-md5,hmac-ripemd160,hmac-ripemd160@openssh.com,hmac-sha1-96,hmac-md5-96;none,zlib@openssh.com,zlib",curve25519-sha256@libssh.org;ecdh-sha2-nistp256;ecdh-sha2-nistp384;ecdh-sha2-nistp521;diffie-hellman-group-exchange-sha256;diffie-hellman-group14-sha1;diffie-hellman-group-exchange-sha1;diffie-hellman-group1-sha1,ecdsa-sha2-nistp256-cert-v01@openssh.com;ecdsa-sha2-nistp384-cert-v01@openssh.com;ecdsa-sha2-nistp521-cert-v01@openssh.com;ssh-ed25519-cert-v01@openssh.com;ssh-rsa-cert-v01@openssh.com;ssh-dss-cert-v01@openssh.com;ssh-rsa-cert-v00@openssh.com;ssh-dss-cert-v00@openssh.com;ecdsa-sha2-nistp256;ecdsa-sha2-nistp384;ecdsa-sha2-nistp521;ssh-ed25519;ssh-rsa;ssh-dss,aes128-ctr;aes192-ctr;aes256-ctr;aes128-gcm@openssh.com;aes256-gcm@openssh.com;chacha20-poly1305@openssh.com;arcfour256;arcfour128;aes128-cbc;3des-cbc;blowfish-cbc;cast128-cbc;aes192-cbc;aes256-cbc;arcfour;rijndael-cbc@lysator.liu.se,umac-64-etm@openssh.com;umac-128-etm@openssh.com;hmac-sha2-256-etm@openssh.com;hmac-sha2-512-etm@openssh.com;hmac-sha1-etm@openssh.com;umac-64@openssh.com;umac-128@openssh.com;hmac-sha2-256;hmac-sha2-512;hmac-sha1;hmac-md5-etm@openssh.com;hmac-ripemd160-etm@openssh.com;hmac-sha1-96-etm@openssh.com;hmac-md5-96-etm@openssh.com;hmac-md5;hmac-ripemd160;hmac-ripemd160@openssh.com;hmac-sha1-96;hmac-md5-96,none;zlib@openssh.com;zlib,,SSH-2.0-OpenSSH_6.7p1 Raspbian-5+deb8u3,20
ec9ea89c70f5fc71cf61061bff5e4740,"curve25519-sha256,curve25519-sha256@libssh.org,ecdh-sha2-nistp256,ecdh-sha2-nistp384,ecdh-sha2-nistp521,diffie-hellman-group-exchange-sha256,diffie-hellman-group16-sha512,diffie-hellman-group18-sha512,diffie-hellman-group-exchange-sha1,diffie-hellman-group14-sha256,diffie-hellman-group14-sha1,diffie-hellman-group1-sha1,ext-info-c;chacha20-poly1305@openssh.com,aes128-ctr,aes192-ctr,aes256-ctr,aes128-gcm@openssh.com,aes256-gcm@openssh.com,aes128-cbc,aes192-cbc,aes256-cbc;umac-64-etm@openssh.com,umac-128-etm@openssh.com,hmac-sha2-256-etm@openssh.com,hmac-sha2-512-etm@openssh.com,hmac-sha1-etm@openssh.com,umac-64@openssh.com,umac-128@openssh.com,hmac-sha2-256,hmac-sha2-512,hmac-sha1;none,zlib@openssh.com,zlib",curve25519-sha256;curve25519-sha256@libssh.org;ecdh-sha2-nistp256;ecdh-sha2-nistp384;ecdh-sha2-nistp521;diffie-hellman-group-exchange-sha256;diffie-hellman-group16-sha512;diffie-hellman-group18-sha512;diffie-hellman-group-exchange-sha1;diffie-hellman-group14-sha256;diffie-hellman-group14-sha1;diffie-hellman-group1-sha1;ext-info-c,ecdsa-sha2-nistp256-cert-v01@openssh.com;ecdsa-sha2-nistp384-cert-v01@openssh.com;ecdsa-sha2-nistp521-cert-v01@openssh.com;ecdsa-sha2-nistp256;ecdsa-sha2-nistp384;ecdsa-sha2-nistp521;ssh-ed25519-cert-v01@openssh.com;ssh-rsa-cert-v01@openssh.com;ssh-dss-cert-v01@openssh.com;ssh-ed25519;rsa-sha2-512;rsa-sha2-256;ssh-rsa;ssh-dss,chacha20-poly1305@openssh.com;aes128-ctr;aes192-ctr;aes256-ctr;aes128-gcm@openssh.com;aes256-gcm@openssh.com;aes128-cbc;aes192-cbc;aes256-cbc,umac-64-etm@openssh.com;umac-128-etm@openssh.com;hmac-sha2-256-etm@openssh.com;hmac-sha2-512-etm@openssh.com;hmac-sha1-etm@openssh.com;umac-64@openssh.com;umac-128@openssh.com;hmac-sha2-256;hmac-sha2-512;hmac-sha1,none;zlib@openssh.com;zlib,,SSH-2.0-OpenSSH_7.4,19
1b8acd46a07d2dc9854db9ec4044c45c,"curve25519-sha256,curve25519-sha256@libssh.org,diffie-hellman-group-exchange-sha256,diffie-hellman-group18-sha512,diffie-hellman-group17-sha512,diffie-hellman-group16-sha512,diffie-hellman-group15-sha512,diffie-hellman-group14-sha256,ext-info-c,kex-strict-c-v00@openssh.com;chacha20-poly1305@openssh.com,aes256-gcm@openssh.com,aes256-ctr,aes192-ctr,aes128-ctr;hmac-sha2-512-etm@openssh.com,hmac-sha2-256-etm@openssh.com,hmac-sha2-512,hmac-sha2-256,hmac-sha1-etm@openssh.com,hmac-sha1;none,zlib,zlib@openssh.com",curve25519-sha256;curve25519-sha256@libssh.org;diffie-hellman-group-exchange-sha256;diffie-hellman-group18-sha512;diffie-hellman-group17-sha512;diffie-hellman-group16-sha512;diffie-hellman-group15-sha512;diffie-hellman-group14-sha256;ext-info-c;kex-strict-c-v00@openssh.com,ssh-ed25519;ecdsa-sha2-nistp256;ecdsa-sha2-nistp384;ecdsa-sha2-nistp521;rsa-sha2-512;rsa-sha2-256;ssh-rsa,chacha20-poly1305@openssh.com;aes256-gcm@openssh.com;aes256-ctr;aes192-ctr;aes128-ctr,hmac-sha2-512-etm@openssh.com;hmac-sha2-256-etm@openssh.com;hmac-sha2-512;hmac-sha2-256;hmac-sha1-etm@openssh.com;hmac-sha1,none;zlib;zlib@openssh.com,,SSH-2.0-russh_0.51.1,19
80ed13ac81995cbc726bddf8d56cf461,"curve25519-sha256,curve25519-sha256@libssh.org,ecdh-sha2-nistp256,ecdh-sha2-nistp384,ecdh-sha2-nistp521,diffie-hellman-group-exchange-sha256,diffie-hellman-group14-sha256,diffie-hellman-group16-sha512,diffie-hellman-group14-sha1,diffie-hellman-group1-sha1;chacha20-poly1305@openssh.com,aes256-gcm@openssh.com,aes128-gcm@openssh.com,aes256-ctr,aes192-ctr,aes128-ctr,aes256-cbc,aes192-cbc,aes128-cbc,3des-cbc,arcfour256,arcfour128;hmac-sha2-256-etm@openssh.com,hmac-sha2-512-etm@openssh.com,hmac-sha2-256,hmac-sha2-512,hmac-sha1,hmac-md5;none,zlib,zlib@openssh.com",curve25519-sha256;curve25519-sha256@libssh.org;ecdh-sha2-nistp256;ecdh-sha2-nistp384;ecdh-sha2-nistp521;diffie-hellman-group-exchange-sha256;diffie-hellman-group14-sha256;diffie-hellman-group16-sha512;diffie-hellman-group14-sha1;diffie-hellman-group1-sha1,ssh-ed25519;ecdsa-sha2-nistp256;ecdsa-sha2-nistp384;ecdsa-sha2-nistp521;rsa-sha2-512;rsa-sha2-256;ssh-rsa;ssh-dss,chacha20-poly1305@openssh.com;aes256-gcm@openssh.com;aes128-gcm@openssh.com;aes256-ctr;aes192-ctr;aes128-ctr;aes256-cbc;aes192-cbc;aes128-cbc;3des-cbc;arcfour256;arcfour128,hmac-sha2-256-etm@openssh.com;hmac-sha2-512-etm@openssh.com;hmac-sha2-256;hmac-sha2-512;hmac-sha1;hmac-md5,none;zlib;zlib@openssh.com,,SSH-2.0-BarkScan_1.0,17
701158e75b508e76f0410d5d22ef9df0,"curve25519-sha256,curve25519-sha256@libssh.org,ecdh-sha2-nistp256,ecdh-sha2-nistp384,ecdh-sha2-nistp521,diffie-hellman-group-exchange-sha256,diffie-hellman-group16-sha512,diffie-hellman-group18-sha512,diffie-hellman-group14-sha256,ext-info-c,kex-strict-c-v00@openssh.com;chacha20-poly1305@openssh.com,aes128-ctr,aes192-ctr,aes256-ctr,aes128-gcm@openssh.com,aes256-gcm@openssh.com;umac-64-etm@openssh.com,umac-128-etm@openssh.com,hmac-sha2-256-etm@openssh.com,hmac-sha2-512-etm@openssh.com,umac-64@openssh.com,umac-128@openssh.com,hmac-sha2-256,hmac-sha2-512;none,zlib@openssh.com,zlib",curve25519-sha256;curve25519-sha256@libssh.org;ecdh-sha2-nistp256;ecdh-sha2-nistp384;ecdh-sha2-nistp521;diffie-hellman-group-exchange-sha256;diffie-hellman-group16-sha512;diffie-hellman-group18-sha512;diffie-hellman-group14-sha256;ext-info-c;kex-strict-c-v00@openssh.com,ssh-ed25519-cert-v01@openssh.com;ecdsa-sha2-nistp256-cert-v01@openssh.com;ecdsa-sha2-nistp384-cert-v01@openssh.com;ecdsa-sha2-nistp521-cert-v01@openssh.com;sk-ssh-ed25519-cert-v01@openssh.com;sk-ecdsa-sha2-nistp256-cert-v01@openssh.com;rsa-sha2-512-cert-v01@openssh.com;rsa-sha2-256-cert-v01@openssh.com;ssh-ed25519;ecdsa-sha2-nistp256;ecdsa-sha2-nistp384;ecdsa-sha2-nistp521;sk-ssh-ed25519@openssh.com;sk-ecdsa-sha2-nistp256@openssh.com;rsa-sha2-512;rsa-sha2-256,chacha20-poly1305@openssh.com;aes128-ctr;aes192-ctr;aes256-ctr;aes128-gcm@openssh.com;aes256-gcm@openssh.com,umac-64-etm@openssh.com;umac-128-etm@openssh.com;hmac-sha2-256-etm@openssh.com;hmac-sha2-512-etm@openssh.com;umac-64@openssh.com;umac-128@openssh.com;hmac-sha2-256;hmac-sha2-512,none;zlib@openssh.com;zlib,,SSH-2.0-OpenSSH_for_Windows_9.5,16
864cef7e4d8ad71d4fb1aadfcf0a3189,"curve25519-sha256@libssh.org,ecdh-sha2-nistp256,ecdh-sha2-nistp384,ecdh-sha2-nistp521,diffie-hellman-group14-sha1,diffie-hellman-group1-sha1;aes128-ctr,aes192-ctr,aes256-ctr,aes128-gcm@openssh.com,arcfour256,arcfour128,arcfour,aes128-cbc,3des-cbc;hmac-sha2-256,hmac-sha1,hmac-sha1-96;none",curve25519-sha256@libssh.org;ecdh-sha2-nistp256;ecdh-sha2-nistp384;ecdh-sha2-nistp521;diffie-hellman-group14-sha1;diffie-hellman-group1-sha1,ssh-rsa-cert-v01@openssh.com;ssh-dss-cert-v01@openssh.com;ecdsa-sha2-nistp256-cert-v01@openssh.com;ecdsa-sha2-nistp384-cert-v01@openssh.com;ecdsa-sha2-nistp521-cert-v01@openssh.com;ssh-ed25519-cert-v01@openssh.com;ecdsa-sha2-nistp256;ecdsa-sha2-nistp384;ecdsa-sha2-nistp521;ssh-rsa;ssh-dss;ssh-ed25519,aes128-ctr;aes192-ctr;aes256-ctr;aes128-gcm@openssh.com;arcfour256;arcfour128;arcfour;aes128-cbc;3des-cbc,hmac-sha2-256;hmac-sha1;hmac-sha1-96,none,,SSH-2.0-Go,16
ae8bd7dd09970555aa4c6ed22adbbf56,"curve25519-sha256,curve25519-sha256@libssh.org,ecdh-sha2-nistp256,ecdh-sha2-nistp384,ecdh-sha2-nistp521,diffie-hellman-group-exchange-sha256,diffie-hellman-group16-sha512,diffie-hellman-group18-sha512,diffie-hellman-group14-sha256,ext-info-c;chacha20-poly1305@openssh.com,aes128-ctr,aes192-ctr,aes256-ctr,aes128-gcm@openssh.com,aes256-gcm@openssh.com;umac-64-etm@openssh.com,umac-128-etm@openssh.com,hmac-sha2-256-etm@openssh.com,hmac-sha2-512-etm@openssh.com,hmac-sha1-etm@openssh.com,umac-64@openssh.com,umac-128@openssh.com,hmac-sha2-256,hmac-sha2-512,hmac-sha1;none,zlib@openssh.com,zlib",curve25519-sha256;curve25519-sha256@libssh.org;ecdh-sha2-nistp256;ecdh-sha2-nistp384;ecdh-sha2-nistp521;diffie-hellman-group-exchange-sha256;diffie-hellman-group16-sha512;diffie-hellman-group18-sha512;diffie-hellman-group14-sha256;ext-info-c,ecdsa-sha2-nistp256-cert-v01@openssh.com;ecdsa-sha2-nistp384-cert-v01@openssh.com;ecdsa-sha2-nistp521-cert-v01@openssh.com;sk-ecdsa-sha2-nistp256-cert-v01@openssh.com;ssh-ed25519-cert-v01@openssh.com;sk-ssh-ed25519-cert-v01@openssh.com;rsa-sha2-512-cert-v01@openssh.com;rsa-sha2-256-cert-v01@openssh.com;ssh-rsa-cert-v01@openssh.com;ecdsa-sha2-nistp256;ecdsa-sha2-nistp384;ecdsa-sha2-nistp521;sk-ecdsa-sha2-nistp256@openssh.com;ssh-ed25519;sk-ssh-ed25519@openssh.com;rsa-sha2-512;rsa-sha2-256;ssh-rsa,chacha20-poly1305@openssh.com;aes128-ctr;aes192-ctr;aes256-ctr;aes128-gcm@openssh.com;aes256-gcm@openssh.com,umac-64-etm@openssh.com;umac-128-etm@openssh.com;hmac-sha2-256-etm@openssh.com;hmac-sha2-512-etm@openssh.com;hmac-sha1-etm@openssh.com;umac-64@openssh.com;umac-128@openssh.com;hmac-sha2-256;hmac-sha2-512;hmac-sha1,none;zlib@openssh.com;zlib,,SSH-2.0-OpenSSH_8.4p1 Debian-5+deb11u1,16
3ccd1778a76049721c71ad7d2bf62bbc,"curve25519-sha256,curve25519-sha256@libssh.org,ecdh-sha2-nistp256,ecdh-sha2-nistp384,ecdh-sha2-nistp521,diffie-hellman-group-exchange-sha256,diffie-hellman-group16-sha512,diffie-hellman-group18-sha512,diffie-hellman-group14-sha256;chacha20-poly1305@openssh.com,aes128-ctr,aes192-ctr,aes256-ctr,aes128-gcm@openssh.com,aes256-gcm@openssh.com;umac-64-etm@openssh.com,umac-128-etm@openssh.com,hmac-sha2-256-etm@openssh.com,hmac-sha2-512-etm@openssh.com,hmac-sha1-etm@openssh.com,umac-64@openssh.com,umac-128@openssh.com,hmac-sha2-256,hmac-sha2-512,hmac-sha1;none,zlib@openssh.com",curve25519-sha256;curve25519-sha256@libssh.org;ecdh-sha2-nistp256;ecdh-sha2-nistp384;ecdh-sha2-nistp521;diffie-hellman-group-exchange-sha256;diffie-hellman-group16-sha512;diffie-hellman-group18-sha512;diffie-hellman-group14-sha256,ecdsa-sha2-nistp256;ecdsa-sha2-nistp384;ecdsa-sha2-nistp521,chacha20-poly1305@openssh.com;aes128-ctr;aes192-ctr;aes256-ctr;aes128-gcm@openssh.com;aes256-gcm@openssh.com,umac-64-etm@openssh.com;umac-128-etm@openssh.com;hmac-sha2-256-etm@openssh.com;hmac-sha2-512-etm@openssh.com;hmac-sha1-etm@openssh.com;umac-64@openssh.com;umac-128@openssh.com;hmac-sha2-256;hmac-sha2-512;hmac-sha1,none;zlib@openssh.com,,SSH-2.0-OpenSSH-keyscan,15
d6729b7f24428169e981ad4840063ca5,"curve25519-sha256@libssh.org,ecdh-sha2-nistp256,ecdh-sha2-nistp384,ecdh-sha2-nistp521,diffie-hellman-group16-sha512,diffie-hellman-group-exchange-sha256,diffie-hellman-group14-sha256,diffie-hellman-group-exchange-sha1,diffie-hellman-group14-sha1,diffie-hellman-group1-sha1,ext-info-c;aes128-ctr,aes192-ctr,aes256-ctr,aes128-cbc,aes192-cbc,aes256-cbc,blowfish-cbc,3des-cbc;hmac-sha2-256,hmac-sha2-512,hmac-sha2-256-etm@openssh.com,hmac-sha2-512-etm@openssh.com,hmac-sha1,hmac-md5,hmac-sha1-96,hmac-md5-96;none",curve25519-sha256@libssh.org;ecdh-sha2-nistp256;ecdh-sha2-nistp384;ecdh-sha2-nistp521;diffie-hellman-group16-sha512;diffie-hellman-group-exchange-sha256;diffie-hellman-group14-sha256;diffie-hellman-group-exchange-sha1;diffie-hellman-group14-sha1;diffie-hellman-group1-sha1;ext-info-c,ssh-ed25519;ecdsa-sha2-nistp256;ecdsa-sha2-nistp384;ecdsa-sha2-nistp521;rsa-sha2-512;rsa-sha2-256;ssh-rsa;ssh-dss,aes128-ctr;aes192-ctr;aes256-ctr;aes128-cbc;aes192-cbc;aes256-cbc;blowfish-cbc;3des-cbc,hmac-sha2-256;hmac-sha2-512;hmac-sha2-256-etm@openssh.com;hmac-sha2-512-etm@openssh.com;hmac-sha1;hmac-md5;hmac-sha1-96;hmac-md5-96,none,,SSH-2.0-paramiko_2.9.2,13
31b65bab4ac27e736f781de015b3bf54,"curve25519-sha256,curve25519-sha256@libssh.org,ecdh-sha2-nistp256,ecdh-sha2-nistp384,ecdh-sha2-nistp521,diffie-hellman-group-exchange-sha256,diffie-hellman-group16-sha512,diffie-hellman-group18-sha512,diffie-hellman-group-exchange-sha1,diffie-hellman-group14-sha256,diffie-hellman-group14-sha1;chacha20-poly1305@openssh.com,aes128-ctr,aes192-ctr,aes256-ctr,aes128-gcm@openssh.com,aes256-gcm@openssh.com;umac-64-etm@openssh.com,umac-128-etm@openssh.com,hmac-sha2-256-etm@openssh.com,hmac-sha2-512-etm@openssh.com,hmac-sha1-etm@openssh.com,umac-64@openssh.com,umac-128@openssh.com,hmac-sha2-256,hmac-sha2-512,hmac-sha1;none,zlib@openssh.com",curve25519-sha256;curve25519-sha256@libssh.org;ecdh-sha2-nistp256;ecdh-sha2-nistp384;ecdh-sha2-nistp521;diffie-hellman-group-exchange-sha256;diffie-hellman-group16-sha512;diffie-hellman-group18-sha512;diffie-hellman-group-exchange-sha1;diffie-hellman-group14-sha256;diffie-hellman-group14-sha1,ssh-ed25519,chacha20-poly1305@openssh.com;aes128-ctr;aes192-ctr;aes256-ctr;aes128-gcm@openssh.com;aes256-gcm@openssh.com,umac-64-etm@openssh.com;umac-128-etm@openssh.com;hmac-sha2-256-etm@openssh.com;hmac-sha2-512-etm@openssh.com;hmac-sha1-etm@openssh.com;umac-64@openssh.com;umac-128@openssh.com;hmac-sha2-256;hmac-sha2-512;hmac-sha1,none;zlib@openssh.com,,SSH-2.0-OpenSSH-keyscan,12
e57221504a700ba6ecfb7c89dbf0009b,"curve25519-sha256,curve25519-sha256@libssh.org,ecdh-sha2-nistp256,ecdh-sha2-nistp384,ecdh-sha2-nistp521,diffie-hellman-group18-sha512,diffie-hellman-group16-sha512,diffie-hellman-group-exchange-sha256,diffie-hellman-group14-sha256,ext-info-c,kex-strict-c-v00@openssh.com;aes256-ctr,aes192-ctr,aes128-ctr,aes256-cbc,aes192-cbc,aes128-cbc,3des-cbc;hmac-sha1;none,zlib@openssh.com",curve25519-sha256;curve25519-sha256@libssh.org;ecdh-sha2-nistp256;ecdh-sha2-nistp384;ecdh-sha2-nistp521;diffie-hellman-group18-sha512;diffie-hellman-group16-sha512;diffie-hellman-group-exchange-sha256;diffie-hellman-group14-sha256;ext-info-c;kex-strict-c-v00@openssh.com,ssh-ed25519;ecdsa-sha2-nistp521;ecdsa-sha2-nistp384;ecdsa-sha2-nistp256;sk-ssh-ed25519@openssh.com;sk-ecdsa-sha2-nistp256@openssh.com;rsa-sha2-512;rsa-sha2-256,aes256-ctr;aes192-ctr;aes128-ctr;aes256-cbc;aes192-cbc;aes128-cbc;3des-cbc,hmac-sha1,none;zlib@openssh.com,,SSH-2.0-libssh_0.11.1,11
0079dec6da0c13e5e8d1ea56ca556b64,"ecdh-sha2-nistp256,ecdh-sha2-nistp384,ecdh-sha2-nistp521,diffie-hellman-group-exchange-sha256,diffie-hellman-group16-sha512,diffie-hellman-group18-sha512,diffie-hellman-group14-sha256,diffie-hellman-group14-sha1,diffie-hellman-group1-sha1,diffie-hellman-group-exchange-sha1,ext-info-c;aes256-ctr,aes192-ctr,aes128-ctr,aes256-cbc,rijndael-cbc@lysator.liu.se,aes192-cbc,aes128-cbc,blowfish-cbc,arcfour128,arcfour,cast128-cbc,3des-cbc;hmac-sha2-256,hmac-sha2-256-etm@openssh.com,hmac-sha2-512,hmac-sha2-512-etm@openssh.com,hmac-sha1,hmac-sha1-etm@openssh.com,hmac-sha1-96,hmac-md5,hmac-md5-96,hmac-ripemd160,hmac-ripemd160@openssh.com;none",ecdh-sha2-nistp256;ecdh-sha2-nistp384;ecdh-sha2-nistp521;diffie-hellman-group-exchange-sha256;diffie-hellman-group16-sha512;diffie-hellman-group18-sha512;diffie-hellman-group14-sha256;diffie-hellman-group14-sha1;diffie-hellman-group1-sha1;diffie-hellman-group-exchange-sha1;ext-info-c,ecdsa-sha2-nistp256;ecdsa-sha2-nistp384;ecdsa-sha2-nistp521;ecdsa-sha2-nistp256-cert-v01@openssh.com;ecdsa-sha2-nistp384-cert-v01@openssh.com;ecdsa-sha2-nistp521-cert-v01@openssh.com;rsa-sha2-512;rsa-sha2-256;ssh-rsa;ssh-rsa-cert-v01@openssh.com;ssh-dss,aes256-ctr;aes192-ctr;aes128-ctr;aes256-cbc;rijndael-cbc@lysator.liu.se;aes192-cbc;aes128-cbc;blowfish-cbc;arcfour128;arcfour;cast128-cbc;3des-cbc,hmac-sha2-256;hmac-sha2-256-etm@openssh.com;hmac-sha2-512;hmac-sha2-512-etm@openssh.com;hmac-sha1;hmac-sha1-etm@openssh.com;hmac-sha1-96;hmac-md5;hmac-md5-96;hmac-ripemd160;hmac-ripemd160@openssh.com,none,,SSH-2.0-libssh2_1.11.0,10
ec4c9f2e6ed43a4daa4b49bdb34fe9df,"mlkem768x25519-sha256,mlkem768nistp256-sha256,sntrup761x25519-sha512,sntrup761x25519-sha512@openssh.com,curve25519-sha256,curve25519-sha256@libssh.org,ecdh-sha2-nistp256,ecdh-sha2-nistp384,ecdh-sha2-nistp521,diffie-hellman-group18-sha512,diffie-hellman-group16-sha512,diffie-hellman-group-exchange-sha256,diffie-hellman-group14-sha256,ext-info-c,kex-strict-c-v00@openssh.com;aes128-ctr,aes192-ctr,aes256-ctr;hmac-sha2-512,hmac-sha2-256;none,zlib@openssh.com",mlkem768x25519-sha256;mlkem768nistp256-sha256;sntrup761x25519-sha512;sntrup761x25519-sha512@openssh.com;curve25519-sha256;curve25519-sha256@libssh.org;ecdh-sha2-nistp256;ecdh-sha2-nistp384;ecdh-sha2-nistp521;diffie-hellman-group18-sha512;diffie-hellman-group16-sha512;diffie-hellman-group-exchange-sha256;diffie-hellman-group14-sha256;ext-info-c;kex-strict-c-v00@openssh.com,ssh-ed25519;ecdsa-sha2-nistp521;ecdsa-sha2-nistp384;ecdsa-sha2-nistp256;sk-ssh-ed25519@openssh.com;sk-ecdsa-sha2-nistp256@openssh.com;rsa-sha2-512;rsa-sha2-256,aes128-ctr;aes192-ctr;aes256-ctr,hmac-sha2-512;hmac-sha2-256,none;zlib@openssh.com,,SSH-2.0-libssh_0.12.0,9
3cb24313ef7969100a7527f11b569cd4,"diffie-hellman-group1-sha1,curve25519-sha256@libssh.org,ecdh-sha2-nistp256,ecdh-sha2-nistp384,ecdh-sha2-nistp521,diffie-hellman-group-exchange-sha256,diffie-hellman-group14-sha1,ext-info-c;3des-cbc,aes128-cbc,aes128-ctr,aes256-ctr;hmac-sha2-256-etm@openssh.com,hmac-sha2-512-etm@openssh.com,hmac-sha1-etm@openssh.com,hmac-sha2-256,hmac-sha2-512,hmac-sha1;none",diffie-hellman-group1-sha1;curve25519-sha256@libssh.org;ecdh-sha2-nistp256;ecdh-sha2-nistp384;ecdh-sha2-nistp521;diffie-hellman-group-exchange-sha256;diffie-hellman-group14-sha1;ext-info-c,ssh-ed25519;ecdsa-sha2-nistp521;ecdsa-sha2-nistp384;ecdsa-sha2-nistp256;rsa-sha2-512;rsa-sha2-256;ssh-rsa;ssh-dss,3des-cbc;aes128-cbc;aes128-ctr;aes256-ctr,hmac-sha2-256-etm@openssh.com;hmac-sha2-512-etm@openssh.com;hmac-sha1-etm@openssh.com;hmac-sha2-256;hmac-sha2-512;hmac-sha1,none,,SSH-2.0-libssh_0.9.6,9
671ac49b8bd65b9e8ff02a3e690f0fd3,"curve25519-sha256,curve25519-sha256@libssh.org,ecdh-sha2-nistp256,ecdh-sha2-nistp384,ecdh-sha2-nistp521,diffie-hellman-group18-sha512,diffie-hellman-group16-sha512,diffie-hellman-group-exchange-sha256,diffie-hellman-group14-sha256,diffie-hellman-group14-sha1,diffie-hellman-group1-sha1,ext-info-c;aes128-ctr,aes192-ctr,aes256-ctr;hmac-sha2-512,hmac-sha2-256;none",curve25519-sha256;curve25519-sha256@libssh.org;ecdh-sha2-nistp256;ecdh-sha2-nistp384;ecdh-sha2-nistp521;diffie-hellman-group18-sha512;diffie-hellman-group16-sha512;diffie-hellman-group-exchange-sha256;diffie-hellman-group14-sha256;diffie-hellman-group14-sha1;diffie-hellman-group1-sha1;ext-info-c,ssh-ed25519;ecdsa-sha2-nistp521;ecdsa-sha2-nistp384;ecdsa-sha2-nistp256;rsa-sha2-512;rsa-sha2-256;ssh-rsa;ssh-dss,aes128-ctr;aes192-ctr;aes256-ctr,hmac-sha2-512;hmac-sha2-256,none,,SSH-2.0-libssh_0.9.6,9
44ac1859818d6cacfb48ec9cb230b3f0,"curve25519-sha256,curve25519-sha256@libssh.org,ecdh-sha2-nistp256,ecdh-sha2-nistp384,ecdh-sha2-nistp521,diffie-hellman-group-exchange-sha256,diffie-hellman-group16-sha512,diffie-hellman-group18-sha512,diffie-hellman-group14-sha256,diffie-hellman-group14-sha1,diffie-hellman-group1-sha1,diffie-hellman-group-exchange-sha1,ext-info-c,kex-strict-c-v00@openssh.com;aes256-gcm@openssh.com,aes128-gcm@openssh.com,aes256-ctr,aes192-ctr,aes128-ctr,aes256-cbc,rijndael-cbc@lysator.liu.se,aes192-cbc,aes128-cbc,blowfish-cbc,arcfour128,arcfour,cast128-cbc,3des-cbc;hmac-sha2-256,hmac-sha2-256-etm@openssh.com,hmac-sha2-512,hmac-sha2-512-etm@openssh.com,hmac-sha1,hmac-sha1-etm@openssh.com,hmac-sha1-96,hmac-md5,hmac-md5-96,hmac-ripemd160,hmac-ripemd160@openssh.com;none",curve25519-sha256;curve25519-sha256@libssh.org;ecdh-sha2-nistp256;ecdh-sha2-nistp384;ecdh-sha2-nistp521;diffie-hellman-group-exchange-sha256;diffie-hellman-group16-sha512;diffie-hellman-group18-sha512;diffie-hellman-group14-sha256;diffie-hellman-group14-sha1;diffie-hellman-group1-sha1;diffie-hellman-group-exchange-sha1;ext-info-c;kex-strict-c-v00@openssh.com,ecdsa-sha2-nistp256;ecdsa-sha2-nistp384;ecdsa-sha2-nistp521;ecdsa-sha2-nistp256-cert-v01@openssh.com;ecdsa-sha2-nistp384-cert-v01@openssh.com;ecdsa-sha2-nistp521-cert-v01@openssh.com;ssh-ed25519;ssh-ed25519-cert-v01@openssh.com;rsa-sha2-512;rsa-sha2-256;ssh-rsa;ssh-rsa-cert-v01@openssh.com;ssh-dss,aes256-gcm@openssh.com;aes128-gcm@openssh.com;aes256-ctr;aes192-ctr;aes128-ctr;aes256-cbc;rijndael-cbc@lysator.liu.se;aes192-cbc;aes128-cbc;blowfish-cbc;arcfour128;arcfour;cast128-cbc;3des-cbc,hmac-sha2-256;hmac-sha2-256-etm@openssh.com;hmac-sha2-512;hmac-sha2-512-etm@openssh.com;hmac-sha1;hmac-sha1-etm@openssh.com;hmac-sha1-96;hmac-md5;hmac-md5-96;hmac-ripemd160;hmac-ripemd160@openssh.com,none,,SSH-2.0-libssh2_1.11.0,8
f93d28ee0c77e2612b27491518d909f4,"curve25519-sha256,curve25519-sha256@libssh.org,ecdh-sha2-nistp256,ecdh-sha2-nistp384,ecdh-sha2-nistp521,diffie-hellman-group18-sha512,diffie-hellman-group16-sha512,diffie-hellman-group-exchange-sha256,diffie-hellman-group14-sha256,ext-info-c,kex-strict-c-v00@openssh.com;chacha20-poly1305@openssh.com,aes256-gcm@openssh.com,aes128-gcm@openssh.com,aes256-ctr,aes192-ctr,aes128-ctr,;hmac-sha2-256-etm@openssh.com,hmac-sha2-512-etm@openssh.com,hmac-sha2-256,hmac-sha2-512;none,zlib@openssh.com",curve25519-sha256;curve25519-sha256@libssh.org;ecdh-sha2-nistp256;ecdh-sha2-nistp384;ecdh-sha2-nistp521;diffie-hellman-group18-sha512;diffie-hellman-group16-sha512;diffie-hellman-group-exchange-sha256;diffie-hellman-group14-sha256;ext-info-c;kex-strict-c-v00@openssh.com,ssh-ed25519;ecdsa-sha2-nistp521;ecdsa-sha2-nistp384;ecdsa-sha2-nistp256;sk-ssh-ed25519@openssh.com;sk-ecdsa-sha2-nistp256@openssh.com;rsa-sha2-512;rsa-sha2-256,chacha20-poly1305@openssh.com;aes256-gcm@openssh.com;aes128-gcm@openssh.com;aes256-ctr;aes192-ctr;aes128-ctr;,hmac-sha2-256-etm@openssh.com;hmac-sha2-512-etm@openssh.com;hmac-sha2-256;hmac-sha2-512,none;zlib@openssh.com,,SSH-2.0-libssh_0.10.6,8
c8c5fbf80b7b0a1b0e4de5e683f3c5ad,"curve25519-sha256@libssh.org,ecdh-sha2-nistp256,diffie-hellman-group14-sha1,diffie-hellman-group1-sha1;aes256-ctr,aes192-ctr,aes128-ctr,aes256-cbc,aes192-cbc,aes128-cbc,blowfish-cbc,3des-cbc;hmac-sha2-256,hmac-sha2-512,hmac-sha1;none",curve25519-sha256@libssh.org;ecdh-sha2-nistp256;diffie-hellman-group14-sha1;diffie-hellman-group1-sha1,ssh-ed25519;ecdsa-sha2-nistp256;ecdsa-sha2-nistp384;ecdsa-sha2-nistp521;ssh-rsa;ssh-dss,aes256-ctr;aes192-ctr;aes128-ctr;aes256-cbc;aes192-cbc;aes128-cbc;blowfish-cbc;3des-cbc,hmac-sha2-256;hmac-sha2-512;hmac-sha1,none,,SSH-2.0-OpenSSH_5.3,8
c1953cec4623dba5c2bdf4b16e831ea9,"curve25519-sha256,curve25519-sha256@libssh.org,ecdh-sha2-nistp256,ecdh-sha2-nistp384,ecdh-sha2-nistp521,diffie-hellman-group18-sha512,diffie-hellman-group16-sha512,diffie-hellman-group-exchange-sha256,diffie-hellman-group14-sha256,diffie-hellman-group14-sha1,diffie-hellman-group1-sha1,ext-info-c;aes256-ctr,aes192-ctr,aes128-ctr,aes256-cbc,aes192-cbc,aes128-cbc,3des-cbc;hmac-sha1;none",curve25519-sha256;curve25519-sha256@libssh.org;ecdh-sha2-nistp256;ecdh-sha2-nistp384;ecdh-sha2-nistp521;diffie-hellman-group18-sha512;diffie-hellman-group16-sha512;diffie-hellman-group-exchange-sha256;diffie-hellman-group14-sha256;diffie-hellman-group14-sha1;diffie-hellman-group1-sha1;ext-info-c,ssh-ed25519;ecdsa-sha2-nistp521;ecdsa-sha2-nistp384;ecdsa-sha2-nistp256;rsa-sha2-512;rsa-sha2-256;ssh-rsa;ssh-dss,aes256-ctr;aes192-ctr;aes128-ctr;aes256-cbc;aes192-cbc;aes128-cbc;3des-cbc,hmac-sha1,none,,SSH-2.0-libssh_0.9.6,7
e1d88fdd485f9c710074daa1fcce80a6,"curve25519-sha256,curve25519-sha256@libssh.org,ecdh-sha2-nistp256,ecdh-sha2-nistp384,ecdh-sha2-nistp521,sntrup761x25519-sha512@openssh.com,diffie-hellman-group-exchange-sha256,diffie-hellman-group16-sha512,diffie-hellman-group18-sha512,diffie-hellman-group14-sha256,ext-info-c,kex-strict-c-v00@openssh.com;chacha20-poly1305@openssh.com,aes128-ctr,aes192-ctr,aes256-ctr,aes128-gcm@openssh.com,aes256-gcm@openssh.com;umac-64-etm@openssh.com,umac-128-etm@openssh.com,hmac-sha2-256-etm@openssh.com,hmac-sha2-512-etm@openssh.com,hmac-sha1-etm@openssh.com,umac-64@openssh.com,umac-128@openssh.com,hmac-sha2-256,hmac-sha2-512,hmac-sha1;none,zlib@openssh.com,zlib",curve25519-sha256;curve25519-sha256@libssh.org;ecdh-sha2-nistp256;ecdh-sha2-nistp384;ecdh-sha2-nistp521;sntrup761x25519-sha512@openssh.com;diffie-hellman-group-exchange-sha256;diffie-hellman-group16-sha512;diffie-hellman-group18-sha512;diffie-hellman-group14-sha256;ext-info-c;kex-strict-c-v00@openssh.com,ssh-ed25519-cert-v01@openssh.com;ecdsa-sha2-nistp256-cert-v01@openssh.com;ecdsa-sha2-nistp384-cert-v01@openssh.com;ecdsa-sha2-nistp521-cert-v01@openssh.com;sk-ssh-ed25519-cert-v01@openssh.com;sk-ecdsa-sha2-nistp256-cert-v01@openssh.com;rsa-sha2-512-cert-v01@openssh.com;rsa-sha2-256-cert-v01@openssh.com;ssh-ed25519;ecdsa-sha2-nistp256;ecdsa-sha2-nistp384;ecdsa-sha2-nistp521;sk-ssh-ed25519@openssh.com;sk-ecdsa-sha2-nistp256@openssh.com;rsa-sha2-512;rsa-sha2-256,chacha20-poly1305@openssh.com;aes128-ctr;aes192-ctr;aes256-ctr;aes128-gcm@openssh.com;aes256-gcm@openssh.com,umac-64-etm@openssh.com;umac-128-etm@openssh.com;hmac-sha2-256-etm@openssh.com;hmac-sha2-512-etm@openssh.com;hmac-sha1-etm@openssh.com;umac-64@openssh.com;umac-128@openssh.com;hmac-sha2-256;hmac-sha2-512;hmac-sha1,none;zlib@openssh.com;zlib,,SSH-2.0-OpenSSH_8.9p1 Ubuntu-3ubuntu0.14,6
e5a2656914ff0d555d92c2dbb4597ac6,"curve25519-sha256,curve25519-sha256@libssh.org,ecdh-sha2-nistp256,ecdh-sha2-nistp384,ecdh-sha2-nistp521,diffie-hellman-group-exchange-sha256,diffie-hellman-group16-sha512,diffie-hellman-group18-sha512,diffie-hellman-group14-sha256,diffie-hellman-group14-sha1,ext-info-c,kex-strict-c-v00@openssh.com;chacha20-poly1305@openssh.com,aes128-ctr,aes192-ctr,aes256-ctr,aes128-gcm@openssh.com,aes256-gcm@openssh.com;umac-64-etm@openssh.com,umac-128-etm@openssh.com,hmac-sha2-256-etm@openssh.com,hmac-sha2-512-etm@openssh.com,hmac-sha1-etm@openssh.com,umac-64@openssh.com,umac-128@openssh.com,hmac-sha2-256,hmac-sha2-512,hmac-sha1;none,zlib@openssh.com,zlib",curve25519-sha256;curve25519-sha256@libssh.org;ecdh-sha2-nistp256;ecdh-sha2-nistp384;ecdh-sha2-nistp521;diffie-hellman-group-exchange-sha256;diffie-hellman-group16-sha512;diffie-hellman-group18-sha512;diffie-hellman-group14-sha256;diffie-hellman-group14-sha1;ext-info-c;kex-strict-c-v00@openssh.com,ecdsa-sha2-nistp256-cert-v01@openssh.com;ecdsa-sha2-nistp384-cert-v01@openssh.com;ecdsa-sha2-nistp521-cert-v01@openssh.com;ssh-ed25519-cert-v01@openssh.com;rsa-sha2-512-cert-v01@openssh.com;rsa-sha2-256-cert-v01@openssh.com;ssh-rsa-cert-v01@openssh.com;ecdsa-sha2-nistp256;ecdsa-sha2-nistp384;ecdsa-sha2-nistp521;ssh-ed25519;rsa-sha2-512;rsa-sha2-256;ssh-rsa,chacha20-poly1305@openssh.com;aes128-ctr;aes192-ctr;aes256-ctr;aes128-gcm@openssh.com;aes256-gcm@openssh.com,umac-64-etm@openssh.com;umac-128-etm@openssh.com;hmac-sha2-256-etm@openssh.com;hmac-sha2-512-etm@openssh.com;hmac-sha1-etm@openssh.com;umac-64@openssh.com;umac-128@openssh.com;hmac-sha2-256;hmac-sha2-512;hmac-sha1,none;zlib@openssh.com;zlib,,SSH-2.0-OpenSSH_7.9p1 Raspbian-10+deb10u4,6
37af927c22b34d34dab2ca1d341a460f,"curve25519-sha256,curve25519-sha256@libssh.org,ecdh-sha2-nistp256,ecdh-sha2-nistp384,ecdh-sha2-nistp521,diffie-hellman-group-exchange-sha256,diffie-hellman-group16-sha512,diffie-hellman-group18-sha512,diffie-hellman-group-exchange-sha1,diffie-hellman-group14-sha256,diffie-hellman-group14-sha1,diffie-hellman-group1-sha1;chacha20-poly1305@openssh.com,aes128-ctr,aes192-ctr,aes256-ctr,aes128-gcm@openssh.com,aes256-gcm@openssh.com,aes128-cbc,aes192-cbc,aes256-cbc;umac-64-etm@openssh.com,umac-128-etm@openssh.com,hmac-sha2-256-etm@openssh.com,hmac-sha2-512-etm@openssh.com,hmac-sha1-etm@openssh.com,umac-64@openssh.com,umac-128@openssh.com,hmac-sha2-256,hmac-sha2-512,hmac-sha1;none,zlib@openssh.com",curve25519-sha256;curve25519-sha256@libssh.org;ecdh-sha2-nistp256;ecdh-sha2-nistp384;ecdh-sha2-nistp521;diffie-hellman-group-exchange-sha256;diffie-hellman-group16-sha512;diffie-hellman-group18-sha512;diffie-hellman-group-exchange-sha1;diffie-hellman-group14-sha256;diffie-hellman-group14-sha1;diffie-hellman-group1-sha1,ecdsa-sha2-nistp256;ecdsa-sha2-nistp384;ecdsa-sha2-nistp521,chacha20-poly1305@openssh.com;aes128-ctr;aes192-ctr;aes256-ctr;aes128-gcm@openssh.com;aes256-gcm@openssh.com;aes128-cbc;aes192-cbc;aes256-cbc,umac-64-etm@openssh.com;umac-128-etm@openssh.com;hmac-sha2-256-etm@openssh.com;hmac-sha2-512-etm@openssh.com;hmac-sha1-etm@openssh.com;umac-64@openssh.com;umac-128@openssh.com;hmac-sha2-256;hmac-sha2-512;hmac-sha1,none;zlib@openssh.com,,SSH-2.0-OpenSSH-keyscan,6
78c05d999799066a2b4554ce7b1585a6,"sntrup761x25519-sha512@openssh.com,curve25519-sha256,curve25519-sha256@libssh.org,ecdh-sha2-nistp256,ecdh-sha2-nistp384,ecdh-sha2-nistp521,diffie-hellman-group-exchange-sha256,diffie-hellman-group16-sha512,diffie-hellman-group18-sha512,diffie-hellman-group14-sha256,ext-info-c;chacha20-poly1305@openssh.com,aes128-ctr,aes192-ctr,aes256-ctr,aes128-gcm@openssh.com,aes256-gcm@openssh.com;umac-64-etm@openssh.com,umac-128-etm@openssh.com,hmac-sha2-256-etm@openssh.com,hmac-sha2-512-etm@openssh.com,hmac-sha1-etm@openssh.com,umac-64@openssh.com,umac-128@openssh.com,hmac-sha2-256,hmac-sha2-512,hmac-sha1;none,zlib@openssh.com,zlib",sntrup761x25519-sha512@openssh.com;curve25519-sha256;curve25519-sha256@libssh.org;ecdh-sha2-nistp256;ecdh-sha2-nistp384;ecdh-sha2-nistp521;diffie-hellman-group-exchange-sha256;diffie-hellman-group16-sha512;diffie-hellman-group18-sha512;diffie-hellman-group14-sha256;ext-info-c,ssh-ed25519-cert-v01@openssh.com;ecdsa-sha2-nistp256-cert-v01@openssh.com;ecdsa-sha2-nistp384-cert-v01@openssh.com;ecdsa-sha2-nistp521-cert-v01@openssh.com;sk-ssh-ed25519-cert-v01@openssh.com;sk-ecdsa-sha2-nistp256-cert-v01@openssh.com;rsa-sha2-512-cert-v01@openssh.com;rsa-sha2-256-cert-v01@openssh.com;ssh-ed25519;ecdsa-sha2-nistp256;ecdsa-sha2-nistp384;ecdsa-sha2-nistp521;sk-ssh-ed25519@openssh.com;sk-ecdsa-sha2-nistp256@openssh.com;rsa-sha2-512;rsa-sha2-256,chacha20-poly1305@openssh.com;aes128-ctr;aes192-ctr;aes256-ctr;aes128-gcm@openssh.com;aes256-gcm@openssh.com,umac-64-etm@openssh.com;umac-128-etm@openssh.com;hmac-sha2-256-etm@openssh.com;hmac-sha2-512-etm@openssh.com;hmac-sha1-etm@openssh.com;umac-64@openssh.com;umac-128@openssh.com;hmac-sha2-256;hmac-sha2-512;hmac-sha1,none;zlib@openssh.com;zlib,,SSH-2.0-OpenSSH_9.2p1 Debian-2+deb12u1,6
d0a7984e7970b1971cca6428a892e3fb,"diffie-hellman-group1-sha1,diffie-hellman-group14-sha1,diffie-hellman-group14-sha256,diffie-hellman-group16-sha512,curve25519-sha256,curve25519-sha256@libssh.org,ext-info-c,kex-strict-c-v00@openssh.com;aes128-ctr,aes192-ctr,aes256-ctr,aes128-cbc,3des-cbc;hmac-sha2-256-etm@openssh.com,hmac-sha2-512-etm@openssh.com,hmac-sha2-256,hmac-sha2-512,hmac-sha1,hmac-sha1-96;none",diffie-hellman-group1-sha1;diffie-hellman-group14-sha1;diffie-hellman-group14-sha256;diffie-hellman-group16-sha512;curve25519-sha256;curve25519-sha256@libssh.org;ext-info-c;kex-strict-c-v00@openssh.com,rsa-sha2-256-cert-v01@openssh.com;rsa-sha2-512-cert-v01@openssh.com;ssh-rsa-cert-v01@openssh.com;ssh-dss-cert-v01@openssh.com;ecdsa-sha2-nistp256-cert-v01@openssh.com;ecdsa-sha2-nistp384-cert-v01@openssh.com;ecdsa-sha2-nistp521-cert-v01@openssh.com;ssh-ed25519-cert-v01@openssh.com;ecdsa-sha2-nistp256;ecdsa-sha2-nistp384;ecdsa-sha2-nistp521;rsa-sha2-256;rsa-sha2-512;ssh-rsa;ssh-dss;ssh-ed25519,aes128-ctr;aes192-ctr;aes256-ctr;aes128-cbc;3des-cbc,hmac-sha2-256-etm@openssh.com;hmac-sha2-512-etm@openssh.com;hmac-sha2-256;hmac-sha2-512;hmac-sha1;hmac-sha1-96,none,,SSH-2.0-Go,6
e0a89321534ab8af0f512c4614c291e9,"curve25519-sha256,curve25519-sha256@libssh.org,ecdh-sha2-nistp256,ecdh-sha2-nistp384,ecdh-sha2-nistp521,diffie-hellman-group18-sha512,diffie-hellman-group16-sha512,diffie-hellman-group-exchange-sha256,diffie-hellman-group14-sha256,ext-info-c,kex-strict-c-v00@openssh.com;aes128-ctr,aes192-ctr,aes256-ctr,aes128-gcm@openssh.com,aes256-gcm@openssh.com,chacha20-poly1305@openssh.com;hmac-sha1,hmac-sha2-512,hmac-sha2-512-etm@openssh.com,hmac-sha2-256,hmac-sha2-256-etm@openssh.com;none,zlib@openssh.com",curve25519-sha256;curve25519-sha256@libssh.org;ecdh-sha2-nistp256;ecdh-sha2-nistp384;ecdh-sha2-nistp521;diffie-hellman-group18-sha512;diffie-hellman-group16-sha512;diffie-hellman-group-exchange-sha256;diffie-hellman-group14-sha256;ext-info-c;kex-strict-c-v00@openssh.com,ssh-ed25519;ecdsa-sha2-nistp521;ecdsa-sha2-nistp384;ecdsa-sha2-nistp256;sk-ssh-ed25519@openssh.com;sk-ecdsa-sha2-nistp256@openssh.com;rsa-sha2-512;rsa-sha2-256,aes128-ctr;aes192-ctr;aes256-ctr;aes128-gcm@openssh.com;aes256-gcm@openssh.com;chacha20-poly1305@openssh.com,hmac-sha1;hmac-sha2-512;hmac-sha2-512-etm@openssh.com;hmac-sha2-256;hmac-sha2-256-etm@openssh.com,none;zlib@openssh.com,,SSH-2.0-libssh_0.11.1,5
a37561952f836bcafd479cf44ccf6d52,"diffie-hellman-group-exchange-sha1,curve25519-sha256,curve25519-sha256@libssh.org,ecdh-sha2-nistp256,ecdh-sha2-nistp384,ecdh-sha2-nistp521,diffie-hellman-group18-sha512,diffie-hellman-group16-sha512,diffie-hellman-group-exchange-sha256,diffie-hellman-group14-sha256,diffie-hellman-group14-sha1,diffie-hellman-group1-sha1,ext-info-c,kex-strict-c-v00@openssh.com;chacha20-poly1305@openssh.com,aes256-gcm@openssh.com,aes128-gcm@openssh.com,aes256-ctr,aes192-ctr,aes128-ctr,aes256-cbc,aes192-cbc,aes128-cbc,blowfish-cbc,3des-cbc,none;hmac-sha2-256-etm@openssh.com,hmac-sha2-512-etm@openssh.com,hmac-sha1-etm@openssh.com,hmac-sha2-256,hmac-sha2-512,hmac-sha1,none;none,zlib@openssh.com,zlib",diffie-hellman-group-exchange-sha1;curve25519-sha256;curve25519-sha256@libssh.org;ecdh-sha2-nistp256;ecdh-sha2-nistp384;ecdh-sha2-nistp521;diffie-hellman-group18-sha512;diffie-hellman-group16-sha512;diffie-hellman-group-exchange-sha256;diffie-hellman-group14-sha256;diffie-hellman-group14-sha1;diffie-hellman-group1-sha1;ext-info-c;kex-strict-c-v00@openssh.com,ssh-ed25519;ecdsa-sha2-nistp521;ecdsa-sha2-nistp384;ecdsa-sha2-nistp256;sk-ssh-ed25519@openssh.com;sk-ecdsa-sha2-nistp256@openssh.com;rsa-sha2-512;rsa-sha2-256;ssh-rsa,chacha20-poly1305@openssh.com;aes256-gcm@openssh.com;aes128-gcm@openssh.com;aes256-ctr;aes192-ctr;aes128-ctr;aes256-cbc;aes192-cbc;aes128-cbc;blowfish-cbc;3des-cbc;none,hmac-sha2-256-etm@openssh.com;hmac-sha2-512-etm@openssh.com;hmac-sha1-etm@openssh.com;hmac-sha2-256;hmac-sha2-512;hmac-sha1;none,none;zlib@openssh.com;zlib,,SSH-2.0-libssh_0.11.1,5
97281db8c1a632076e3b739621f899bb,"curve25519-sha256,curve25519-sha256@libssh.org,ecdh-sha2-nistp256,ecdh-sha2-nistp384,ecdh-sha2-nistp521,diffie-hellman-group-exchange-sha256,diffie-hellman-group14-sha256,diffie-hellman-group16-sha512,diffie-hellman-group18-sha512,ext-info-c,kex-strict-c-v00@openssh.com;aes256-gcm@openssh.com,chacha20-poly1305@openssh.com,aes256-ctr,aes128-gcm@openssh.com,aes128-ctr;hmac-sha2-256-etm@openssh.com,hmac-sha1-etm@openssh.com,hmac-sha2-512-etm@openssh.com,hmac-sha2-256,hmac-sha1,hmac-sha2-512;none,zlib@openssh.com",curve25519-sha256;curve25519-sha256@libssh.org;ecdh-sha2-nistp256;ecdh-sha2-nistp384;ecdh-sha2-nistp521;diffie-hellman-group-exchange-sha256;diffie-hellman-group14-sha256;diffie-hellman-group16-sha512;diffie-hellman-group18-sha512;ext-info-c;kex-strict-c-v00@openssh.com,ssh-ed25519;ecdsa-sha2-nistp521;ecdsa-sha2-nistp384;ecdsa-sha2-nistp256;sk-ssh-ed25519@openssh.com;sk-ecdsa-sha2-nistp256@openssh.com;rsa-sha2-512;rsa-sha2-256,aes256-gcm@openssh.com;chacha20-poly1305@openssh.com;aes256-ctr;aes128-gcm@openssh.com;aes128-ctr,hmac-sha2-256-etm@openssh.com;hmac-sha1-etm@openssh.com;hmac-sha2-512-etm@openssh.com;hmac-sha2-256;hmac-sha1;hmac-sha2-512,none;zlib@openssh.com,,SSH-2.0-libssh_0.11.1,5
b8069e0b946242e63cf891f54883713b,"curve25519-sha256,curve25519-sha256@libssh.org,ecdh-sha2-nistp256,ecdh-sha2-nistp384,ecdh-sha2-nistp521,diffie-hellman-group14-sha256,diffie-hellman-group14-sha1,diffie-hellman-group1-sha1,curve25519-sha256,curve25519-sha256@libssh.org,ecdh-sha2-nistp256,ecdh-sha2-nistp384,ecdh-sha2-nistp521,diffie-hellman-group14-sha256,diffie-hellman-group14-sha1,diffie-hellman-group1-sha1,ext-info-c;aes128-ctr,aes192-ctr,aes256-ctr,aes128-gcm@openssh.com,aes256-gcm@openssh.com,chacha20-poly1305@openssh.com,arcfour256,arcfour128,arcfour,aes128-cbc,3des-cbc,aes128-ctr,aes192-ctr,aes256-ctr,aes128-gcm@openssh.com,aes256-gcm@openssh.com,chacha20-poly1305@openssh.com,arcfour256,arcfour128,arcfour,aes128-cbc,3des-cbc;hmac-sha2-256-etm@openssh.com,hmac-sha2-256,hmac-sha1,hmac-sha1-96,hmac-md5,hmac-md5-96;none",curve25519-sha256;curve25519-sha256@libssh.org;ecdh-sha2-nistp256;ecdh-sha2-nistp384;ecdh-sha2-nistp521;diffie-hellman-group14-sha256;diffie-hellman-group14-sha1;diffie-hellman-group1-sha1;curve25519-sha256;curve25519-sha256@libssh.org;ecdh-sha2-nistp256;ecdh-sha2-nistp384;ecdh-sha2-nistp521;diffie-hellman-group14-sha256;diffie-hellman-group14-sha1;diffie-hellman-group1-sha1;ext-info-c,rsa-sha2-512-cert-v01@openssh.com;rsa-sha2-256-cert-v01@openssh.com;ssh-rsa-cert-v01@openssh.com;ssh-dss-cert-v01@openssh.com;ecdsa-sha2-nistp256-cert-v01@openssh.com;ecdsa-sha2-nistp384-cert-v01@openssh.com;ecdsa-sha2-nistp521-cert-v01@openssh.com;ssh-ed25519-cert-v01@openssh.com;ecdsa-sha2-nistp256;ecdsa-sha2-nistp384;ecdsa-sha2-nistp521;rsa-sha2-512;rsa-sha2-256;ssh-rsa;ssh-dss;ssh-ed25519;rsa-sha2-512-cert-v01@openssh.com;rsa-sha2-256-cert-v01@openssh.com;ssh-rsa-cert-v01@openssh.com;ssh-dss-cert-v01@openssh.com;ecdsa-sha2-nistp256-cert-v01@openssh.com;ecdsa-sha2-nistp384-cert-v01@openssh.com;ecdsa-sha2-nistp521-cert-v01@openssh.com;ssh-ed25519-cert-v01@openssh.com;ecdsa-sha2-nistp256;ecdsa-sha2-nistp384;ecdsa-sha2-nistp521;rsa-sha2-512;rsa-sha2-256;ssh-rsa;ssh-dss;ssh-ed25519,aes128-ctr;aes192-ctr;aes256-ctr;aes128-gcm@openssh.com;aes256-gcm@openssh.com;chacha20-poly1305@openssh.com;arcfour256;arcfour128;arcfour;aes128-cbc;3des-cbc;aes128-ctr;aes192-ctr;aes256-ctr;aes128-gcm@openssh.com;aes256-gcm@openssh.com;chacha20-poly1305@openssh.com;arcfour256;arcfour128;arcfour;aes128-cbc;3des-cbc,hmac-sha2-256-etm@openssh.com;hmac-sha2-256;hmac-sha1;hmac-sha1-96;hmac-md5;hmac-md5-96,none,,SSH-2.0-Go,4
0df0d56bb50c6b2426d8d40234bf1826,"curve25519-sha256,curve25519-sha256@libssh.org,ecdh-sha2-nistp256,ecdh-sha2-nistp384,ecdh-sha2-nistp521,diffie-hellman-group-exchange-sha256,diffie-hellman-group16-sha512,diffie-hellman-group18-sha512,diffie-hellman-group-exchange-sha1,diffie-hellman-group14-sha256,diffie-hellman-group14-sha1,ext-info-c;chacha20-poly1305@openssh.com,aes128-ctr,aes192-ctr,aes256-ctr,aes128-gcm@openssh.com,aes256-gcm@openssh.com,aes128-cbc,aes192-cbc,aes256-cbc;umac-64-etm@openssh.com,umac-128-etm@openssh.com,hmac-sha2-256-etm@openssh.com,hmac-sha2-512-etm@openssh.com,hmac-sha1-etm@openssh.com,umac-64@openssh.com,umac-128@openssh.com,hmac-sha2-256,hmac-sha2-512,hmac-sha1;none,zlib@openssh.com,zlib",curve25519-sha256;curve25519-sha256@libssh.org;ecdh-sha2-nistp256;ecdh-sha2-nistp384;ecdh-sha2-nistp521;diffie-hellman-group-exchange-sha256;diffie-hellman-group16-sha512;diffie-hellman-group18-sha512;diffie-hellman-group-exchange-sha1;diffie-hellman-group14-sha256;diffie-hellman-group14-sha1;ext-info-c,ecdsa-sha2-nistp256-cert-v01@openssh.com;ecdsa-sha2-nistp384-cert-v01@openssh.com;ecdsa-sha2-nistp521-cert-v01@openssh.com;ssh-ed25519-cert-v01@openssh.com;ssh-rsa-cert-v01@openssh.com;ecdsa-sha2-nistp256;ecdsa-sha2-nistp384;ecdsa-sha2-nistp521;ssh-ed25519;rsa-sha2-512;rsa-sha2-256;ssh-rsa,chacha20-poly1305@openssh.com;aes128-ctr;aes192-ctr;aes256-ctr;aes128-gcm@openssh.com;aes256-gcm@openssh.com;aes128-cbc;aes192-cbc;aes256-cbc,umac-64-etm@openssh.com;umac-128-etm@openssh.com;hmac-sha2-256-etm@openssh.com;hmac-sha2-512-etm@openssh.com;hmac-sha1-etm@openssh.com;umac-64@openssh.com;umac-128@openssh.com;hmac-sha2-256;hmac-sha2-512;hmac-sha1,none;zlib@openssh.com;zlib,,SSH-2.0-OpenSSH_7.4p1 Raspbian-10+deb9u4,4
23ed073c80b03beb84a22325d1a2abd9,"ecdh-sha2-nistp256,ecdh-sha2-nistp384,ecdh-sha2-nistp521,diffie-hellman-group-exchange-sha256,diffie-hellman-group14-sha256,diffie-hellman-group16-sha512,diffie-hellman-group18-sha512,diffie-hellman-group14-sha1;aes128-ctr,aes192-ctr,aes256-ctr,aes128-gcm,aes128-gcm@openssh.com,aes256-gcm,aes256-gcm@openssh.com;hmac-sha2-256,hmac-sha2-512,hmac-sha1;none,zlib@openssh.com,zlib",ecdh-sha2-nistp256;ecdh-sha2-nistp384;ecdh-sha2-nistp521;diffie-hellman-group-exchange-sha256;diffie-hellman-group14-sha256;diffie-hellman-group16-sha512;diffie-hellman-group18-sha512;diffie-hellman-group14-sha1,ecdsa-sha2-nistp256;ecdsa-sha2-nistp384;ecdsa-sha2-nistp521;ssh-rsa,aes128-ctr;aes192-ctr;aes256-ctr;aes128-gcm;aes128-gcm@openssh.com;aes256-gcm;aes256-gcm@openssh.com,hmac-sha2-256;hmac-sha2-512;hmac-sha1,none;zlib@openssh.com;zlib,,SSH-2.0-ssh2js0.4.10,3
aae6b9604f6f3356543709a376d7f657,"sntrup761x25519-sha512@openssh.com,curve25519-sha256,curve25519-sha256@libssh.org,ecdh-sha2-nistp256,ecdh-sha2-nistp384,ecdh-sha2-nistp521,diffie-hellman-group-exchange-sha256,diffie-hellman-group16-sha512,diffie-hellman-group18-sha512,diffie-hellman-group14-sha256,ext-info-c,kex-strict-c-v00@openssh.com;chacha20-poly1305@openssh.com,aes128-ctr,aes192-ctr,aes256-ctr,aes128-gcm@openssh.com,aes256-gcm@openssh.com;umac-64-etm@openssh.com,umac-128-etm@openssh.com,hmac-sha2-256-etm@openssh.com,hmac-sha2-512-etm@openssh.com,hmac-sha1-etm@openssh.com,umac-64@openssh.com,umac-128@openssh.com,hmac-sha2-256,hmac-sha2-512,hmac-sha1;none,zlib@openssh.com,zlib",sntrup761x25519-sha512@openssh.com;curve25519-sha256;curve25519-sha256@libssh.org;ecdh-sha2-nistp256;ecdh-sha2-nistp384;ecdh-sha2-nistp521;diffie-hellman-group-exchange-sha256;diffie-hellman-group16-sha512;diffie-hellman-group18-sha512;diffie-hellman-group14-sha256;ext-info-c;kex-strict-c-v00@openssh.com,ssh-ed25519-cert-v01@openssh.com;ecdsa-sha2-nistp256-cert-v01@openssh.com;ecdsa-sha2-nistp384-cert-v01@openssh.com;ecdsa-sha2-nistp521-cert-v01@openssh.com;sk-ssh-ed25519-cert-v01@openssh.com;sk-ecdsa-sha2-nistp256-cert-v01@openssh.com;rsa-sha2-512-cert-v01@openssh.com;rsa-sha2-256-cert-v01@openssh.com;ssh-ed25519;ecdsa-sha2-nistp256;ecdsa-sha2-nistp384;ecdsa-sha2-nistp521;sk-ssh-ed25519@openssh.com;sk-ecdsa-sha2-nistp256@openssh.com;rsa-sha2-512;rsa-sha2-256,chacha20-poly1305@openssh.com;aes128-ctr;aes192-ctr;aes256-ctr;aes128-gcm@openssh.com;aes256-gcm@openssh.com,umac-64-etm@openssh.com;umac-128-etm@openssh.com;hmac-sha2-256-etm@openssh.com;hmac-sha2-512-etm@openssh.com;hmac-sha1-etm@openssh.com;umac-64@openssh.com;umac-128@openssh.com;hmac-sha2-256;hmac-sha2-512;hmac-sha1,none;zlib@openssh.com;zlib,,SSH-2.0-OpenSSH_9.2p1 Debian-2+deb12u2,3
a289c065bf37397b69226bd770e33124,"curve25519-sha256@libssh.org,ecdh-sha2-nistp256,ecdh-sha2-nistp384,ecdh-sha2-nistp521,diffie-hellman-group-exchange-sha256,diffie-hellman-group14-sha1,diffie-hellman-group1-sha1,ext-info-c,kex-strict-c-v00@openssh.com;chacha20-poly1305@openssh.com,aes128-gcm@openssh.com,aes128-ctr,aes192-ctr,aes256-ctr,aes128-cbc,3des-cbc;hmac-sha2-512,hmac-sha2-256,hmac-sha1;none",curve25519-sha256@libssh.org;ecdh-sha2-nistp256;ecdh-sha2-nistp384;ecdh-sha2-nistp521;diffie-hellman-group-exchange-sha256;diffie-hellman-group14-sha1;diffie-hellman-group1-sha1;ext-info-c;kex-strict-c-v00@openssh.com,rsa-sha2-256-cert-v01@openssh.com;rsa-sha2-512-cert-v01@openssh.com;ssh-rsa-cert-v01@openssh.com;ssh-dss-cert-v01@openssh.com;ecdsa-sha2-nistp256-cert-v01@openssh.com;ecdsa-sha2-nistp384-cert-v01@openssh.com;ecdsa-sha2-nistp521-cert-v01@openssh.com;ssh-ed25519-cert-v01@openssh.com;ecdsa-sha2-nistp256;ecdsa-sha2-nistp384;ecdsa-sha2-nistp521;rsa-sha2-256;rsa-sha2-512;ssh-rsa;ssh-dss;ssh-ed25519,chacha20-poly1305@openssh.com;aes128-gcm@openssh.com;aes128-ctr;aes192-ctr;aes256-ctr;aes128-cbc;3des-cbc,hmac-sha2-512;hmac-sha2-256;hmac-sha1,none,,SSH-2.0-Go,3
a09539b4ab0768a56c2e31f641690156,"mlkem768x25519-sha256,mlkem768nistp256-sha256,sntrup761x25519-sha512,sntrup761x25519-sha512@openssh.com,curve25519-sha256,curve25519-sha256@libssh.org,ecdh-sha2-nistp256,ecdh-sha2-nistp384,ecdh-sha2-nistp521,diffie-hellman-group18-sha512,diffie-hellman-group16-sha512,diffie-hellman-group-exchange-sha256,diffie-hellman-group14-sha256,ext-info-c,kex-strict-c-v00@openssh.com;chacha20-poly1305@openssh.com,aes256-gcm@openssh.com,aes128-gcm@openssh.com,aes256-ctr,aes192-ctr,aes128-ctr;hmac-sha2-512-etm@openssh.com,hmac-sha2-256-etm@openssh.com,hmac-sha2-512,hmac-sha2-256;none,zlib@openssh.com",mlkem768x25519-sha256;mlkem768nistp256-sha256;sntrup761x25519-sha512;sntrup761x25519-sha512@openssh.com;curve25519-sha256;curve25519-sha256@libssh.org;ecdh-sha2-nistp256;ecdh-sha2-nistp384;ecdh-sha2-nistp521;diffie-hellman-group18-sha512;diffie-hellman-group16-sha512;diffie-hellman-group-exchange-sha256;diffie-hellman-group14-sha256;ext-info-c;kex-strict-c-v00@openssh.com,ssh-ed25519;ecdsa-sha2-nistp521;ecdsa-sha2-nistp384;ecdsa-sha2-nistp256;sk-ssh-ed25519@openssh.com;sk-ecdsa-sha2-nistp256@openssh.com;rsa-sha2-512;rsa-sha2-256,chacha20-poly1305@openssh.com;aes256-gcm@openssh.com;aes128-gcm@openssh.com;aes256-ctr;aes192-ctr;aes128-ctr,hmac-sha2-512-etm@openssh.com;hmac-sha2-256-etm@openssh.com;hmac-sha2-512;hmac-sha2-256,none;zlib@openssh.com,,SSH-2.0-libssh_0.12.0,3
04f9d9fca3a978a7c079aa3379fd21d6,"curve25519-sha256,curve25519-sha256@libssh.org,ecdh-sha2-nistp256,ecdh-sha2-nistp384,ecdh-sha2-nistp521,diffie-hellman-group18-sha512,diffie-hellman-group16-sha512,diffie-hellman-group-exchange-sha256,diffie-hellman-group14-sha256,ext-info-c,kex-strict-c-v00@openssh.com;aes256-ctr,aes192-ctr,aes128-ctr;hmac-sha1;none,zlib@openssh.com",curve25519-sha256;curve25519-sha256@libssh.org;ecdh-sha2-nistp256;ecdh-sha2-nistp384;ecdh-sha2-nistp521;diffie-hellman-group18-sha512;diffie-hellman-group16-sha512;diffie-hellman-group-exchange-sha256;diffie-hellman-group14-sha256;ext-info-c;kex-strict-c-v00@openssh.com,ssh-ed25519;ecdsa-sha2-nistp521;ecdsa-sha2-nistp384;ecdsa-sha2-nistp256;sk-ssh-ed25519@openssh.com;sk-ecdsa-sha2-nistp256@openssh.com;rsa-sha2-512;rsa-sha2-256,aes256-ctr;aes192-ctr;aes128-ctr,hmac-sha1,none;zlib@openssh.com,,SSH-2.0-libssh_0.11.1,3
1616c6d18e845e7a01168a44591f7a35,"ecdh-sha2-nistp256,ecdh-sha2-nistp384,ecdh-sha2-nistp521,diffie-hellman-group-exchange-sha256,diffie-hellman-group-exchange-sha1,diffie-hellman-group14-sha1,diffie-hellman-group1-sha1;aes128-ctr,aes192-ctr,aes256-ctr,aes256-cbc,rijndael-cbc@lysator.liu.se,aes192-cbc,aes128-cbc,blowfish-cbc,arcfour128,arcfour,cast128-cbc,3des-cbc;hmac-sha2-256,hmac-sha2-512,hmac-sha1,hmac-sha1-96,hmac-md5,hmac-md5-96,hmac-ripemd160,hmac-ripemd160@openssh.com;none",ecdh-sha2-nistp256;ecdh-sha2-nistp384;ecdh-sha2-nistp521;diffie-hellman-group-exchange-sha256;diffie-hellman-group-exchange-sha1;diffie-hellman-group14-sha1;diffie-hellman-group1-sha1,ecdsa-sha2-nistp256;ecdsa-sha2-nistp384;ecdsa-sha2-nistp521;ssh-rsa;ssh-dss,aes128-ctr;aes192-ctr;aes256-ctr;aes256-cbc;rijndael-cbc@lysator.liu.se;aes192-cbc;aes128-cbc;blowfish-cbc;arcfour128;arcfour;cast128-cbc;3des-cbc,hmac-sha2-256;hmac-sha2-512;hmac-sha1;hmac-sha1-96;hmac-md5;hmac-md5-96;hmac-ripemd160;hmac-ripemd160@openssh.com,none,,SSH-2.0-libssh2_1.9.0,3
8e8294623d295b5c79addcd28d64328c,"curve25519-sha256@libssh.org,ecdh-sha2-nistp256,ecdh-sha2-nistp384,ecdh-sha2-nistp521,diffie-hellman-group14-sha1,diffie-hellman-group1-sha1,diffie-hellman-group-exchange-sha1,diffie-hellman-group-exchange-sha256;aes128-ctr,aes192-ctr,aes256-ctr,aes128-gcm@openssh.com,arcfour256,arcfour128,arcfour,aes128-cbc,3des-cbc;hmac-sha2-256,hmac-sha1,hmac-sha1-96;none",curve25519-sha256@libssh.org;ecdh-sha2-nistp256;ecdh-sha2-nistp384;ecdh-sha2-nistp521;diffie-hellman-group14-sha1;diffie-hellman-group1-sha1;diffie-hellman-group-exchange-sha1;diffie-hellman-group-exchange-sha256,ssh-rsa-cert-v01@openssh.com;ssh-dss-cert-v01@openssh.com;ecdsa-sha2-nistp256-cert-v01@openssh.com;ecdsa-sha2-nistp384-cert-v01@openssh.com;ecdsa-sha2-nistp521-cert-v01@openssh.com;ssh-ed25519-cert-v01@openssh.com;ecdsa-sha2-nistp256;ecdsa-sha2-nistp384;ecdsa-sha2-nistp521;ssh-rsa;ssh-dss;ssh-ed25519,aes128-ctr;aes192-ctr;aes256-ctr;aes128-gcm@openssh.com;arcfour256;arcfour128;arcfour;aes128-cbc;3des-cbc,hmac-sha2-256;hmac-sha1;hmac-sha1-96,none,,SSH-2.0-OpenSSH_9.6p1 Ubuntu-3ubuntu13.8,3
b72ad4d8ca175bd8a5fb5b06f3ad13c0,"diffie-hellman-group1-sha1,diffie-hellman-group14-sha1,diffie-hellman-group-exchange-sha1;aes128-ctr,aes128-cbc,3des-ctr,3des-cbc,blowfish-cbc,aes192-cbc,aes256-cbc;hmac-md5,hmac-sha1,hmac-sha1-96,hmac-md5-96;none",diffie-hellman-group1-sha1;diffie-hellman-group14-sha1;diffie-hellman-group-exchange-sha1,ssh-rsa;ssh-dss,aes128-ctr;aes128-cbc;3des-ctr;3des-cbc;blowfish-cbc;aes192-cbc;aes256-cbc,hmac-md5;hmac-sha1;hmac-sha1-96;hmac-md5-96,none,,SSH-2.0-JSCH-0.1.45,3
b074ba28e5617573e7ec29c7efa863ff,"curve25519-sha256,curve25519-sha256@libssh.org,ecdh-sha2-nistp256,ecdh-sha2-nistp384,ecdh-sha2-nistp521,diffie-hellman-group18-sha512,diffie-hellman-group16-sha512,diffie-hellman-group-exchange-sha256,diffie-hellman-group14-sha256,diffie-hellman-group14-sha1,diffie-hellman-group1-sha1,ext-info-c;aes128-ctr,aes192-ctr,aes256-ctr;hmac-sha2-256-etm@openssh.com,hmac-sha2-512-etm@openssh.com,hmac-sha1-etm@openssh.com,hmac-sha2-256,hmac-sha2-512,hmac-sha1;none",curve25519-sha256;curve25519-sha256@libssh.org;ecdh-sha2-nistp256;ecdh-sha2-nistp384;ecdh-sha2-nistp521;diffie-hellman-group18-sha512;diffie-hellman-group16-sha512;diffie-hellman-group-exchange-sha256;diffie-hellman-group14-sha256;diffie-hellman-group14-sha1;diffie-hellman-group1-sha1;ext-info-c,ssh-ed25519;ecdsa-sha2-nistp521;ecdsa-sha2-nistp384;ecdsa-sha2-nistp256;rsa-sha2-512;rsa-sha2-256;ssh-rsa;ssh-dss,aes128-ctr;aes192-ctr;aes256-ctr,hmac-sha2-256-etm@openssh.com;hmac-sha2-512-etm@openssh.com;hmac-sha1-etm@openssh.com;hmac-sha2-256;hmac-sha2-512;hmac-sha1,none,,SSH-2.0-libssh_0.9.6,3
2a86d5946159539cb26c1657f9c447f2,"curve25519-sha256,curve25519-sha256@libssh.org,ecdh-sha2-nistp256,ecdh-sha2-nistp384,ecdh-sha2-nistp521,diffie-hellman-group14-sha256,diffie-hellman-group14-sha1,diffie-hellman-group-exchange-sha256,diffie-hellman-group-exchange-sha1,diffie-hellman-group1-sha1;chacha20-poly1305@openssh.com,aes128-gcm@openssh.com,aes256-gcm@openssh.com,aes128-ctr,aes192-ctr,aes256-ctr,aes128-cbc,aes256-cbc,3des-ctr,3des-cbc;hmac-sha2-256-etm@openssh.com,hmac-sha1-etm@openssh.com,hmac-sha2-256,hmac-sha1,hmac-md5-etm@openssh.com,hmac-md5;none",curve25519-sha256;curve25519-sha256@libssh.org;ecdh-sha2-nistp256;ecdh-sha2-nistp384;ecdh-sha2-nistp521;diffie-hellman-group14-sha256;diffie-hellman-group14-sha1;diffie-hellman-group-exchange-sha256;diffie-hellman-group-exchange-sha1;diffie-hellman-group1-sha1,ssh-ed25519;ecdsa-sha2-nistp256;ecdsa-sha2-nistp384;ecdsa-sha2-nistp521;rsa-sha2-512;rsa-sha2-256;ssh-rsa;ssh-dss,chacha20-poly1305@openssh.com;aes128-gcm@openssh.com;aes256-gcm@openssh.com;aes128-ctr;aes192-ctr;aes256-ctr;aes128-cbc;aes256-cbc;3des-ctr;3des-cbc,hmac-sha2-256-etm@openssh.com;hmac-sha1-etm@openssh.com;hmac-sha2-256;hmac-sha1;hmac-md5-etm@openssh.com;hmac-md5,none,,SSH-2.0-sshcustom_0.1,3
89da11ae925d8e42f773c1908a42c97c,"diffie-hellman-group1-sha1,diffie-hellman-group14-sha1,diffie-hellman-group-exchange-sha1,diffie-hellman-group-exchange-sha256;aes128-ctr,aes192-ctr,aes256-ctr,twofish128-ctr,twofish192-ctr,twofish256-ctr,aes128-cbc,aes192-cbc,aes256-cbc,twofish128-cbc,twofish192-cbc,twofish256-cbc,twofish-cbc,blowfish-ctr,blowfish-cbc,3des-ctr,3des-cbc;hmac-sha2-256,hmac-sha1-96,hmac-sha1,hmac-md5-96,hmac-md5;none",diffie-hellman-group1-sha1;diffie-hellman-group14-sha1;diffie-hellman-group-exchange-sha1;diffie-hellman-group-exchange-sha256,rsa-sha2-256;rsa-sha2-512;ssh-rsa;ssh-dss,aes128-ctr;aes192-ctr;aes256-ctr;twofish128-ctr;twofish192-ctr;twofish256-ctr;aes128-cbc;aes192-cbc;aes256-cbc;twofish128-cbc;twofish192-cbc;twofish256-cbc;twofish-cbc;blowfish-ctr;blowfish-cbc;3des-ctr;3des-cbc,hmac-sha2-256;hmac-sha1-96;hmac-sha1;hmac-md5-96;hmac-md5,none,,SSH-2.0-phpseclib_1.0 (openssl),3
19a8bc97d71fe02f6899cd96937a5202,"curve25519-sha256,curve25519-sha256@libssh.org,ecdh-sha2-nistp256,ecdh-sha2-nistp384,ecdh-sha2-nistp521,diffie-hellman-group-exchange-sha256,diffie-hellman-group16-sha512,diffie-hellman-group18-sha512,diffie-hellman-group14-sha256,diffie-hellman-group14-sha1,diffie-hellman-group1-sha1,diffie-hellman-group-exchange-sha1,ext-info-c;aes128-ctr,aes192-ctr,aes256-ctr,aes256-cbc,rijndael-cbc@lysator.liu.se,aes192-cbc,aes128-cbc,blowfish-cbc,arcfour128,arcfour,cast128-cbc,3des-cbc;hmac-sha2-256,hmac-sha2-512,hmac-sha1,hmac-sha1-96,hmac-md5,hmac-md5-96,hmac-ripemd160,hmac-ripemd160@openssh.com;none",curve25519-sha256;curve25519-sha256@libssh.org;ecdh-sha2-nistp256;ecdh-sha2-nistp384;ecdh-sha2-nistp521;diffie-hellman-group-exchange-sha256;diffie-hellman-group16-sha512;diffie-hellman-group18-sha512;diffie-hellman-group14-sha256;diffie-hellman-group14-sha1;diffie-hellman-group1-sha1;diffie-hellman-group-exchange-sha1;ext-info-c,ecdsa-sha2-nistp256;ecdsa-sha2-nistp384;ecdsa-sha2-nistp521;ecdsa-sha2-nistp256-cert-v01@openssh.com;ecdsa-sha2-nistp384-cert-v01@openssh.com;ecdsa-sha2-nistp521-cert-v01@openssh.com;ssh-ed25519;rsa-sha2-512;rsa-sha2-256;ssh-rsa;ssh-rsa-cert-v01@openssh.com;ssh-dss,aes128-ctr;aes192-ctr;aes256-ctr;aes256-cbc;rijndael-cbc@lysator.liu.se;aes192-cbc;aes128-cbc;blowfish-cbc;arcfour128;arcfour;cast128-cbc;3des-cbc,hmac-sha2-256;hmac-sha2-512;hmac-sha1;hmac-sha1-96;hmac-md5;hmac-md5-96;hmac-ripemd160;hmac-ripemd160@openssh.com,none,,SSH-2.0-libssh2_1.10.1_DEV,3
03420fcc0e3db1d60e4b17d46170e1f1,"mlkem768x25519-sha256,mlkem768nistp256-sha256,sntrup761x25519-sha512,sntrup761x25519-sha512@openssh.com,curve25519-sha256,curve25519-sha256@libssh.org,ecdh-sha2-nistp256,ecdh-sha2-nistp384,ecdh-sha2-nistp521,diffie-hellman-group18-sha512,diffie-hellman-group16-sha512,diffie-hellman-group-exchange-sha256,diffie-hellman-group14-sha256,ext-info-c,kex-strict-c-v00@openssh.com;aes128-ctr,aes192-ctr,aes256-ctr,aes128-gcm@openssh.com,aes256-gcm@openssh.com,chacha20-poly1305@openssh.com;hmac-sha1,hmac-sha2-512,hmac-sha2-512-etm@openssh.com,hmac-sha2-256,hmac-sha2-256-etm@openssh.com;none,zlib@openssh.com",mlkem768x25519-sha256;mlkem768nistp256-sha256;sntrup761x25519-sha512;sntrup761x25519-sha512@openssh.com;curve25519-sha256;curve25519-sha256@libssh.org;ecdh-sha2-nistp256;ecdh-sha2-nistp384;ecdh-sha2-nistp521;diffie-hellman-group18-sha512;diffie-hellman-group16-sha512;diffie-hellman-group-exchange-sha256;diffie-hellman-group14-sha256;ext-info-c;kex-strict-c-v00@openssh.com,ssh-ed25519;ecdsa-sha2-nistp521;ecdsa-sha2-nistp384;ecdsa-sha2-nistp256;sk-ssh-ed25519@openssh.com;sk-ecdsa-sha2-nistp256@openssh.com;rsa-sha2-512;rsa-sha2-256,aes128-ctr;aes192-ctr;aes256-ctr;aes128-gcm@openssh.com;aes256-gcm@openssh.com;chacha20-poly1305@openssh.com,hmac-sha1;hmac-sha2-512;hmac-sha2-512-etm@openssh.com;hmac-sha2-256;hmac-sha2-256-etm@openssh.com,none;zlib@openssh.com,,SSH-2.0-libssh_0.12.0,3
4993b856cb4859934f2e56b9673bcf3e,"curve25519-sha256,curve25519-sha256@libssh.org,ecdh-sha2-nistp256,ecdh-sha2-nistp384,ecdh-sha2-nistp521,diffie-hellman-group18-sha512,diffie-hellman-group16-sha512,diffie-hellman-group-exchange-sha256,diffie-hellman-group14-sha256,diffie-hellman-group14-sha1,diffie-hellman-group1-sha1,ext-info-c;aes128-ctr,aes192-ctr,aes256-ctr,aes128-cbc,3des-cbc;hmac-sha2-256-etm@openssh.com,hmac-sha2-512-etm@openssh.com,hmac-sha1-etm@openssh.com,hmac-sha2-256,hmac-sha2-512,hmac-sha1;none",curve25519-sha256;curve25519-sha256@libssh.org;ecdh-sha2-nistp256;ecdh-sha2-nistp384;ecdh-sha2-nistp521;diffie-hellman-group18-sha512;diffie-hellman-group16-sha512;diffie-hellman-group-exchange-sha256;diffie-hellman-group14-sha256;diffie-hellman-group14-sha1;diffie-hellman-group1-sha1;ext-info-c,ssh-ed25519;ecdsa-sha2-nistp521;ecdsa-sha2-nistp384;ecdsa-sha2-nistp256;rsa-sha2-512;rsa-sha2-256;ssh-rsa;ssh-dss,aes128-ctr;aes192-ctr;aes256-ctr;aes128-cbc;3des-cbc,hmac-sha2-256-etm@openssh.com;hmac-sha2-512-etm@openssh.com;hmac-sha1-etm@openssh.com;hmac-sha2-256;hmac-sha2-512;hmac-sha1,none,,SSH-2.0-libssh_0.9.6,3
069fb483253fc12ecaf3731bac1ae020,"diffie-hellman-group1-sha1,diffie-hellman-group14-sha1,diffie-hellman-group-exchange-sha1;aes128-ctr,aes128-cbc,3des-ctr,3des-cbc,blowfish-cbc,aes192-cbc,aes256-cbc;hmac-md5,hmac-sha1,hmac-sha2-256,hmac-sha1-96,hmac-md5-96;none",diffie-hellman-group1-sha1;diffie-hellman-group14-sha1;diffie-hellman-group-exchange-sha1,ssh-rsa;ssh-dss,aes128-ctr;aes128-cbc;3des-ctr;3des-cbc;blowfish-cbc;aes192-cbc;aes256-cbc,hmac-md5;hmac-sha1;hmac-sha2-256;hmac-sha1-96;hmac-md5-96,none,,SSH-2.0-JSCH-0.1.51,2
1507069938cc303a0479feda273ec02c,"curve25519-sha256@libssh.org,ecdh-sha2-nistp256,ecdh-sha2-nistp384,ecdh-sha2-nistp521,diffie-hellman-group14-sha1;aes128-gcm@openssh.com,chacha20-poly1305@openssh.com,aes128-ctr,aes192-ctr,aes256-ctr,arcfour256,arcfour128,arcfour,aes128-cbc,3des-cbc;hmac-sha2-256-etm@openssh.com,hmac-sha2-256,hmac-sha1,hmac-sha1-96;none",curve25519-sha256@libssh.org;ecdh-sha2-nistp256;ecdh-sha2-nistp384;ecdh-sha2-nistp521;diffie-hellman-group14-sha1,ssh-rsa-cert-v01@openssh.com;ssh-dss-cert-v01@openssh.com;ecdsa-sha2-nistp256-cert-v01@openssh.com;ecdsa-sha2-nistp384-cert-v01@openssh.com;ecdsa-sha2-nistp521-cert-v01@openssh.com;ssh-ed25519-cert-v01@openssh.com;ecdsa-sha2-nistp256;ecdsa-sha2-nistp384;ecdsa-sha2-nistp521;ssh-rsa;ssh-dss;ssh-ed25519,aes128-gcm@openssh.com;chacha20-poly1305@openssh.com;aes128-ctr;aes192-ctr;aes256-ctr;arcfour256;arcfour128;arcfour;aes128-cbc;3des-cbc,hmac-sha2-256-etm@openssh.com;hmac-sha2-256;hmac-sha1;hmac-sha1-96,none,,SSH-2.0-Go,2
29b27124a070d92ccc00907f77ee4591,"curve448-sha512,curve25519-sha256,curve25519-sha256@libssh.org,ecdh-sha2-nistp256,ecdh-sha2-nistp384,ecdh-sha2-nistp521,diffie-hellman-group-exchange-sha256,diffie-hellman-group-exchange-sha1,diffie-hellman-group14-sha256,diffie-hellman-group14-sha1,rsa2048-sha256,rsa1024-sha1,diffie-hellman-group1-sha1,ext-info-c;aes256-ctr,aes256-cbc,rijndael-cbc@lysator.liu.se,aes192-ctr,aes192-cbc,aes128-ctr,aes128-cbc,chacha20-poly1305@openssh.com,blowfish-ctr,blowfish-cbc,3des-ctr,3des-cbc,arcfour256,arcfour128;hmac-sha2-256,hmac-sha1,hmac-sha1-96,hmac-md5,hmac-sha2-256-etm@openssh.com,hmac-sha1-etm@openssh.com,hmac-sha1-96-etm@openssh.com,hmac-md5-etm@openssh.com;none,zlib,zlib@openssh.com",curve448-sha512;curve25519-sha256;curve25519-sha256@libssh.org;ecdh-sha2-nistp256;ecdh-sha2-nistp384;ecdh-sha2-nistp521;diffie-hellman-group-exchange-sha256;diffie-hellman-group-exchange-sha1;diffie-hellman-group14-sha256;diffie-hellman-group14-sha1;rsa2048-sha256;rsa1024-sha1;diffie-hellman-group1-sha1;ext-info-c,ssh-ed448;ssh-ed25519;ecdsa-sha2-nistp256;ecdsa-sha2-nistp384;ecdsa-sha2-nistp521;rsa-sha2-512;rsa-sha2-256;ssh-rsa;ssh-dss,aes256-ctr;aes256-cbc;rijndael-cbc@lysator.liu.se;aes192-ctr;aes192-cbc;aes128-ctr;aes128-cbc;chacha20-poly1305@openssh.com;blowfish-ctr;blowfish-cbc;3des-ctr;3des-cbc;arcfour256;arcfour128,hmac-sha2-256;hmac-sha1;hmac-sha1-96;hmac-md5;hmac-sha2-256-etm@openssh.com;hmac-sha1-etm@openssh.com;hmac-sha1-96-etm@openssh.com;hmac-md5-etm@openssh.com,none;zlib;zlib@openssh.com,,SSH-2.0-PuTTY_Release_0.77,2
88e4f54f942892da498676735732aec7,"curve25519-sha256,curve25519-sha256@libssh.org,diffie-hellman-group14-sha1,diffie-hellman-group14-sha256,diffie-hellman-group16-sha512,diffie-hellman-group1-sha1,diffie-hellman-group-exchange-sha1,diffie-hellman-group-exchange-sha256,ecdh-sha2-nistp256,ecdh-sha2-nistp384,ecdh-sha2-nistp521,ext-info-c,kex-strict-c-v00@openssh.com;3des-cbc,aes128-cbc,aes128-ctr,aes128-gcm@openssh.com,aes192-ctr,aes256-ctr,aes256-gcm@openssh.com,arcfour,arcfour128,arcfour256,chacha20-poly1305@openssh.com;hmac-sha1,hmac-sha1-96,hmac-sha2-256,hmac-sha2-256-etm@openssh.com,hmac-sha2-512,hmac-sha2-512-etm@openssh.com;none",curve25519-sha256;curve25519-sha256@libssh.org;diffie-hellman-group14-sha1;diffie-hellman-group14-sha256;diffie-hellman-group16-sha512;diffie-hellman-group1-sha1;diffie-hellman-group-exchange-sha1;diffie-hellman-group-exchange-sha256;ecdh-sha2-nistp256;ecdh-sha2-nistp384;ecdh-sha2-nistp521;ext-info-c;kex-strict-c-v00@openssh.com,ssh-dss-cert-v01@openssh.com;ecdsa-sha2-nistp256-cert-v01@openssh.com;ecdsa-sha2-nistp384-cert-v01@openssh.com;ecdsa-sha2-nistp521-cert-v01@openssh.com;ssh-ed25519-cert-v01@openssh.com;rsa-sha2-256-cert-v01@openssh.com;rsa-sha2-512-cert-v01@openssh.com;ssh-rsa-cert-v01@openssh.com;sk-ecdsa-sha2-nistp256-cert-v01@openssh.com;sk-ssh-ed25519-cert-v01@openssh.com;ssh-dss;ecdsa-sha2-nistp256;ecdsa-sha2-nistp384;ecdsa-sha2-nistp521;ssh-ed25519;ssh-rsa;rsa-sha2-256;rsa-sha2-512;sk-ecdsa-sha2-nistp256@openssh.com;sk-ssh-ed25519@openssh.com,3des-cbc;aes128-cbc;aes128-ctr;aes128-gcm@openssh.com;aes192-ctr;aes256-ctr;aes256-gcm@openssh.com;arcfour;arcfour128;arcfour256;chacha20-poly1305@openssh.com,hmac-sha1;hmac-sha1-96;hmac-sha2-256;hmac-sha2-256-etm@openssh.com;hmac-sha2-512;hmac-sha2-512-etm@openssh.com,none,,SSH-2.0-OpenSSH,2
c11b200866cf918393e62ea25d851d90,"curve25519-sha256,curve25519-sha256@libssh.org,ecdh-sha2-nistp256,ecdh-sha2-nistp384,ecdh-sha2-nistp521,diffie-hellman-group-exchange-sha256,diffie-hellman-group16-sha512,diffie-hellman-group18-sha512,diffie-hellman-group14-sha256,ext-info-c,kex-strict-c-v00@openssh.com;chacha20-poly1305@openssh.com,aes128-ctr,aes192-ctr,aes256-ctr,aes128-gcm@openssh.com,aes256-gcm@openssh.com;umac-64-etm@openssh.com,umac-128-etm@openssh.com,hmac-sha2-256-etm@openssh.com,hmac-sha2-512-etm@openssh.com,hmac-sha1-etm@openssh.com,umac-64@openssh.com,umac-128@openssh.com,hmac-sha2-256,hmac-sha2-512,hmac-sha1;none,zlib@openssh.com,zlib",curve25519-sha256;curve25519-sha256@libssh.org;ecdh-sha2-nistp256;ecdh-sha2-nistp384;ecdh-sha2-nistp521;diffie-hellman-group-exchange-sha256;diffie-hellman-group16-sha512;diffie-hellman-group18-sha512;diffie-hellman-group14-sha256;ext-info-c;kex-strict-c-v00@openssh.com,ecdsa-sha2-nistp256-cert-v01@openssh.com;ecdsa-sha2-nistp384-cert-v01@openssh.com;ecdsa-sha2-nistp521-cert-v01@openssh.com;sk-ecdsa-sha2-nistp256-cert-v01@openssh.com;ssh-ed25519-cert-v01@openssh.com;sk-ssh-ed25519-cert-v01@openssh.com;rsa-sha2-512-cert-v01@openssh.com;rsa-sha2-256-cert-v01@openssh.com;ssh-rsa-cert-v01@openssh.com;ecdsa-sha2-nistp256;ecdsa-sha2-nistp384;ecdsa-sha2-nistp521;sk-ecdsa-sha2-nistp256@openssh.com;ssh-ed25519;sk-ssh-ed25519@openssh.com;rsa-sha2-512;rsa-sha2-256;ssh-rsa,chacha20-poly1305@openssh.com;aes128-ctr;aes192-ctr;aes256-ctr;aes128-gcm@openssh.com;aes256-gcm@openssh.com,umac-64-etm@openssh.com;umac-128-etm@openssh.com;hmac-sha2-256-etm@openssh.com;hmac-sha2-512-etm@openssh.com;hmac-sha1-etm@openssh.com;umac-64@openssh.com;umac-128@openssh.com;hmac-sha2-256;hmac-sha2-512;hmac-sha1,none;zlib@openssh.com;zlib,,SSH-2.0-OpenSSH_8.2p1 Ubuntu-4ubuntu0.13,2
f25b2be37ce355c4c168981965c843bf,"curve25519-sha256,curve25519-sha256@libssh.org;chacha20-poly1305@openssh.com,aes128-ctr,aes192-ctr,aes256-ctr,aes128-gcm@openssh.com,aes256-gcm@openssh.com,aes128-cbc,aes256-cbc,3des-cbc;hmac-sha2-256,hmac-sha2-512,hmac-sha1,hmac-sha1-96,hmac-md5;none,zlib@openssh.com",curve25519-sha256;curve25519-sha256@libssh.org,ssh-ed25519;rsa-sha2-512;rsa-sha2-256;ecdsa-sha2-nistp256;ecdsa-sha2-nistp384;ecdsa-sha2-nistp521;ssh-rsa;ssh-dss,chacha20-poly1305@openssh.com;aes128-ctr;aes192-ctr;aes256-ctr;aes128-gcm@openssh.com;aes256-gcm@openssh.com;aes128-cbc;aes256-cbc;3des-cbc,hmac-sha2-256;hmac-sha2-512;hmac-sha1;hmac-sha1-96;hmac-md5,none;zlib@openssh.com,,SSH-2.0-FlowIQ_1.0,2
6ccf2f9e3e87638dda7dceccd9ae3533,"diffie-hellman-group-exchange-sha256,diffie-hellman-group-exchange-sha1,diffie-hellman-group14-sha1,diffie-hellman-group1-sha1;aes256-cbc,rijndael-cbc@lysator.liu.se,aes192-cbc,aes128-cbc,arcfour128,arcfour,3des-cbc,none;hmac-sha2-256,hmac-sha2-512,hmac-sha1,hmac-sha1-96,hmac-md5,hmac-md5-96,none;none",diffie-hellman-group-exchange-sha256;diffie-hellman-group-exchange-sha1;diffie-hellman-group14-sha1;diffie-hellman-group1-sha1,ssh-rsa;ssh-dss,aes256-cbc;rijndael-cbc@lysator.liu.se;aes192-cbc;aes128-cbc;arcfour128;arcfour;3des-cbc;none,hmac-sha2-256;hmac-sha2-512;hmac-sha1;hmac-sha1-96;hmac-md5;hmac-md5-96;none,none,,SSH-2.0-libssh2_1.7.0,1
492b943d405cf2ed74d9cc126dfc1fbb,"ecdh-sha2-nistp256,ecdh-sha2-nistp384,ecdh-sha2-nistp521,curve25519-sha256,curve25519-sha256@libssh.org,diffie-hellman-group-exchange-sha256,diffie-hellman-group-exchange-sha1,diffie-hellman-group14-sha1,diffie-hellman-group1-sha1;aes128-ctr,aes192-ctr,aes256-ctr,aes256-cbc,rijndael-cbc@lysator.liu.se,aes192-cbc,aes128-cbc,blowfish-cbc,arcfour128,arcfour,cast128-cbc,3des-cbc,none;hmac-sha2-256,hmac-sha2-512,hmac-sha1,hmac-sha1-96,hmac-md5,hmac-md5-96,hmac-ripemd160,hmac-ripemd160@openssh.com,none;none",ecdh-sha2-nistp256;ecdh-sha2-nistp384;ecdh-sha2-nistp521;curve25519-sha256;curve25519-sha256@libssh.org;diffie-hellman-group-exchange-sha256;diffie-hellman-group-exchange-sha1;diffie-hellman-group14-sha1;diffie-hellman-group1-sha1,ecdsa-sha2-nistp256;ecdsa-sha2-nistp384;ecdsa-sha2-nistp521;ssh-ed25519;ssh-rsa;ssh-dss,aes128-ctr;aes192-ctr;aes256-ctr;aes256-cbc;rijndael-cbc@lysator.liu.se;aes192-cbc;aes128-cbc;blowfish-cbc;arcfour128;arcfour;cast128-cbc;3des-cbc;none,hmac-sha2-256;hmac-sha2-512;hmac-sha1;hmac-sha1-96;hmac-md5;hmac-md5-96;hmac-ripemd160;hmac-ripemd160@openssh.com;none,none,,SSH-2.0-libssh2_1.9.0_DEV,1
be31134219a24899a8a0c29c7797ba94,"curve25519-sha256,curve25519-sha256@libssh.org,ecdh-sha2-nistp256,ecdh-sha2-nistp384,ecdh-sha2-nistp521,diffie-hellman-group18-sha512,diffie-hellman-group16-sha512,diffie-hellman-group-exchange-sha256,diffie-hellman-group14-sha256,ext-info-c,kex-strict-c-v00@openssh.com;chacha20-poly1305@openssh.com,aes256-gcm@openssh.com,aes128-gcm@openssh.com,aes256-ctr,aes192-ctr,aes128-ctr,;hmac-sha2-256-etm@openssh.com,hmac-sha2-512-etm@openssh.com,hmac-sha2-256,hmac-sha2-512;none",curve25519-sha256;curve25519-sha256@libssh.org;ecdh-sha2-nistp256;ecdh-sha2-nistp384;ecdh-sha2-nistp521;diffie-hellman-group18-sha512;diffie-hellman-group16-sha512;diffie-hellman-group-exchange-sha256;diffie-hellman-group14-sha256;ext-info-c;kex-strict-c-v00@openssh.com,ssh-ed25519;ecdsa-sha2-nistp521;ecdsa-sha2-nistp384;ecdsa-sha2-nistp256;sk-ssh-ed25519@openssh.com;sk-ecdsa-sha2-nistp256@openssh.com;rsa-sha2-512;rsa-sha2-256,chacha20-poly1305@openssh.com;aes256-gcm@openssh.com;aes128-gcm@openssh.com;aes256-ctr;aes192-ctr;aes128-ctr;,hmac-sha2-256-etm@openssh.com;hmac-sha2-512-etm@openssh.com;hmac-sha2-256;hmac-sha2-512,none,,SSH-2.0-libssh_0.10.6,1
9d31b8e6c87f893d077ca6526f7c710b,"diffie-hellman-group1-sha1,diffie-hellman-group14-sha1,diffie-hellman-group14-sha256;aes128-ctr;hmac-sha1,hmac-256,hmac-sha2-256;none,zlib@openssh.com,zlib",diffie-hellman-group1-sha1;diffie-hellman-group14-sha1;diffie-hellman-group14-sha256,ssh-rsa;ssh-dss,aes128-ctr,hmac-sha1;hmac-256;hmac-sha2-256,none;zlib@openssh.com;zlib,,SSH-2.0-OpenSSH_9.2p1 Debian-2+deb12u3,1
8c917104c76e94afaacd03d2f6016935,"curve25519-sha256,curve25519-sha256@libssh.org,ecdh-sha2-nistp256,ecdh-sha2-nistp384,ecdh-sha2-nistp521,diffie-hellman-group14-sha256,diffie-hellman-group14-sha1,diffie-hellman-group1-sha1,diffie-hellman-group-exchange-sha256,diffie-hellman-group-exchange-sha1,ext-info-c,kex-strict-c-v00@openssh.com;aes128-ctr,aes192-ctr,aes256-ctr,aes128-gcm@openssh.com,aes256-gcm@openssh.com,chacha20-poly1305@openssh.com,arcfour256,arcfour128,arcfour,aes128-cbc,3des-cbc;hmac-sha2-256-etm@openssh.com,hmac-sha2-512-etm@openssh.com,hmac-sha2-256,hmac-sha2-512,hmac-sha1,hmac-sha1-96;none",curve25519-sha256;curve25519-sha256@libssh.org;ecdh-sha2-nistp256;ecdh-sha2-nistp384;ecdh-sha2-nistp521;diffie-hellman-group14-sha256;diffie-hellman-group14-sha1;diffie-hellman-group1-sha1;diffie-hellman-group-exchange-sha256;diffie-hellman-group-exchange-sha1;ext-info-c;kex-strict-c-v00@openssh.com,ssh-ed25519;ssh-ed25519-cert-v01@openssh.com;sk-ssh-ed25519@openssh.com;sk-ssh-ed25519-cert-v01@openssh.com;ecdsa-sha2-nistp256;ecdsa-sha2-nistp384;ecdsa-sha2-nistp521;ecdsa-sha2-nistp256-cert-v01@openssh.com;ecdsa-sha2-nistp384-cert-v01@openssh.com;ecdsa-sha2-nistp521-cert-v01@openssh.com;sk-ecdsa-sha2-nistp256@openssh.com;sk-ecdsa-sha2-nistp256-cert-v01@openssh.com;rsa-sha2-512;rsa-sha2-256;rsa-sha2-512-cert-v01@openssh.com;rsa-sha2-256-cert-v01@openssh.com;ssh-rsa;ssh-rsa-cert-v01@openssh.com;ssh-dss;ssh-dss-cert-v01@openssh.com,aes128-ctr;aes192-ctr;aes256-ctr;aes128-gcm@openssh.com;aes256-gcm@openssh.com;chacha20-poly1305@openssh.com;arcfour256;arcfour128;arcfour;aes128-cbc;3des-cbc,hmac-sha2-256-etm@openssh.com;hmac-sha2-512-etm@openssh.com;hmac-sha2-256;hmac-sha2-512;hmac-sha1;hmac-sha1-96,none,,SSH-2.0-Go,1
3335afa7a75e84f8348f05c623c5ecf9,"curve25519-sha256,curve25519-sha256@libssh.org,ecdh-sha2-nistp256,ecdh-sha2-nistp384,ecdh-sha2-nistp521,diffie-hellman-group18-sha512,diffie-hellman-group16-sha512,diffie-hellman-group-exchange-sha256,diffie-hellman-group14-sha256,diffie-hellman-group14-sha1,diffie-hellman-group1-sha1,ext-info-c,kex-strict-c-v00@openssh.com;aes256-gcm@openssh.com,aes128-gcm@openssh.com,aes256-ctr,aes192-ctr,aes128-ctr,aes256-cbc,aes192-cbc,aes128-cbc,3des-cbc;hmac-sha2-256-etm@openssh.com,hmac-sha2-512-etm@openssh.com,hmac-sha1-etm@openssh.com,hmac-sha2-256,hmac-sha2-512,hmac-sha1;none",curve25519-sha256;curve25519-sha256@libssh.org;ecdh-sha2-nistp256;ecdh-sha2-nistp384;ecdh-sha2-nistp521;diffie-hellman-group18-sha512;diffie-hellman-group16-sha512;diffie-hellman-group-exchange-sha256;diffie-hellman-group14-sha256;diffie-hellman-group14-sha1;diffie-hellman-group1-sha1;ext-info-c;kex-strict-c-v00@openssh.com,ssh-ed25519;ecdsa-sha2-nistp521;ecdsa-sha2-nistp384;ecdsa-sha2-nistp256;rsa-sha2-512;rsa-sha2-256;ssh-rsa;ssh-dss,aes256-gcm@openssh.com;aes128-gcm@openssh.com;aes256-ctr;aes192-ctr;aes128-ctr;aes256-cbc;aes192-cbc;aes128-cbc;3des-cbc,hmac-sha2-256-etm@openssh.com;hmac-sha2-512-etm@openssh.com;hmac-sha1-etm@openssh.com;hmac-sha2-256;hmac-sha2-512;hmac-sha1,none,,SSH-2.0-libssh_0.9.6,1
a15090cf5099f9bb96dfd3d4b590e1bb,"mlkem768x25519-sha256,curve25519-sha256,curve25519-sha256@libssh.org,ecdh-sha2-nistp256,ecdh-sha2-nistp384,ecdh-sha2-nistp521,diffie-hellman-group16-sha512,diffie-hellman-group14-sha256,diffie-hellman-group14-sha1,diffie-hellman-group-exchange-sha256,diffie-hellman-group-exchange-sha1,diffie-hellman-group1-sha1,ext-info-c,kex-strict-c-v00@openssh.com;aes128-gcm@openssh.com,aes256-gcm@openssh.com,chacha20-poly1305@openssh.com,aes128-ctr,aes192-ctr,aes256-ctr,aes128-cbc,3des-cbc,arcfour256,arcfour128,arcfour;hmac-sha2-256-etm@openssh.com,hmac-sha2-512-etm@openssh.com,hmac-sha2-256,hmac-sha2-512,hmac-sha1,hmac-sha1-96;none",mlkem768x25519-sha256;curve25519-sha256;curve25519-sha256@libssh.org;ecdh-sha2-nistp256;ecdh-sha2-nistp384;ecdh-sha2-nistp521;diffie-hellman-group16-sha512;diffie-hellman-group14-sha256;diffie-hellman-group14-sha1;diffie-hellman-group-exchange-sha256;diffie-hellman-group-exchange-sha1;diffie-hellman-group1-sha1;ext-info-c;kex-strict-c-v00@openssh.com,rsa-sha2-256-cert-v01@openssh.com;rsa-sha2-512-cert-v01@openssh.com;ssh-rsa-cert-v01@openssh.com;ssh-dss-cert-v01@openssh.com;ecdsa-sha2-nistp256-cert-v01@openssh.com;ecdsa-sha2-nistp384-cert-v01@openssh.com;ecdsa-sha2-nistp521-cert-v01@openssh.com;ssh-ed25519-cert-v01@openssh.com;ecdsa-sha2-nistp256;ecdsa-sha2-nistp384;ecdsa-sha2-nistp521;rsa-sha2-256;rsa-sha2-512;ssh-rsa;ssh-dss;ssh-ed25519,aes128-gcm@openssh.com;aes256-gcm@openssh.com;chacha20-poly1305@openssh.com;aes128-ctr;aes192-ctr;aes256-ctr;aes128-cbc;3des-cbc;arcfour256;arcfour128;arcfour,hmac-sha2-256-etm@openssh.com;hmac-sha2-512-etm@openssh.com;hmac-sha2-256;hmac-sha2-512;hmac-sha1;hmac-sha1-96,none,,SSH-2.0-Go,1
f0dae8afad40e79868006dda460a3625,"curve25519-sha256,curve25519-sha256@libssh.org,curve448-sha512,ecdh-sha2-nistp521,ecdh-sha2-nistp384,ecdh-sha2-nistp256,ecdh-sha2-1.3.132.0.10,diffie-hellman-group-exchange-sha256,diffie-hellman-group14-sha256,diffie-hellman-group15-sha512,diffie-hellman-group16-sha512,diffie-hellman-group17-sha512,diffie-hellman-group18-sha512,diffie-hellman-group14-sha256@ssh.com,diffie-hellman-group14-sha1,rsa2048-sha256,ext-info-c,kex-strict-c-v00@openssh.com;chacha20-poly1305@openssh.com,aes256-gcm@openssh.com,aes128-gcm@openssh.com,aes256-ctr,aes192-ctr,aes128-ctr;umac-64-etm@openssh.com,umac-128-etm@openssh.com,hmac-sha2-256-etm@openssh.com,hmac-sha2-512-etm@openssh.com,hmac-sha1-etm@openssh.com,umac-64@openssh.com,umac-128@openssh.com,hmac-sha2-256,hmac-sha2-512,hmac-sha1,hmac-sha256-2@ssh.com,hmac-sha224@ssh.com,hmac-sha256@ssh.com,hmac-sha384@ssh.com,hmac-sha512@ssh.com;none,zlib@openssh.com",curve25519-sha256;curve25519-sha256@libssh.org;curve448-sha512;ecdh-sha2-nistp521;ecdh-sha2-nistp384;ecdh-sha2-nistp256;ecdh-sha2-1.3.132.0.10;diffie-hellman-group-exchange-sha256;diffie-hellman-group14-sha256;diffie-hellman-group15-sha512;diffie-hellman-group16-sha512;diffie-hellman-group17-sha512;diffie-hellman-group18-sha512;diffie-hellman-group14-sha256@ssh.com;diffie-hellman-group14-sha1;rsa2048-sha256;ext-info-c;kex-strict-c-v00@openssh.com,rsa-sha2-256-cert-v01@openssh.com;rsa-sha2-512-cert-v01@openssh.com;ssh-rsa-cert-v01@openssh.com;sk-ssh-ed25519-cert-v01@openssh.com;sk-ecdsa-sha2-nistp256-cert-v01@openssh.com;ssh-ed25519-cert-v01@openssh.com;ssh-ed448-cert-v01@openssh.com;ecdsa-sha2-nistp521-cert-v01@openssh.com;ecdsa-sha2-nistp384-cert-v01@openssh.com;ecdsa-sha2-nistp256-cert-v01@openssh.com;ecdsa-sha2-1.3.132.0.10-cert-v01@openssh.com;rsa-sha2-256;rsa-sha2-512;ssh-rsa-sha224@ssh.com;ssh-rsa-sha256@ssh.com;ssh-rsa-sha384@ssh.com;ssh-rsa-sha512@ssh.com;ssh-rsa;sk-ssh-ed25519@openssh.com;sk-ecdsa-sha2-nistp256@openssh.com;webauthn-sk-ecdsa-sha2-nistp256@openssh.com;ssh-ed25519;ssh-ed448;ecdsa-sha2-nistp521;ecdsa-sha2-nistp384;ecdsa-sha2-nistp256;ecdsa-sha2-1.3.132.0.10,chacha20-poly1305@openssh.com;aes256-gcm@openssh.com;aes128-gcm@openssh.com;aes256-ctr;aes192-ctr;aes128-ctr,umac-64-etm@openssh.com;umac-128-etm@openssh.com;hmac-sha2-256-etm@openssh.com;hmac-sha2-512-etm@openssh.com;hmac-sha1-etm@openssh.com;umac-64@openssh.com;umac-128@openssh.com;hmac-sha2-256;hmac-sha2-512;hmac-sha1;hmac-sha256-2@ssh.com;hmac-sha224@ssh.com;hmac-sha256@ssh.com;hmac-sha384@ssh.com;hmac-sha512@ssh.com,none;zlib@openssh.com,,SSH-2.0-AsyncSSH_2.23.0,1
c39f4cec145ee3d50fb590595143b9d5,"curve25519-sha256@libssh.org,ecdh-sha2-nistp256,ecdh-sha2-nistp384,ecdh-sha2-nistp521,diffie-hellman-group14-sha1,diffie-hellman-group1-sha1;aes128-ctr,aes192-ctr,aes256-ctr,aes128-gcm@openssh.com,arcfour256,arcfour128;hmac-sha2-256-etm@openssh.com,hmac-sha2-256,hmac-sha1,hmac-sha1-96;none",curve25519-sha256@libssh.org;ecdh-sha2-nistp256;ecdh-sha2-nistp384;ecdh-sha2-nistp521;diffie-hellman-group14-sha1;diffie-hellman-group1-sha1,ssh-rsa-cert-v01@openssh.com;ssh-dss-cert-v01@openssh.com;ecdsa-sha2-nistp256-cert-v01@openssh.com;ecdsa-sha2-nistp384-cert-v01@openssh.com;ecdsa-sha2-nistp521-cert-v01@openssh.com;ssh-ed25519-cert-v01@openssh.com;ecdsa-sha2-nistp256;ecdsa-sha2-nistp384;ecdsa-sha2-nistp521;ssh-rsa;ssh-dss;ssh-ed25519,aes128-ctr;aes192-ctr;aes256-ctr;aes128-gcm@openssh.com;arcfour256;arcfour128,hmac-sha2-256-etm@openssh.com;hmac-sha2-256;hmac-sha1;hmac-sha1-96,none,,SSH-2.0-OpenSSH_7.4,1
e41f883c31f1d83174799c76864a8964,"curve25519-sha256,curve25519-sha256@libssh.org,ecdh-sha2-nistp256,ecdh-sha2-nistp384,ecdh-sha2-nistp521,diffie-hellman-group-exchange-sha256,diffie-hellman-group14-sha256,diffie-hellman-group16-sha512,diffie-hellman-group18-sha512,diffie-hellman-group-exchange-sha1,diffie-hellman-group14-sha1,diffie-hellman-group1-sha1,ext-info-c;aes256-gcm@openssh.com,chacha20-poly1305@openssh.com,aes256-ctr,aes256-cbc,aes128-gcm@openssh.com,aes128-ctr,aes128-cbc;hmac-sha2-256-etm@openssh.com,hmac-sha1-etm@openssh.com,hmac-sha2-512-etm@openssh.com,hmac-sha2-256,hmac-sha1,hmac-sha2-512;none",curve25519-sha256;curve25519-sha256@libssh.org;ecdh-sha2-nistp256;ecdh-sha2-nistp384;ecdh-sha2-nistp521;diffie-hellman-group-exchange-sha256;diffie-hellman-group14-sha256;diffie-hellman-group16-sha512;diffie-hellman-group18-sha512;diffie-hellman-group-exchange-sha1;diffie-hellman-group14-sha1;diffie-hellman-group1-sha1;ext-info-c,ssh-ed25519;ecdsa-sha2-nistp521;ecdsa-sha2-nistp384;ecdsa-sha2-nistp256;rsa-sha2-512;rsa-sha2-256;ssh-rsa;ssh-dss,aes256-gcm@openssh.com;chacha20-poly1305@openssh.com;aes256-ctr;aes256-cbc;aes128-gcm@openssh.com;aes128-ctr;aes128-cbc,hmac-sha2-256-etm@openssh.com;hmac-sha1-etm@openssh.com;hmac-sha2-512-etm@openssh.com;hmac-sha2-256;hmac-sha1;hmac-sha2-512,none,,SSH-2.0-libssh_0.9.6,1
f2919518a8c8e3ee3d86c73f3fe9b90d,"diffie-hellman-group1-sha1,diffie-hellman-group14-sha1,diffie-hellman-group14-sha256,ecdh-sha2-nistp256,ecdh-sha2-nistp384,ecdh-sha2-nistp521,curve25519-sha256,curve25519-sha256@libssh.org,ext-info-c,kex-strict-c-v00@openssh.com;aes128-ctr,aes192-ctr,aes256-ctr,aes128-gcm@openssh.com,aes256-gcm@openssh.com,arcfour256,arcfour128,aes128-cbc,3des-cbc;hmac-sha2-256-etm@openssh.com,hmac-sha2-512-etm@openssh.com,hmac-sha2-256,hmac-sha2-512,hmac-sha1,hmac-sha1-96;none",diffie-hellman-group1-sha1;diffie-hellman-group14-sha1;diffie-hellman-group14-sha256;ecdh-sha2-nistp256;ecdh-sha2-nistp384;ecdh-sha2-nistp521;curve25519-sha256;curve25519-sha256@libssh.org;ext-info-c;kex-strict-c-v00@openssh.com,ssh-rsa;ssh-dss;ssh-ed25519;ecdsa-sha2-nistp256;ecdsa-sha2-nistp384;ecdsa-sha2-nistp521,aes128-ctr;aes192-ctr;aes256-ctr;aes128-gcm@openssh.com;aes256-gcm@openssh.com;arcfour256;arcfour128;aes128-cbc;3des-cbc,hmac-sha2-256-etm@openssh.com;hmac-sha2-512-etm@openssh.com;hmac-sha2-256;hmac-sha2-512;hmac-sha1;hmac-sha1-96,none,,SSH-2.0-Go,1
fdc4f951acc33eeae3daf72bcc8d1b42,"diffie-hellman-group1-sha1,diffie-hellman-group14-sha256,curve25519-sha256@libssh.org,ecdh-sha2-nistp256,diffie-hellman-group14-sha1,ext-info-c,kex-strict-c-v00@openssh.com;arcfour128,aes192-ctr,3des-cbc,aes128-cbc;hmac-sha1-96,hmac-sha2-256-etm@openssh.com,hmac-sha1;none",diffie-hellman-group1-sha1;diffie-hellman-group14-sha256;curve25519-sha256@libssh.org;ecdh-sha2-nistp256;diffie-hellman-group14-sha1;ext-info-c;kex-strict-c-v00@openssh.com,rsa-sha2-256-cert-v01@openssh.com;rsa-sha2-512-cert-v01@openssh.com;ssh-rsa-cert-v01@openssh.com;ssh-dss-cert-v01@openssh.com;ecdsa-sha2-nistp256-cert-v01@openssh.com;ecdsa-sha2-nistp384-cert-v01@openssh.com;ecdsa-sha2-nistp521-cert-v01@openssh.com;ssh-ed25519-cert-v01@openssh.com;ecdsa-sha2-nistp256;ecdsa-sha2-nistp384;ecdsa-sha2-nistp521;rsa-sha2-256;rsa-sha2-512;ssh-rsa;ssh-dss;ssh-ed25519,arcfour128;aes192-ctr;3des-cbc;aes128-cbc,hmac-sha1-96;hmac-sha2-256-etm@openssh.com;hmac-sha1,none,,SSH-2.0-Go,1
78f27998dd27b78acc3f2e0d0b7effb7,"diffie-hellman-group1-sha1,diffie-hellman-group-exchange-sha1,diffie-hellman-group14-sha256,ecdh-sha2-nistp521,ecdh-sha2-nistp256,curve25519-sha256,curve25519-sha256@libssh.org,ext-info-c,kex-strict-c-v00@openssh.com;arcfour256,3des-cbc,aes128-ctr,aes128-cbc;hmac-sha2-512-etm@openssh.com,hmac-sha2-256,hmac-sha2-512,hmac-sha2-256-etm@openssh.com;none",diffie-hellman-group1-sha1;diffie-hellman-group-exchange-sha1;diffie-hellman-group14-sha256;ecdh-sha2-nistp521;ecdh-sha2-nistp256;curve25519-sha256;curve25519-sha256@libssh.org;ext-info-c;kex-strict-c-v00@openssh.com,rsa-sha2-256-cert-v01@openssh.com;rsa-sha2-512-cert-v01@openssh.com;ssh-rsa-cert-v01@openssh.com;ssh-dss-cert-v01@openssh.com;ecdsa-sha2-nistp256-cert-v01@openssh.com;ecdsa-sha2-nistp384-cert-v01@openssh.com;ecdsa-sha2-nistp521-cert-v01@openssh.com;ssh-ed25519-cert-v01@openssh.com;ecdsa-sha2-nistp256;ecdsa-sha2-nistp384;ecdsa-sha2-nistp521;rsa-sha2-256;rsa-sha2-512;ssh-rsa;ssh-dss;ssh-ed25519,arcfour256;3des-cbc;aes128-ctr;aes128-cbc,hmac-sha2-512-etm@openssh.com;hmac-sha2-256;hmac-sha2-512;hmac-sha2-256-etm@openssh.com,none,,SSH-2.0-Go,1
823f9ce4a794491aeba37b8acb67c4cc,"diffie-hellman-group-exchange-sha1,curve25519-sha256,curve25519-sha256@libssh.org,ecdh-sha2-nistp256,diffie-hellman-group1-sha1,ecdh-sha2-nistp521,diffie-hellman-group-exchange-sha256,ext-info-c,kex-strict-c-v00@openssh.com;aes256-ctr,arcfour256,aes128-ctr,aes128-cbc,3des-cbc;hmac-sha1-96,hmac-sha2-256,hmac-sha2-512,hmac-sha2-256-etm@openssh.com;none",diffie-hellman-group-exchange-sha1;curve25519-sha256;curve25519-sha256@libssh.org;ecdh-sha2-nistp256;diffie-hellman-group1-sha1;ecdh-sha2-nistp521;diffie-hellman-group-exchange-sha256;ext-info-c;kex-strict-c-v00@openssh.com,rsa-sha2-256-cert-v01@openssh.com;rsa-sha2-512-cert-v01@openssh.com;ssh-rsa-cert-v01@openssh.com;ssh-dss-cert-v01@openssh.com;ecdsa-sha2-nistp256-cert-v01@openssh.com;ecdsa-sha2-nistp384-cert-v01@openssh.com;ecdsa-sha2-nistp521-cert-v01@openssh.com;ssh-ed25519-cert-v01@openssh.com;ecdsa-sha2-nistp256;ecdsa-sha2-nistp384;ecdsa-sha2-nistp521;rsa-sha2-256;rsa-sha2-512;ssh-rsa;ssh-dss;ssh-ed25519,aes256-ctr;arcfour256;aes128-ctr;aes128-cbc;3des-cbc,hmac-sha1-96;hmac-sha2-256;hmac-sha2-512;hmac-sha2-256-etm@openssh.com,none,,SSH-2.0-Go,1
9f896600533f31ba1efe05237ceb6ec5,"diffie-hellman-group14-sha1,ecdh-sha2-nistp384,curve25519-sha256,curve25519-sha256@libssh.org,diffie-hellman-group14-sha256,ecdh-sha2-nistp256,diffie-hellman-group-exchange-sha1,ext-info-c,kex-strict-c-v00@openssh.com;chacha20-poly1305@openssh.com,aes128-ctr,3des-cbc,aes256-ctr;hmac-sha2-256-etm@openssh.com,hmac-sha2-512,hmac-sha2-256,hmac-sha2-512-etm@openssh.com;none",diffie-hellman-group14-sha1;ecdh-sha2-nistp384;curve25519-sha256;curve25519-sha256@libssh.org;diffie-hellman-group14-sha256;ecdh-sha2-nistp256;diffie-hellman-group-exchange-sha1;ext-info-c;kex-strict-c-v00@openssh.com,rsa-sha2-256-cert-v01@openssh.com;rsa-sha2-512-cert-v01@openssh.com;ssh-rsa-cert-v01@openssh.com;ssh-dss-cert-v01@openssh.com;ecdsa-sha2-nistp256-cert-v01@openssh.com;ecdsa-sha2-nistp384-cert-v01@openssh.com;ecdsa-sha2-nistp521-cert-v01@openssh.com;ssh-ed25519-cert-v01@openssh.com;ecdsa-sha2-nistp256;ecdsa-sha2-nistp384;ecdsa-sha2-nistp521;rsa-sha2-256;rsa-sha2-512;ssh-rsa;ssh-dss;ssh-ed25519,chacha20-poly1305@openssh.com;aes128-ctr;3des-cbc;aes256-ctr,hmac-sha2-256-etm@openssh.com;hmac-sha2-512;hmac-sha2-256;hmac-sha2-512-etm@openssh.com,none,,SSH-2.0-Go,1
114b1790294408e524b2ae11ba954b63,"ecdh-sha2-nistp384,diffie-hellman-group-exchange-sha1,ecdh-sha2-nistp521,diffie-hellman-group14-sha256,curve25519-sha256@libssh.org,ext-info-c,kex-strict-c-v00@openssh.com;aes128-gcm@openssh.com,chacha20-poly1305@openssh.com,aes192-ctr,aes256-gcm@openssh.com,3des-cbc,aes256-ctr;hmac-sha1-96,hmac-sha2-512,hmac-sha2-512-etm@openssh.com,hmac-sha1;none",ecdh-sha2-nistp384;diffie-hellman-group-exchange-sha1;ecdh-sha2-nistp521;diffie-hellman-group14-sha256;curve25519-sha256@libssh.org;ext-info-c;kex-strict-c-v00@openssh.com,rsa-sha2-256-cert-v01@openssh.com;rsa-sha2-512-cert-v01@openssh.com;ssh-rsa-cert-v01@openssh.com;ssh-dss-cert-v01@openssh.com;ecdsa-sha2-nistp256-cert-v01@openssh.com;ecdsa-sha2-nistp384-cert-v01@openssh.com;ecdsa-sha2-nistp521-cert-v01@openssh.com;ssh-ed25519-cert-v01@openssh.com;ecdsa-sha2-nistp256;ecdsa-sha2-nistp384;ecdsa-sha2-nistp521;rsa-sha2-256;rsa-sha2-512;ssh-rsa;ssh-dss;ssh-ed25519,aes128-gcm@openssh.com;chacha20-poly1305@openssh.com;aes192-ctr;aes256-gcm@openssh.com;3des-cbc;aes256-ctr,hmac-sha1-96;hmac-sha2-512;hmac-sha2-512-etm@openssh.com;hmac-sha1,none,,SSH-2.0-Go,1
3dce8a32eb9afd886c625abe53acf2e8,"diffie-hellman-group14-sha256,ecdh-sha2-nistp384,ecdh-sha2-nistp256,diffie-hellman-group-exchange-sha1,diffie-hellman-group1-sha1,diffie-hellman-group-exchange-sha256,ext-info-c,kex-strict-c-v00@openssh.com;aes192-ctr,aes256-ctr,aes128-gcm@openssh.com;hmac-sha2-256-etm@openssh.com,hmac-sha2-512-etm@openssh.com,hmac-sha2-512,hmac-sha1-96;none",diffie-hellman-group14-sha256;ecdh-sha2-nistp384;ecdh-sha2-nistp256;diffie-hellman-group-exchange-sha1;diffie-hellman-group1-sha1;diffie-hellman-group-exchange-sha256;ext-info-c;kex-strict-c-v00@openssh.com,rsa-sha2-256-cert-v01@openssh.com;rsa-sha2-512-cert-v01@openssh.com;ssh-rsa-cert-v01@openssh.com;ssh-dss-cert-v01@openssh.com;ecdsa-sha2-nistp256-cert-v01@openssh.com;ecdsa-sha2-nistp384-cert-v01@openssh.com;ecdsa-sha2-nistp521-cert-v01@openssh.com;ssh-ed25519-cert-v01@openssh.com;ecdsa-sha2-nistp256;ecdsa-sha2-nistp384;ecdsa-sha2-nistp521;rsa-sha2-256;rsa-sha2-512;ssh-rsa;ssh-dss;ssh-ed25519,aes192-ctr;aes256-ctr;aes128-gcm@openssh.com,hmac-sha2-256-etm@openssh.com;hmac-sha2-512-etm@openssh.com;hmac-sha2-512;hmac-sha1-96,none,,SSH-2.0-Go,1
581c51a8e6dec85b24293afbd7b0e854,"diffie-hellman-group-exchange-sha256,ecdh-sha2-nistp256,ecdh-sha2-nistp384,curve25519-sha256@libssh.org,diffie-hellman-group14-sha1,ext-info-c,kex-strict-c-v00@openssh.com;arcfour128,3des-cbc,aes128-gcm@openssh.com,aes256-ctr;hmac-sha1,hmac-sha2-256-etm@openssh.com,hmac-sha2-512-etm@openssh.com,hmac-sha2-512,hmac-sha1-96;none",diffie-hellman-group-exchange-sha256;ecdh-sha2-nistp256;ecdh-sha2-nistp384;curve25519-sha256@libssh.org;diffie-hellman-group14-sha1;ext-info-c;kex-strict-c-v00@openssh.com,rsa-sha2-256-cert-v01@openssh.com;rsa-sha2-512-cert-v01@openssh.com;ssh-rsa-cert-v01@openssh.com;ssh-dss-cert-v01@openssh.com;ecdsa-sha2-nistp256-cert-v01@openssh.com;ecdsa-sha2-nistp384-cert-v01@openssh.com;ecdsa-sha2-nistp521-cert-v01@openssh.com;ssh-ed25519-cert-v01@openssh.com;ecdsa-sha2-nistp256;ecdsa-sha2-nistp384;ecdsa-sha2-nistp521;rsa-sha2-256;rsa-sha2-512;ssh-rsa;ssh-dss;ssh-ed25519,arcfour128;3des-cbc;aes128-gcm@openssh.com;aes256-ctr,hmac-sha1;hmac-sha2-256-etm@openssh.com;hmac-sha2-512-etm@openssh.com;hmac-sha2-512;hmac-sha1-96,none,,SSH-2.0-Go,1
5f80e75de2a18b0982e689670710b331,"curve25519-sha256@libssh.org,diffie-hellman-group-exchange-sha1,diffie-hellman-group1-sha1,ecdh-sha2-nistp256,diffie-hellman-group14-sha1,curve25519-sha256,ecdh-sha2-nistp521,ext-info-c,kex-strict-c-v00@openssh.com;arcfour128,aes128-ctr,arcfour256,aes128-cbc,aes128-gcm@openssh.com,chacha20-poly1305@openssh.com;hmac-sha1,hmac-sha2-512-etm@openssh.com,hmac-sha2-256-etm@openssh.com,hmac-sha2-256,hmac-sha1-96;none",curve25519-sha256@libssh.org;diffie-hellman-group-exchange-sha1;diffie-hellman-group1-sha1;ecdh-sha2-nistp256;diffie-hellman-group14-sha1;curve25519-sha256;ecdh-sha2-nistp521;ext-info-c;kex-strict-c-v00@openssh.com,rsa-sha2-256-cert-v01@openssh.com;rsa-sha2-512-cert-v01@openssh.com;ssh-rsa-cert-v01@openssh.com;ssh-dss-cert-v01@openssh.com;ecdsa-sha2-nistp256-cert-v01@openssh.com;ecdsa-sha2-nistp384-cert-v01@openssh.com;ecdsa-sha2-nistp521-cert-v01@openssh.com;ssh-ed25519-cert-v01@openssh.com;ecdsa-sha2-nistp256;ecdsa-sha2-nistp384;ecdsa-sha2-nistp521;rsa-sha2-256;rsa-sha2-512;ssh-rsa;ssh-dss;ssh-ed25519,arcfour128;aes128-ctr;arcfour256;aes128-cbc;aes128-gcm@openssh.com;chacha20-poly1305@openssh.com,hmac-sha1;hmac-sha2-512-etm@openssh.com;hmac-sha2-256-etm@openssh.com;hmac-sha2-256;hmac-sha1-96,none,,SSH-2.0-Go,1
d94ea7852af5ed404bb03dd20022c314,"diffie-hellman-group14-sha1,ecdh-sha2-nistp256,diffie-hellman-group1-sha1,ecdh-sha2-nistp521,diffie-hellman-group-exchange-sha1,ext-info-c,kex-strict-c-v00@openssh.com;arcfour128,aes256-gcm@openssh.com,aes128-gcm@openssh.com,aes128-ctr;hmac-sha1,hmac-sha2-256-etm@openssh.com,hmac-sha2-256,hmac-sha2-512-etm@openssh.com,hmac-sha1-96;none",diffie-hellman-group14-sha1;ecdh-sha2-nistp256;diffie-hellman-group1-sha1;ecdh-sha2-nistp521;diffie-hellman-group-exchange-sha1;ext-info-c;kex-strict-c-v00@openssh.com,rsa-sha2-256-cert-v01@openssh.com;rsa-sha2-512-cert-v01@openssh.com;ssh-rsa-cert-v01@openssh.com;ssh-dss-cert-v01@openssh.com;ecdsa-sha2-nistp256-cert-v01@openssh.com;ecdsa-sha2-nistp384-cert-v01@openssh.com;ecdsa-sha2-nistp521-cert-v01@openssh.com;ssh-ed25519-cert-v01@openssh.com;ecdsa-sha2-nistp256;ecdsa-sha2-nistp384;ecdsa-sha2-nistp521;rsa-sha2-256;rsa-sha2-512;ssh-rsa;ssh-dss;ssh-ed25519,arcfour128;aes256-gcm@openssh.com;aes128-gcm@openssh.com;aes128-ctr,hmac-sha1;hmac-sha2-256-etm@openssh.com;hmac-sha2-256;hmac-sha2-512-etm@openssh.com;hmac-sha1-96,none,,SSH-2.0-Go,1
2bf4f6e3b1cb27ffebc09eb6a4ce9e0a,"ecdh-sha2-nistp521,diffie-hellman-group14-sha1,ecdh-sha2-nistp384,diffie-hellman-group-exchange-sha256,ecdh-sha2-nistp256,curve25519-sha256@libssh.org,ext-info-c,kex-strict-c-v00@openssh.com;aes128-gcm@openssh.com,3des-cbc,aes128-ctr,aes256-ctr,arcfour128,aes192-ctr,chacha20-poly1305@openssh.com;hmac-sha2-256-etm@openssh.com,hmac-sha2-256;none",ecdh-sha2-nistp521;diffie-hellman-group14-sha1;ecdh-sha2-nistp384;diffie-hellman-group-exchange-sha256;ecdh-sha2-nistp256;curve25519-sha256@libssh.org;ext-info-c;kex-strict-c-v00@openssh.com,rsa-sha2-256-cert-v01@openssh.com;rsa-sha2-512-cert-v01@openssh.com;ssh-rsa-cert-v01@openssh.com;ssh-dss-cert-v01@openssh.com;ecdsa-sha2-nistp256-cert-v01@openssh.com;ecdsa-sha2-nistp384-cert-v01@openssh.com;ecdsa-sha2-nistp521-cert-v01@openssh.com;ssh-ed25519-cert-v01@openssh.com;ecdsa-sha2-nistp256;ecdsa-sha2-nistp384;ecdsa-sha2-nistp521;rsa-sha2-256;rsa-sha2-512;ssh-rsa;ssh-dss;ssh-ed25519,aes128-gcm@openssh.com;3des-cbc;aes128-ctr;aes256-ctr;arcfour128;aes192-ctr;chacha20-poly1305@openssh.com,hmac-sha2-256-etm@openssh.com;hmac-sha2-256,none,,SSH-2.0-Go,1
77f5b7032a59fde77f2d7116743928e1,"diffie-hellman-group14-sha256,diffie-hellman-group-exchange-sha1,curve25519-sha256,diffie-hellman-group1-sha1,curve25519-sha256@libssh.org,ext-info-c,kex-strict-c-v00@openssh.com;chacha20-poly1305@openssh.com,aes128-ctr,arcfour256,aes256-gcm@openssh.com;hmac-sha2-256,hmac-sha2-256-etm@openssh.com,hmac-sha2-512-etm@openssh.com;none",diffie-hellman-group14-sha256;diffie-hellman-group-exchange-sha1;curve25519-sha256;diffie-hellman-group1-sha1;curve25519-sha256@libssh.org;ext-info-c;kex-strict-c-v00@openssh.com,rsa-sha2-256-cert-v01@openssh.com;rsa-sha2-512-cert-v01@openssh.com;ssh-rsa-cert-v01@openssh.com;ssh-dss-cert-v01@openssh.com;ecdsa-sha2-nistp256-cert-v01@openssh.com;ecdsa-sha2-nistp384-cert-v01@openssh.com;ecdsa-sha2-nistp521-cert-v01@openssh.com;ssh-ed25519-cert-v01@openssh.com;ecdsa-sha2-nistp256;ecdsa-sha2-nistp384;ecdsa-sha2-nistp521;rsa-sha2-256;rsa-sha2-512;ssh-rsa;ssh-dss;ssh-ed25519,chacha20-poly1305@openssh.com;aes128-ctr;arcfour256;aes256-gcm@openssh.com,hmac-sha2-256;hmac-sha2-256-etm@openssh.com;hmac-sha2-512-etm@openssh.com,none,,SSH-2.0-Go,1
dd8b230b7f6f2bcc48d00577c10968d8,"ecdh-sha2-nistp256,curve25519-sha256,curve25519-sha256@libssh.org,diffie-hellman-group14-sha256,diffie-hellman-group-exchange-sha256,ecdh-sha2-nistp521,ecdh-sha2-nistp384,ext-info-c,kex-strict-c-v00@openssh.com;arcfour128,aes128-ctr,aes256-gcm@openssh.com,arcfour256,aes128-gcm@openssh.com;hmac-sha2-512,hmac-sha2-256,hmac-sha1,hmac-sha2-512-etm@openssh.com,hmac-sha1-96;none",ecdh-sha2-nistp256;curve25519-sha256;curve25519-sha256@libssh.org;diffie-hellman-group14-sha256;diffie-hellman-group-exchange-sha256;ecdh-sha2-nistp521;ecdh-sha2-nistp384;ext-info-c;kex-strict-c-v00@openssh.com,rsa-sha2-256-cert-v01@openssh.com;rsa-sha2-512-cert-v01@openssh.com;ssh-rsa-cert-v01@openssh.com;ssh-dss-cert-v01@openssh.com;ecdsa-sha2-nistp256-cert-v01@openssh.com;ecdsa-sha2-nistp384-cert-v01@openssh.com;ecdsa-sha2-nistp521-cert-v01@openssh.com;ssh-ed25519-cert-v01@openssh.com;ecdsa-sha2-nistp256;ecdsa-sha2-nistp384;ecdsa-sha2-nistp521;rsa-sha2-256;rsa-sha2-512;ssh-rsa;ssh-dss;ssh-ed25519,arcfour128;aes128-ctr;aes256-gcm@openssh.com;arcfour256;aes128-gcm@openssh.com,hmac-sha2-512;hmac-sha2-256;hmac-sha1;hmac-sha2-512-etm@openssh.com;hmac-sha1-96,none,,SSH-2.0-Go,1
b684cc559b90801f69dcef5a20f0b456,"diffie-hellman-group-exchange-sha256,curve25519-sha256@libssh.org,diffie-hellman-group14-sha256,diffie-hellman-group-exchange-sha1,ecdh-sha2-nistp384,ext-info-c,kex-strict-c-v00@openssh.com;aes128-cbc,aes256-gcm@openssh.com,aes256-ctr,arcfour256;hmac-sha1,hmac-sha2-256-etm@openssh.com,hmac-sha2-256,hmac-sha2-512-etm@openssh.com,hmac-sha1-96;none",diffie-hellman-group-exchange-sha256;curve25519-sha256@libssh.org;diffie-hellman-group14-sha256;diffie-hellman-group-exchange-sha1;ecdh-sha2-nistp384;ext-info-c;kex-strict-c-v00@openssh.com,rsa-sha2-256-cert-v01@openssh.com;rsa-sha2-512-cert-v01@openssh.com;ssh-rsa-cert-v01@openssh.com;ssh-dss-cert-v01@openssh.com;ecdsa-sha2-nistp256-cert-v01@openssh.com;ecdsa-sha2-nistp384-cert-v01@openssh.com;ecdsa-sha2-nistp521-cert-v01@openssh.com;ssh-ed25519-cert-v01@openssh.com;ecdsa-sha2-nistp256;ecdsa-sha2-nistp384;ecdsa-sha2-nistp521;rsa-sha2-256;rsa-sha2-512;ssh-rsa;ssh-dss;ssh-ed25519,aes128-cbc;aes256-gcm@openssh.com;aes256-ctr;arcfour256,hmac-sha1;hmac-sha2-256-etm@openssh.com;hmac-sha2-256;hmac-sha2-512-etm@openssh.com;hmac-sha1-96,none,,SSH-2.0-Go,1
d2dc15c1bf945bc3f6f09c6d2f4df332,"diffie-hellman-group-exchange-sha1,diffie-hellman-group-exchange-sha256,diffie-hellman-group14-sha1,ecdh-sha2-nistp521,ecdh-sha2-nistp256,diffie-hellman-group14-sha256,ext-info-c,kex-strict-c-v00@openssh.com;arcfour256,aes192-ctr,aes128-gcm@openssh.com,3des-cbc,aes128-ctr,arcfour128,aes256-gcm@openssh.com;hmac-sha2-256,hmac-sha1-96,hmac-sha2-256-etm@openssh.com,hmac-sha2-512,hmac-sha2-512-etm@openssh.com;none",diffie-hellman-group-exchange-sha1;diffie-hellman-group-exchange-sha256;diffie-hellman-group14-sha1;ecdh-sha2-nistp521;ecdh-sha2-nistp256;diffie-hellman-group14-sha256;ext-info-c;kex-strict-c-v00@openssh.com,rsa-sha2-256-cert-v01@openssh.com;rsa-sha2-512-cert-v01@openssh.com;ssh-rsa-cert-v01@openssh.com;ssh-dss-cert-v01@openssh.com;ecdsa-sha2-nistp256-cert-v01@openssh.com;ecdsa-sha2-nistp384-cert-v01@openssh.com;ecdsa-sha2-nistp521-cert-v01@openssh.com;ssh-ed25519-cert-v01@openssh.com;ecdsa-sha2-nistp256;ecdsa-sha2-nistp384;ecdsa-sha2-nistp521;rsa-sha2-256;rsa-sha2-512;ssh-rsa;ssh-dss;ssh-ed25519,arcfour256;aes192-ctr;aes128-gcm@openssh.com;3des-cbc;aes128-ctr;arcfour128;aes256-gcm@openssh.com,hmac-sha2-256;hmac-sha1-96;hmac-sha2-256-etm@openssh.com;hmac-sha2-512;hmac-sha2-512-etm@openssh.com,none,,SSH-2.0-Go,1
dc3cbada368d91b9760910fd0c1af3ee,"diffie-hellman-group1-sha1,ecdh-sha2-nistp521,diffie-hellman-group-exchange-sha1,ecdh-sha2-nistp256,diffie-hellman-group14-sha1,ext-info-c,kex-strict-c-v00@openssh.com;arcfour128,aes256-gcm@openssh.com,aes192-ctr,chacha20-poly1305@openssh.com,aes128-gcm@openssh.com,3des-cbc;hmac-sha1,hmac-sha2-256;none",diffie-hellman-group1-sha1;ecdh-sha2-nistp521;diffie-hellman-group-exchange-sha1;ecdh-sha2-nistp256;diffie-hellman-group14-sha1;ext-info-c;kex-strict-c-v00@openssh.com,rsa-sha2-256-cert-v01@openssh.com;rsa-sha2-512-cert-v01@openssh.com;ssh-rsa-cert-v01@openssh.com;ssh-dss-cert-v01@openssh.com;ecdsa-sha2-nistp256-cert-v01@openssh.com;ecdsa-sha2-nistp384-cert-v01@openssh.com;ecdsa-sha2-nistp521-cert-v01@openssh.com;ssh-ed25519-cert-v01@openssh.com;ecdsa-sha2-nistp256;ecdsa-sha2-nistp384;ecdsa-sha2-nistp521;rsa-sha2-256;rsa-sha2-512;ssh-rsa;ssh-dss;ssh-ed25519,arcfour128;aes256-gcm@openssh.com;aes192-ctr;chacha20-poly1305@openssh.com;aes128-gcm@openssh.com;3des-cbc,hmac-sha1;hmac-sha2-256,none,,SSH-2.0-Go,1
bde6526d6793ba7fdf84443619aef27a,"diffie-hellman-group-exchange-sha256,ecdh-sha2-nistp521,curve25519-sha256@libssh.org,diffie-hellman-group14-sha1,ecdh-sha2-nistp256,ext-info-c,kex-strict-c-v00@openssh.com;aes128-cbc,aes256-ctr,aes128-gcm@openssh.com,aes256-gcm@openssh.com,aes128-ctr;hmac-sha2-512,hmac-sha2-512-etm@openssh.com,hmac-sha2-256-etm@openssh.com,hmac-sha1,hmac-sha1-96;none",diffie-hellman-group-exchange-sha256;ecdh-sha2-nistp521;curve25519-sha256@libssh.org;diffie-hellman-group14-sha1;ecdh-sha2-nistp256;ext-info-c;kex-strict-c-v00@openssh.com,rsa-sha2-256-cert-v01@openssh.com;rsa-sha2-512-cert-v01@openssh.com;ssh-rsa-cert-v01@openssh.com;ssh-dss-cert-v01@openssh.com;ecdsa-sha2-nistp256-cert-v01@openssh.com;ecdsa-sha2-nistp384-cert-v01@openssh.com;ecdsa-sha2-nistp521-cert-v01@openssh.com;ssh-ed25519-cert-v01@openssh.com;ecdsa-sha2-nistp256;ecdsa-sha2-nistp384;ecdsa-sha2-nistp521;rsa-sha2-256;rsa-sha2-512;ssh-rsa;ssh-dss;ssh-ed25519,aes128-cbc;aes256-ctr;aes128-gcm@openssh.com;aes256-gcm@openssh.com;aes128-ctr,hmac-sha2-512;hmac-sha2-512-etm@openssh.com;hmac-sha2-256-etm@openssh.com;hmac-sha1;hmac-sha1-96,none,,SSH-2.0-Go,1
fe5dd6eeefdd1edd923215322e7c6a31,"diffie-hellman-group-exchange-sha256,curve25519-sha256@libssh.org,diffie-hellman-group14-sha1,curve25519-sha256,diffie-hellman-group1-sha1,ecdh-sha2-nistp521,diffie-hellman-group14-sha256,ext-info-c,kex-strict-c-v00@openssh.com;chacha20-poly1305@openssh.com,aes128-cbc,aes256-ctr,arcfour128,aes192-ctr,aes128-gcm@openssh.com,3des-cbc;hmac-sha2-512,hmac-sha1,hmac-sha2-512-etm@openssh.com;none",diffie-hellman-group-exchange-sha256;curve25519-sha256@libssh.org;diffie-hellman-group14-sha1;curve25519-sha256;diffie-hellman-group1-sha1;ecdh-sha2-nistp521;diffie-hellman-group14-sha256;ext-info-c;kex-strict-c-v00@openssh.com,rsa-sha2-256-cert-v01@openssh.com;rsa-sha2-512-cert-v01@openssh.com;ssh-rsa-cert-v01@openssh.com;ssh-dss-cert-v01@openssh.com;ecdsa-sha2-nistp256-cert-v01@openssh.com;ecdsa-sha2-nistp384-cert-v01@openssh.com;ecdsa-sha2-nistp521-cert-v01@openssh.com;ssh-ed25519-cert-v01@openssh.com;ecdsa-sha2-nistp256;ecdsa-sha2-nistp384;ecdsa-sha2-nistp521;rsa-sha2-256;rsa-sha2-512;ssh-rsa;ssh-dss;ssh-ed25519,chacha20-poly1305@openssh.com;aes128-cbc;aes256-ctr;arcfour128;aes192-ctr;aes128-gcm@openssh.com;3des-cbc,hmac-sha2-512;hmac-sha1;hmac-sha2-512-etm@openssh.com,none,,SSH-2.0-Go,1
fc6fb2c08ac86071c2ac58770c0e62b8,"diffie-hellman-group-exchange-sha1,ecdh-sha2-nistp384,diffie-hellman-group1-sha1,ecdh-sha2-nistp521,ecdh-sha2-nistp256,ext-info-c,kex-strict-c-v00@openssh.com;aes128-ctr,chacha20-poly1305@openssh.com,aes128-cbc,aes256-gcm@openssh.com;hmac-sha2-256,hmac-sha2-512-etm@openssh.com,hmac-sha1,hmac-sha2-256-etm@openssh.com;none",diffie-hellman-group-exchange-sha1;ecdh-sha2-nistp384;diffie-hellman-group1-sha1;ecdh-sha2-nistp521;ecdh-sha2-nistp256;ext-info-c;kex-strict-c-v00@openssh.com,rsa-sha2-256-cert-v01@openssh.com;rsa-sha2-512-cert-v01@openssh.com;ssh-rsa-cert-v01@openssh.com;ssh-dss-cert-v01@openssh.com;ecdsa-sha2-nistp256-cert-v01@openssh.com;ecdsa-sha2-nistp384-cert-v01@openssh.com;ecdsa-sha2-nistp521-cert-v01@openssh.com;ssh-ed25519-cert-v01@openssh.com;ecdsa-sha2-nistp256;ecdsa-sha2-nistp384;ecdsa-sha2-nistp521;rsa-sha2-256;rsa-sha2-512;ssh-rsa;ssh-dss;ssh-ed25519,aes128-ctr;chacha20-poly1305@openssh.com;aes128-cbc;aes256-gcm@openssh.com,hmac-sha2-256;hmac-sha2-512-etm@openssh.com;hmac-sha1;hmac-sha2-256-etm@openssh.com,none,,SSH-2.0-Go,1
13112f6a4fd4510828d80dc4f2d37155,"ecdh-sha2-nistp256,diffie-hellman-group-exchange-sha256,ecdh-sha2-nistp384,diffie-hellman-group1-sha1,curve25519-sha256@libssh.org,ext-info-c,kex-strict-c-v00@openssh.com;aes256-ctr,aes128-ctr,aes128-cbc,aes192-ctr,aes128-gcm@openssh.com,aes256-gcm@openssh.com,arcfour128;hmac-sha2-512-etm@openssh.com,hmac-sha1,hmac-sha2-256,hmac-sha1-96;none",ecdh-sha2-nistp256;diffie-hellman-group-exchange-sha256;ecdh-sha2-nistp384;diffie-hellman-group1-sha1;curve25519-sha256@libssh.org;ext-info-c;kex-strict-c-v00@openssh.com,rsa-sha2-256-cert-v01@openssh.com;rsa-sha2-512-cert-v01@openssh.com;ssh-rsa-cert-v01@openssh.com;ssh-dss-cert-v01@openssh.com;ecdsa-sha2-nistp256-cert-v01@openssh.com;ecdsa-sha2-nistp384-cert-v01@openssh.com;ecdsa-sha2-nistp521-cert-v01@openssh.com;ssh-ed25519-cert-v01@openssh.com;ecdsa-sha2-nistp256;ecdsa-sha2-nistp384;ecdsa-sha2-nistp521;rsa-sha2-256;rsa-sha2-512;ssh-rsa;ssh-dss;ssh-ed25519,aes256-ctr;aes128-ctr;aes128-cbc;aes192-ctr;aes128-gcm@openssh.com;aes256-gcm@openssh.com;arcfour128,hmac-sha2-512-etm@openssh.com;hmac-sha1;hmac-sha2-256;hmac-sha1-96,none,,SSH-2.0-Go,1
2d40f8bd99c1e7616f3a3518126c29f9,"diffie-hellman-group-exchange-sha1,ecdh-sha2-nistp384,ecdh-sha2-nistp256,diffie-hellman-group14-sha1,curve25519-sha256,curve25519-sha256@libssh.org,ext-info-c,kex-strict-c-v00@openssh.com;arcfour256,aes256-gcm@openssh.com,aes256-ctr,3des-cbc,aes128-gcm@openssh.com;hmac-sha2-256,hmac-sha1,hmac-sha2-512-etm@openssh.com,hmac-sha2-512,hmac-sha2-256-etm@openssh.com;none",diffie-hellman-group-exchange-sha1;ecdh-sha2-nistp384;ecdh-sha2-nistp256;diffie-hellman-group14-sha1;curve25519-sha256;curve25519-sha256@libssh.org;ext-info-c;kex-strict-c-v00@openssh.com,rsa-sha2-256-cert-v01@openssh.com;rsa-sha2-512-cert-v01@openssh.com;ssh-rsa-cert-v01@openssh.com;ssh-dss-cert-v01@openssh.com;ecdsa-sha2-nistp256-cert-v01@openssh.com;ecdsa-sha2-nistp384-cert-v01@openssh.com;ecdsa-sha2-nistp521-cert-v01@openssh.com;ssh-ed25519-cert-v01@openssh.com;ecdsa-sha2-nistp256;ecdsa-sha2-nistp384;ecdsa-sha2-nistp521;rsa-sha2-256;rsa-sha2-512;ssh-rsa;ssh-dss;ssh-ed25519,arcfour256;aes256-gcm@openssh.com;aes256-ctr;3des-cbc;aes128-gcm@openssh.com,hmac-sha2-256;hmac-sha1;hmac-sha2-512-etm@openssh.com;hmac-sha2-512;hmac-sha2-256-etm@openssh.com,none,,SSH-2.0-Go,1
d61b3f1af6e6c6e73df0a8b74a3a8931,"diffie-hellman-group-exchange-sha256,diffie-hellman-group14-sha256,ecdh-sha2-nistp384,diffie-hellman-group-exchange-sha1,diffie-hellman-group14-sha1,curve25519-sha256,curve25519-sha256@libssh.org,ext-info-c,kex-strict-c-v00@openssh.com;aes256-gcm@openssh.com,chacha20-poly1305@openssh.com,3des-cbc,aes128-gcm@openssh.com,aes128-cbc;hmac-sha2-256,hmac-sha2-512-etm@openssh.com,hmac-sha2-512;none",diffie-hellman-group-exchange-sha256;diffie-hellman-group14-sha256;ecdh-sha2-nistp384;diffie-hellman-group-exchange-sha1;diffie-hellman-group14-sha1;curve25519-sha256;curve25519-sha256@libssh.org;ext-info-c;kex-strict-c-v00@openssh.com,rsa-sha2-256-cert-v01@openssh.com;rsa-sha2-512-cert-v01@openssh.com;ssh-rsa-cert-v01@openssh.com;ssh-dss-cert-v01@openssh.com;ecdsa-sha2-nistp256-cert-v01@openssh.com;ecdsa-sha2-nistp384-cert-v01@openssh.com;ecdsa-sha2-nistp521-cert-v01@openssh.com;ssh-ed25519-cert-v01@openssh.com;ecdsa-sha2-nistp256;ecdsa-sha2-nistp384;ecdsa-sha2-nistp521;rsa-sha2-256;rsa-sha2-512;ssh-rsa;ssh-dss;ssh-ed25519,aes256-gcm@openssh.com;chacha20-poly1305@openssh.com;3des-cbc;aes128-gcm@openssh.com;aes128-cbc,hmac-sha2-256;hmac-sha2-512-etm@openssh.com;hmac-sha2-512,none,,SSH-2.0-Go,1
7c9f79f993b0a016d986648117c2d68d,"diffie-hellman-group14-sha1,curve25519-sha256@libssh.org,diffie-hellman-group1-sha1,diffie-hellman-group-exchange-sha1,ecdh-sha2-nistp384,ecdh-sha2-nistp256,ecdh-sha2-nistp521,ext-info-c,kex-strict-c-v00@openssh.com;3des-cbc,aes128-cbc,aes256-gcm@openssh.com,chacha20-poly1305@openssh.com,aes128-ctr;hmac-sha2-256,hmac-sha2-512,hmac-sha2-256-etm@openssh.com,hmac-sha1-96,hmac-sha2-512-etm@openssh.com;none",diffie-hellman-group14-sha1;curve25519-sha256@libssh.org;diffie-hellman-group1-sha1;diffie-hellman-group-exchange-sha1;ecdh-sha2-nistp384;ecdh-sha2-nistp256;ecdh-sha2-nistp521;ext-info-c;kex-strict-c-v00@openssh.com,rsa-sha2-256-cert-v01@openssh.com;rsa-sha2-512-cert-v01@openssh.com;ssh-rsa-cert-v01@openssh.com;ssh-dss-cert-v01@openssh.com;ecdsa-sha2-nistp256-cert-v01@openssh.com;ecdsa-sha2-nistp384-cert-v01@openssh.com;ecdsa-sha2-nistp521-cert-v01@openssh.com;ssh-ed25519-cert-v01@openssh.com;ecdsa-sha2-nistp256;ecdsa-sha2-nistp384;ecdsa-sha2-nistp521;rsa-sha2-256;rsa-sha2-512;ssh-rsa;ssh-dss;ssh-ed25519,3des-cbc;aes128-cbc;aes256-gcm@openssh.com;chacha20-poly1305@openssh.com;aes128-ctr,hmac-sha2-256;hmac-sha2-512;hmac-sha2-256-etm@openssh.com;hmac-sha1-96;hmac-sha2-512-etm@openssh.com,none,,SSH-2.0-Go,1
206dd7a36fe1a92b9d8e67c7e9cb062d,"ecdh-sha2-nistp256,ecdh-sha2-nistp384,curve25519-sha256,curve25519-sha256@libssh.org,diffie-hellman-group1-sha1,diffie-hellman-group14-sha256,ext-info-c,kex-strict-c-v00@openssh.com;chacha20-poly1305@openssh.com,3des-cbc,aes192-ctr,aes256-gcm@openssh.com,aes128-gcm@openssh.com;hmac-sha2-512-etm@openssh.com,hmac-sha2-256,hmac-sha1,hmac-sha1-96,hmac-sha2-512;none",ecdh-sha2-nistp256;ecdh-sha2-nistp384;curve25519-sha256;curve25519-sha256@libssh.org;diffie-hellman-group1-sha1;diffie-hellman-group14-sha256;ext-info-c;kex-strict-c-v00@openssh.com,rsa-sha2-256-cert-v01@openssh.com;rsa-sha2-512-cert-v01@openssh.com;ssh-rsa-cert-v01@openssh.com;ssh-dss-cert-v01@openssh.com;ecdsa-sha2-nistp256-cert-v01@openssh.com;ecdsa-sha2-nistp384-cert-v01@openssh.com;ecdsa-sha2-nistp521-cert-v01@openssh.com;ssh-ed25519-cert-v01@openssh.com;ecdsa-sha2-nistp256;ecdsa-sha2-nistp384;ecdsa-sha2-nistp521;rsa-sha2-256;rsa-sha2-512;ssh-rsa;ssh-dss;ssh-ed25519,chacha20-poly1305@openssh.com;3des-cbc;aes192-ctr;aes256-gcm@openssh.com;aes128-gcm@openssh.com,hmac-sha2-512-etm@openssh.com;hmac-sha2-256;hmac-sha1;hmac-sha1-96;hmac-sha2-512,none,,SSH-2.0-Go,1
78dfb0608589026016294a73219d4d4f,"curve25519-sha256,diffie-hellman-group-exchange-sha256,diffie-hellman-group14-sha256,diffie-hellman-group14-sha1,curve25519-sha256@libssh.org,ecdh-sha2-nistp256,ecdh-sha2-nistp521,ext-info-c,kex-strict-c-v00@openssh.com;aes256-gcm@openssh.com,arcfour128,chacha20-poly1305@openssh.com,3des-cbc,aes128-ctr,aes192-ctr;hmac-sha1,hmac-sha1-96,hmac-sha2-256,hmac-sha2-512-etm@openssh.com;none",curve25519-sha256;diffie-hellman-group-exchange-sha256;diffie-hellman-group14-sha256;diffie-hellman-group14-sha1;curve25519-sha256@libssh.org;ecdh-sha2-nistp256;ecdh-sha2-nistp521;ext-info-c;kex-strict-c-v00@openssh.com,rsa-sha2-256-cert-v01@openssh.com;rsa-sha2-512-cert-v01@openssh.com;ssh-rsa-cert-v01@openssh.com;ssh-dss-cert-v01@openssh.com;ecdsa-sha2-nistp256-cert-v01@openssh.com;ecdsa-sha2-nistp384-cert-v01@openssh.com;ecdsa-sha2-nistp521-cert-v01@openssh.com;ssh-ed25519-cert-v01@openssh.com;ecdsa-sha2-nistp256;ecdsa-sha2-nistp384;ecdsa-sha2-nistp521;rsa-sha2-256;rsa-sha2-512;ssh-rsa;ssh-dss;ssh-ed25519,aes256-gcm@openssh.com;arcfour128;chacha20-poly1305@openssh.com;3des-cbc;aes128-ctr;aes192-ctr,hmac-sha1;hmac-sha1-96;hmac-sha2-256;hmac-sha2-512-etm@openssh.com,none,,SSH-2.0-Go,1
59503d27c2a794d977f66ef2f38477d4,"diffie-hellman-group14-sha256,ecdh-sha2-nistp256,diffie-hellman-group14-sha1,diffie-hellman-group-exchange-sha256,diffie-hellman-group-exchange-sha1,ext-info-c,kex-strict-c-v00@openssh.com;3des-cbc,aes192-ctr,aes256-ctr,arcfour256;hmac-sha1,hmac-sha2-512,hmac-sha1-96;none",diffie-hellman-group14-sha256;ecdh-sha2-nistp256;diffie-hellman-group14-sha1;diffie-hellman-group-exchange-sha256;diffie-hellman-group-exchange-sha1;ext-info-c;kex-strict-c-v00@openssh.com,rsa-sha2-256-cert-v01@openssh.com;rsa-sha2-512-cert-v01@openssh.com;ssh-rsa-cert-v01@openssh.com;ssh-dss-cert-v01@openssh.com;ecdsa-sha2-nistp256-cert-v01@openssh.com;ecdsa-sha2-nistp384-cert-v01@openssh.com;ecdsa-sha2-nistp521-cert-v01@openssh.com;ssh-ed25519-cert-v01@openssh.com;ecdsa-sha2-nistp256;ecdsa-sha2-nistp384;ecdsa-sha2-nistp521;rsa-sha2-256;rsa-sha2-512;ssh-rsa;ssh-dss;ssh-ed25519,3des-cbc;aes192-ctr;aes256-ctr;arcfour256,hmac-sha1;hmac-sha2-512;hmac-sha1-96,none,,SSH-2.0-Go,1
e80d5f2e32f601a505d5c3deee99c5df,"ecdh-sha2-nistp384,diffie-hellman-group14-sha256,ecdh-sha2-nistp256,diffie-hellman-group-exchange-sha256,diffie-hellman-group-exchange-sha1,curve25519-sha256@libssh.org,ecdh-sha2-nistp521,ext-info-c,kex-strict-c-v00@openssh.com;aes256-gcm@openssh.com,chacha20-poly1305@openssh.com,arcfour256,aes128-gcm@openssh.com;hmac-sha2-256-etm@openssh.com,hmac-sha2-256,hmac-sha1-96;none",ecdh-sha2-nistp384;diffie-hellman-group14-sha256;ecdh-sha2-nistp256;diffie-hellman-group-exchange-sha256;diffie-hellman-group-exchange-sha1;curve25519-sha256@libssh.org;ecdh-sha2-nistp521;ext-info-c;kex-strict-c-v00@openssh.com,rsa-sha2-256-cert-v01@openssh.com;rsa-sha2-512-cert-v01@openssh.com;ssh-rsa-cert-v01@openssh.com;ssh-dss-cert-v01@openssh.com;ecdsa-sha2-nistp256-cert-v01@openssh.com;ecdsa-sha2-nistp384-cert-v01@openssh.com;ecdsa-sha2-nistp521-cert-v01@openssh.com;ssh-ed25519-cert-v01@openssh.com;ecdsa-sha2-nistp256;ecdsa-sha2-nistp384;ecdsa-sha2-nistp521;rsa-sha2-256;rsa-sha2-512;ssh-rsa;ssh-dss;ssh-ed25519,aes256-gcm@openssh.com;chacha20-poly1305@openssh.com;arcfour256;aes128-gcm@openssh.com,hmac-sha2-256-etm@openssh.com;hmac-sha2-256;hmac-sha1-96,none,,SSH-2.0-Go,1
8023a978d680f6e7dfd44e85d850dc07,"diffie-hellman-group-exchange-sha256,ecdh-sha2-nistp384,diffie-hellman-group14-sha256,diffie-hellman-group1-sha1,ecdh-sha2-nistp256,diffie-hellman-group14-sha1,ext-info-c,kex-strict-c-v00@openssh.com;chacha20-poly1305@openssh.com,aes128-cbc,aes256-ctr,arcfour128;hmac-sha2-256-etm@openssh.com,hmac-sha2-512,hmac-sha2-512-etm@openssh.com,hmac-sha1,hmac-sha1-96;none",diffie-hellman-group-exchange-sha256;ecdh-sha2-nistp384;diffie-hellman-group14-sha256;diffie-hellman-group1-sha1;ecdh-sha2-nistp256;diffie-hellman-group14-sha1;ext-info-c;kex-strict-c-v00@openssh.com,rsa-sha2-256-cert-v01@openssh.com;rsa-sha2-512-cert-v01@openssh.com;ssh-rsa-cert-v01@openssh.com;ssh-dss-cert-v01@openssh.com;ecdsa-sha2-nistp256-cert-v01@openssh.com;ecdsa-sha2-nistp384-cert-v01@openssh.com;ecdsa-sha2-nistp521-cert-v01@openssh.com;ssh-ed25519-cert-v01@openssh.com;ecdsa-sha2-nistp256;ecdsa-sha2-nistp384;ecdsa-sha2-nistp521;rsa-sha2-256;rsa-sha2-512;ssh-rsa;ssh-dss;ssh-ed25519,chacha20-poly1305@openssh.com;aes128-cbc;aes256-ctr;arcfour128,hmac-sha2-256-etm@openssh.com;hmac-sha2-512;hmac-sha2-512-etm@openssh.com;hmac-sha1;hmac-sha1-96,none,,SSH-2.0-Go,1
7f8de74e3604cadb3c097275eaaebb62,"ecdh-sha2-nistp384,diffie-hellman-group-exchange-sha256,ecdh-sha2-nistp256,diffie-hellman-group14-sha256,curve25519-sha256,curve25519-sha256@libssh.org,diffie-hellman-group14-sha1,ext-info-c,kex-strict-c-v00@openssh.com;arcfour256,aes128-ctr,aes128-cbc,chacha20-poly1305@openssh.com,arcfour128,aes128-gcm@openssh.com,aes256-gcm@openssh.com,3des-cbc;hmac-sha2-512-etm@openssh.com,hmac-sha2-256-etm@openssh.com,hmac-sha2-512,hmac-sha2-256;none",ecdh-sha2-nistp384;diffie-hellman-group-exchange-sha256;ecdh-sha2-nistp256;diffie-hellman-group14-sha256;curve25519-sha256;curve25519-sha256@libssh.org;diffie-hellman-group14-sha1;ext-info-c;kex-strict-c-v00@openssh.com,rsa-sha2-256-cert-v01@openssh.com;rsa-sha2-512-cert-v01@openssh.com;ssh-rsa-cert-v01@openssh.com;ssh-dss-cert-v01@openssh.com;ecdsa-sha2-nistp256-cert-v01@openssh.com;ecdsa-sha2-nistp384-cert-v01@openssh.com;ecdsa-sha2-nistp521-cert-v01@openssh.com;ssh-ed25519-cert-v01@openssh.com;ecdsa-sha2-nistp256;ecdsa-sha2-nistp384;ecdsa-sha2-nistp521;rsa-sha2-256;rsa-sha2-512;ssh-rsa;ssh-dss;ssh-ed25519,arcfour256;aes128-ctr;aes128-cbc;chacha20-poly1305@openssh.com;arcfour128;aes128-gcm@openssh.com;aes256-gcm@openssh.com;3des-cbc,hmac-sha2-512-etm@openssh.com;hmac-sha2-256-etm@openssh.com;hmac-sha2-512;hmac-sha2-256,none,,SSH-2.0-Go,1
930052467a48b73cfc71a78d91934b60,"diffie-hellman-group14-sha256,ecdh-sha2-nistp256,diffie-hellman-group-exchange-sha1,diffie-hellman-group14-sha1,ecdh-sha2-nistp384,ecdh-sha2-nistp521,ext-info-c,kex-strict-c-v00@openssh.com;arcfour128,chacha20-poly1305@openssh.com,aes256-gcm@openssh.com;hmac-sha2-512-etm@openssh.com,hmac-sha1,hmac-sha2-256-etm@openssh.com;none",diffie-hellman-group14-sha256;ecdh-sha2-nistp256;diffie-hellman-group-exchange-sha1;diffie-hellman-group14-sha1;ecdh-sha2-nistp384;ecdh-sha2-nistp521;ext-info-c;kex-strict-c-v00@openssh.com,rsa-sha2-256-cert-v01@openssh.com;rsa-sha2-512-cert-v01@openssh.com;ssh-rsa-cert-v01@openssh.com;ssh-dss-cert-v01@openssh.com;ecdsa-sha2-nistp256-cert-v01@openssh.com;ecdsa-sha2-nistp384-cert-v01@openssh.com;ecdsa-sha2-nistp521-cert-v01@openssh.com;ssh-ed25519-cert-v01@openssh.com;ecdsa-sha2-nistp256;ecdsa-sha2-nistp384;ecdsa-sha2-nistp521;rsa-sha2-256;rsa-sha2-512;ssh-rsa;ssh-dss;ssh-ed25519,arcfour128;chacha20-poly1305@openssh.com;aes256-gcm@openssh.com,hmac-sha2-512-etm@openssh.com;hmac-sha1;hmac-sha2-256-etm@openssh.com,none,,SSH-2.0-Go,1
cd8c82aecd9dce7c4f0dc1649f652a3d,"ecdh-sha2-nistp256,diffie-hellman-group14-sha256,curve25519-sha256,curve25519-sha256@libssh.org,ecdh-sha2-nistp384,ext-info-c,kex-strict-c-v00@openssh.com;aes128-cbc,aes128-ctr,aes256-ctr,chacha20-poly1305@openssh.com;hmac-sha2-256,hmac-sha2-256-etm@openssh.com,hmac-sha2-512,hmac-sha2-512-etm@openssh.com;none",ecdh-sha2-nistp256;diffie-hellman-group14-sha256;curve25519-sha256;curve25519-sha256@libssh.org;ecdh-sha2-nistp384;ext-info-c;kex-strict-c-v00@openssh.com,rsa-sha2-256-cert-v01@openssh.com;rsa-sha2-512-cert-v01@openssh.com;ssh-rsa-cert-v01@openssh.com;ssh-dss-cert-v01@openssh.com;ecdsa-sha2-nistp256-cert-v01@openssh.com;ecdsa-sha2-nistp384-cert-v01@openssh.com;ecdsa-sha2-nistp521-cert-v01@openssh.com;ssh-ed25519-cert-v01@openssh.com;ecdsa-sha2-nistp256;ecdsa-sha2-nistp384;ecdsa-sha2-nistp521;rsa-sha2-256;rsa-sha2-512;ssh-rsa;ssh-dss;ssh-ed25519,aes128-cbc;aes128-ctr;aes256-ctr;chacha20-poly1305@openssh.com,hmac-sha2-256;hmac-sha2-256-etm@openssh.com;hmac-sha2-512;hmac-sha2-512-etm@openssh.com,none,,SSH-2.0-Go,1
3e44ea6f9a1e774b6f04d17b528f3492,"curve25519-sha256@libssh.org,ecdh-sha2-nistp256,ecdh-sha2-nistp521,diffie-hellman-group14-sha256,diffie-hellman-group1-sha1,diffie-hellman-group-exchange-sha256,ext-info-c,kex-strict-c-v00@openssh.com;aes256-gcm@openssh.com,aes256-ctr,aes128-ctr,arcfour256,arcfour128;hmac-sha1,hmac-sha2-512,hmac-sha2-512-etm@openssh.com,hmac-sha1-96;none",curve25519-sha256@libssh.org;ecdh-sha2-nistp256;ecdh-sha2-nistp521;diffie-hellman-group14-sha256;diffie-hellman-group1-sha1;diffie-hellman-group-exchange-sha256;ext-info-c;kex-strict-c-v00@openssh.com,rsa-sha2-256-cert-v01@openssh.com;rsa-sha2-512-cert-v01@openssh.com;ssh-rsa-cert-v01@openssh.com;ssh-dss-cert-v01@openssh.com;ecdsa-sha2-nistp256-cert-v01@openssh.com;ecdsa-sha2-nistp384-cert-v01@openssh.com;ecdsa-sha2-nistp521-cert-v01@openssh.com;ssh-ed25519-cert-v01@openssh.com;ecdsa-sha2-nistp256;ecdsa-sha2-nistp384;ecdsa-sha2-nistp521;rsa-sha2-256;rsa-sha2-512;ssh-rsa;ssh-dss;ssh-ed25519,aes256-gcm@openssh.com;aes256-ctr;aes128-ctr;arcfour256;arcfour128,hmac-sha1;hmac-sha2-512;hmac-sha2-512-etm@openssh.com;hmac-sha1-96,none,,SSH-2.0-Go,1
38d3e680e7564ede6f3ec40f75873564,"ecdh-sha2-nistp256,curve25519-sha256@libssh.org,ecdh-sha2-nistp521,diffie-hellman-group1-sha1,diffie-hellman-group14-sha256,ext-info-c,kex-strict-c-v00@openssh.com;arcfour256,aes128-gcm@openssh.com,chacha20-poly1305@openssh.com,aes192-ctr;hmac-sha2-512,hmac-sha2-256-etm@openssh.com,hmac-sha1-96,hmac-sha2-256;none",ecdh-sha2-nistp256;curve25519-sha256@libssh.org;ecdh-sha2-nistp521;diffie-hellman-group1-sha1;diffie-hellman-group14-sha256;ext-info-c;kex-strict-c-v00@openssh.com,rsa-sha2-256-cert-v01@openssh.com;rsa-sha2-512-cert-v01@openssh.com;ssh-rsa-cert-v01@openssh.com;ssh-dss-cert-v01@openssh.com;ecdsa-sha2-nistp256-cert-v01@openssh.com;ecdsa-sha2-nistp384-cert-v01@openssh.com;ecdsa-sha2-nistp521-cert-v01@openssh.com;ssh-ed25519-cert-v01@openssh.com;ecdsa-sha2-nistp256;ecdsa-sha2-nistp384;ecdsa-sha2-nistp521;rsa-sha2-256;rsa-sha2-512;ssh-rsa;ssh-dss;ssh-ed25519,arcfour256;aes128-gcm@openssh.com;chacha20-poly1305@openssh.com;aes192-ctr,hmac-sha2-512;hmac-sha2-256-etm@openssh.com;hmac-sha1-96;hmac-sha2-256,none,,SSH-2.0-Go,1
1acedb4cea822f9f55a433edb410b340,"diffie-hellman-group14-sha256,ecdh-sha2-nistp256,ecdh-sha2-nistp521,diffie-hellman-group14-sha1,diffie-hellman-group-exchange-sha256,diffie-hellman-group-exchange-sha1,curve25519-sha256@libssh.org,ext-info-c,kex-strict-c-v00@openssh.com;arcfour256,aes128-ctr,aes256-gcm@openssh.com,3des-cbc,aes128-cbc,aes192-ctr;hmac-sha1,hmac-sha2-256,hmac-sha2-512-etm@openssh.com,hmac-sha2-512;none",diffie-hellman-group14-sha256;ecdh-sha2-nistp256;ecdh-sha2-nistp521;diffie-hellman-group14-sha1;diffie-hellman-group-exchange-sha256;diffie-hellman-group-exchange-sha1;curve25519-sha256@libssh.org;ext-info-c;kex-strict-c-v00@openssh.com,rsa-sha2-256-cert-v01@openssh.com;rsa-sha2-512-cert-v01@openssh.com;ssh-rsa-cert-v01@openssh.com;ssh-dss-cert-v01@openssh.com;ecdsa-sha2-nistp256-cert-v01@openssh.com;ecdsa-sha2-nistp384-cert-v01@openssh.com;ecdsa-sha2-nistp521-cert-v01@openssh.com;ssh-ed25519-cert-v01@openssh.com;ecdsa-sha2-nistp256;ecdsa-sha2-nistp384;ecdsa-sha2-nistp521;rsa-sha2-256;rsa-sha2-512;ssh-rsa;ssh-dss;ssh-ed25519,arcfour256;aes128-ctr;aes256-gcm@openssh.com;3des-cbc;aes128-cbc;aes192-ctr,hmac-sha1;hmac-sha2-256;hmac-sha2-512-etm@openssh.com;hmac-sha2-512,none,,SSH-2.0-Go,1
9cd3c264ab2d12e5bddb6fbf0a604ae2,"ecdh-sha2-nistp256,ecdh-sha2-nistp384,curve25519-sha256,diffie-hellman-group14-sha256,ecdh-sha2-nistp521,diffie-hellman-group1-sha1,curve25519-sha256@libssh.org,ext-info-c,kex-strict-c-v00@openssh.com;aes192-ctr,3des-cbc,aes256-gcm@openssh.com,aes128-gcm@openssh.com;hmac-sha2-256,hmac-sha1,hmac-sha2-512-etm@openssh.com;none",ecdh-sha2-nistp256;ecdh-sha2-nistp384;curve25519-sha256;diffie-hellman-group14-sha256;ecdh-sha2-nistp521;diffie-hellman-group1-sha1;curve25519-sha256@libssh.org;ext-info-c;kex-strict-c-v00@openssh.com,rsa-sha2-256-cert-v01@openssh.com;rsa-sha2-512-cert-v01@openssh.com;ssh-rsa-cert-v01@openssh.com;ssh-dss-cert-v01@openssh.com;ecdsa-sha2-nistp256-cert-v01@openssh.com;ecdsa-sha2-nistp384-cert-v01@openssh.com;ecdsa-sha2-nistp521-cert-v01@openssh.com;ssh-ed25519-cert-v01@openssh.com;ecdsa-sha2-nistp256;ecdsa-sha2-nistp384;ecdsa-sha2-nistp521;rsa-sha2-256;rsa-sha2-512;ssh-rsa;ssh-dss;ssh-ed25519,aes192-ctr;3des-cbc;aes256-gcm@openssh.com;aes128-gcm@openssh.com,hmac-sha2-256;hmac-sha1;hmac-sha2-512-etm@openssh.com,none,,SSH-2.0-Go,1
d37608df9c62778b586840c69c09e5cb,"curve25519-sha256@libssh.org,ecdh-sha2-nistp384,diffie-hellman-group14-sha256,diffie-hellman-group-exchange-sha1,ecdh-sha2-nistp521,ext-info-c,kex-strict-c-v00@openssh.com;aes256-gcm@openssh.com,chacha20-poly1305@openssh.com,aes128-cbc,aes192-ctr,aes128-ctr,aes128-gcm@openssh.com;hmac-sha2-512-etm@openssh.com,hmac-sha2-256-etm@openssh.com,hmac-sha1,hmac-sha1-96,hmac-sha2-256,hmac-sha2-512;none",curve25519-sha256@libssh.org;ecdh-sha2-nistp384;diffie-hellman-group14-sha256;diffie-hellman-group-exchange-sha1;ecdh-sha2-nistp521;ext-info-c;kex-strict-c-v00@openssh.com,rsa-sha2-256-cert-v01@openssh.com;rsa-sha2-512-cert-v01@openssh.com;ssh-rsa-cert-v01@openssh.com;ssh-dss-cert-v01@openssh.com;ecdsa-sha2-nistp256-cert-v01@openssh.com;ecdsa-sha2-nistp384-cert-v01@openssh.com;ecdsa-sha2-nistp521-cert-v01@openssh.com;ssh-ed25519-cert-v01@openssh.com;ecdsa-sha2-nistp256;ecdsa-sha2-nistp384;ecdsa-sha2-nistp521;rsa-sha2-256;rsa-sha2-512;ssh-rsa;ssh-dss;ssh-ed25519,aes256-gcm@openssh.com;chacha20-poly1305@openssh.com;aes128-cbc;aes192-ctr;aes128-ctr;aes128-gcm@openssh.com,hmac-sha2-512-etm@openssh.com;hmac-sha2-256-etm@openssh.com;hmac-sha1;hmac-sha1-96;hmac-sha2-256;hmac-sha2-512,none,,SSH-2.0-Go,1
1f4a0a7a4dfa7c495fb6eba61bf68f7f,"diffie-hellman-group1-sha1,curve25519-sha256@libssh.org,ecdh-sha2-nistp521,ecdh-sha2-nistp384,diffie-hellman-group-exchange-sha256,ext-info-c,kex-strict-c-v00@openssh.com;aes256-gcm@openssh.com,arcfour128,aes128-gcm@openssh.com,aes192-ctr,aes256-ctr,chacha20-poly1305@openssh.com;hmac-sha2-256,hmac-sha2-512-etm@openssh.com,hmac-sha2-512,hmac-sha2-256-etm@openssh.com,hmac-sha1-96;none",diffie-hellman-group1-sha1;curve25519-sha256@libssh.org;ecdh-sha2-nistp521;ecdh-sha2-nistp384;diffie-hellman-group-exchange-sha256;ext-info-c;kex-strict-c-v00@openssh.com,rsa-sha2-256-cert-v01@openssh.com;rsa-sha2-512-cert-v01@openssh.com;ssh-rsa-cert-v01@openssh.com;ssh-dss-cert-v01@openssh.com;ecdsa-sha2-nistp256-cert-v01@openssh.com;ecdsa-sha2-nistp384-cert-v01@openssh.com;ecdsa-sha2-nistp521-cert-v01@openssh.com;ssh-ed25519-cert-v01@openssh.com;ecdsa-sha2-nistp256;ecdsa-sha2-nistp384;ecdsa-sha2-nistp521;rsa-sha2-256;rsa-sha2-512;ssh-rsa;ssh-dss;ssh-ed25519,aes256-gcm@openssh.com;arcfour128;aes128-gcm@openssh.com;aes192-ctr;aes256-ctr;chacha20-poly1305@openssh.com,hmac-sha2-256;hmac-sha2-512-etm@openssh.com;hmac-sha2-512;hmac-sha2-256-etm@openssh.com;hmac-sha1-96,none,,SSH-2.0-Go,1
6d0161ae52dd2ca5916c762daa6f87f5,"diffie-hellman-group1-sha1,diffie-hellman-group14-sha256,ecdh-sha2-nistp384,curve25519-sha256@libssh.org,diffie-hellman-group-exchange-sha256,ecdh-sha2-nistp256,ext-info-c,kex-strict-c-v00@openssh.com;arcfour128,aes256-ctr,chacha20-poly1305@openssh.com,aes128-gcm@openssh.com;hmac-sha2-256-etm@openssh.com,hmac-sha1,hmac-sha2-512-etm@openssh.com,hmac-sha2-512,hmac-sha1-96;none",diffie-hellman-group1-sha1;diffie-hellman-group14-sha256;ecdh-sha2-nistp384;curve25519-sha256@libssh.org;diffie-hellman-group-exchange-sha256;ecdh-sha2-nistp256;ext-info-c;kex-strict-c-v00@openssh.com,rsa-sha2-256-cert-v01@openssh.com;rsa-sha2-512-cert-v01@openssh.com;ssh-rsa-cert-v01@openssh.com;ssh-dss-cert-v01@openssh.com;ecdsa-sha2-nistp256-cert-v01@openssh.com;ecdsa-sha2-nistp384-cert-v01@openssh.com;ecdsa-sha2-nistp521-cert-v01@openssh.com;ssh-ed25519-cert-v01@openssh.com;ecdsa-sha2-nistp256;ecdsa-sha2-nistp384;ecdsa-sha2-nistp521;rsa-sha2-256;rsa-sha2-512;ssh-rsa;ssh-dss;ssh-ed25519,arcfour128;aes256-ctr;chacha20-poly1305@openssh.com;aes128-gcm@openssh.com,hmac-sha2-256-etm@openssh.com;hmac-sha1;hmac-sha2-512-etm@openssh.com;hmac-sha2-512;hmac-sha1-96,none,,SSH-2.0-Go,1
39bf03e89357ebe39447bbf756df020d,"diffie-hellman-group14-sha256,ecdh-sha2-nistp384,curve25519-sha256@libssh.org,diffie-hellman-group-exchange-sha1,diffie-hellman-group14-sha1,ext-info-c,kex-strict-c-v00@openssh.com;3des-cbc,aes256-ctr,aes128-ctr,arcfour256;hmac-sha2-512,hmac-sha2-512-etm@openssh.com,hmac-sha1;none",diffie-hellman-group14-sha256;ecdh-sha2-nistp384;curve25519-sha256@libssh.org;diffie-hellman-group-exchange-sha1;diffie-hellman-group14-sha1;ext-info-c;kex-strict-c-v00@openssh.com,rsa-sha2-256-cert-v01@openssh.com;rsa-sha2-512-cert-v01@openssh.com;ssh-rsa-cert-v01@openssh.com;ssh-dss-cert-v01@openssh.com;ecdsa-sha2-nistp256-cert-v01@openssh.com;ecdsa-sha2-nistp384-cert-v01@openssh.com;ecdsa-sha2-nistp521-cert-v01@openssh.com;ssh-ed25519-cert-v01@openssh.com;ecdsa-sha2-nistp256;ecdsa-sha2-nistp384;ecdsa-sha2-nistp521;rsa-sha2-256;rsa-sha2-512;ssh-rsa;ssh-dss;ssh-ed25519,3des-cbc;aes256-ctr;aes128-ctr;arcfour256,hmac-sha2-512;hmac-sha2-512-etm@openssh.com;hmac-sha1,none,,SSH-2.0-Go,1
e26acd1dfbcd37bb4588b4c85009dec2,"diffie-hellman-group14-sha1,ecdh-sha2-nistp521,diffie-hellman-group1-sha1,ecdh-sha2-nistp256,diffie-hellman-group14-sha256,ecdh-sha2-nistp384,curve25519-sha256@libssh.org,ext-info-c,kex-strict-c-v00@openssh.com;arcfour256,aes256-ctr,aes128-cbc,aes256-gcm@openssh.com,aes192-ctr,3des-cbc,aes128-ctr;hmac-sha2-512-etm@openssh.com,hmac-sha2-256,hmac-sha2-256-etm@openssh.com,hmac-sha1-96,hmac-sha1;none",diffie-hellman-group14-sha1;ecdh-sha2-nistp521;diffie-hellman-group1-sha1;ecdh-sha2-nistp256;diffie-hellman-group14-sha256;ecdh-sha2-nistp384;curve25519-sha256@libssh.org;ext-info-c;kex-strict-c-v00@openssh.com,rsa-sha2-256-cert-v01@openssh.com;rsa-sha2-512-cert-v01@openssh.com;ssh-rsa-cert-v01@openssh.com;ssh-dss-cert-v01@openssh.com;ecdsa-sha2-nistp256-cert-v01@openssh.com;ecdsa-sha2-nistp384-cert-v01@openssh.com;ecdsa-sha2-nistp521-cert-v01@openssh.com;ssh-ed25519-cert-v01@openssh.com;ecdsa-sha2-nistp256;ecdsa-sha2-nistp384;ecdsa-sha2-nistp521;rsa-sha2-256;rsa-sha2-512;ssh-rsa;ssh-dss;ssh-ed25519,arcfour256;aes256-ctr;aes128-cbc;aes256-gcm@openssh.com;aes192-ctr;3des-cbc;aes128-ctr,hmac-sha2-512-etm@openssh.com;hmac-sha2-256;hmac-sha2-256-etm@openssh.com;hmac-sha1-96;hmac-sha1,none,,SSH-2.0-Go,1
b704a1d46649f7fcc7a132af170297fd,"curve25519-sha256@libssh.org,diffie-hellman-group-exchange-sha1,diffie-hellman-group-exchange-sha256,ecdh-sha2-nistp384,ecdh-sha2-nistp256,curve25519-sha256,ext-info-c,kex-strict-c-v00@openssh.com;3des-cbc,chacha20-poly1305@openssh.com,aes128-cbc,aes256-gcm@openssh.com,aes192-ctr,aes128-ctr;hmac-sha2-256-etm@openssh.com,hmac-sha2-256,hmac-sha2-512-etm@openssh.com,hmac-sha2-512,hmac-sha1,hmac-sha1-96;none",curve25519-sha256@libssh.org;diffie-hellman-group-exchange-sha1;diffie-hellman-group-exchange-sha256;ecdh-sha2-nistp384;ecdh-sha2-nistp256;curve25519-sha256;ext-info-c;kex-strict-c-v00@openssh.com,rsa-sha2-256-cert-v01@openssh.com;rsa-sha2-512-cert-v01@openssh.com;ssh-rsa-cert-v01@openssh.com;ssh-dss-cert-v01@openssh.com;ecdsa-sha2-nistp256-cert-v01@openssh.com;ecdsa-sha2-nistp384-cert-v01@openssh.com;ecdsa-sha2-nistp521-cert-v01@openssh.com;ssh-ed25519-cert-v01@openssh.com;ecdsa-sha2-nistp256;ecdsa-sha2-nistp384;ecdsa-sha2-nistp521;rsa-sha2-256;rsa-sha2-512;ssh-rsa;ssh-dss;ssh-ed25519,3des-cbc;chacha20-poly1305@openssh.com;aes128-cbc;aes256-gcm@openssh.com;aes192-ctr;aes128-ctr,hmac-sha2-256-etm@openssh.com;hmac-sha2-256;hmac-sha2-512-etm@openssh.com;hmac-sha2-512;hmac-sha1;hmac-sha1-96,none,,SSH-2.0-Go,1
bc7aca177e234aa461c4eb40fa4941ba,"diffie-hellman-group-exchange-sha1,ecdh-sha2-nistp521,diffie-hellman-group-exchange-sha256,ecdh-sha2-nistp384,ecdh-sha2-nistp256,diffie-hellman-group1-sha1,curve25519-sha256@libssh.org,ext-info-c,kex-strict-c-v00@openssh.com;aes256-gcm@openssh.com,aes192-ctr,aes128-ctr,aes128-cbc,arcfour128,3des-cbc,aes256-ctr;hmac-sha2-256,hmac-sha2-512,hmac-sha1-96,hmac-sha2-256-etm@openssh.com;none",diffie-hellman-group-exchange-sha1;ecdh-sha2-nistp521;diffie-hellman-group-exchange-sha256;ecdh-sha2-nistp384;ecdh-sha2-nistp256;diffie-hellman-group1-sha1;curve25519-sha256@libssh.org;ext-info-c;kex-strict-c-v00@openssh.com,rsa-sha2-256-cert-v01@openssh.com;rsa-sha2-512-cert-v01@openssh.com;ssh-rsa-cert-v01@openssh.com;ssh-dss-cert-v01@openssh.com;ecdsa-sha2-nistp256-cert-v01@openssh.com;ecdsa-sha2-nistp384-cert-v01@openssh.com;ecdsa-sha2-nistp521-cert-v01@openssh.com;ssh-ed25519-cert-v01@openssh.com;ecdsa-sha2-nistp256;ecdsa-sha2-nistp384;ecdsa-sha2-nistp521;rsa-sha2-256;rsa-sha2-512;ssh-rsa;ssh-dss;ssh-ed25519,aes256-gcm@openssh.com;aes192-ctr;aes128-ctr;aes128-cbc;arcfour128;3des-cbc;aes256-ctr,hmac-sha2-256;hmac-sha2-512;hmac-sha1-96;hmac-sha2-256-etm@openssh.com,none,,SSH-2.0-Go,1
9e0955c03ec3bb3f9bc00f9be5fecc5f,"diffie-hellman-group14-sha256,diffie-hellman-group14-sha1,curve25519-sha256,curve25519-sha256@libssh.org,ecdh-sha2-nistp256,ecdh-sha2-nistp384,diffie-hellman-group-exchange-sha1,ext-info-c,kex-strict-c-v00@openssh.com;arcfour256,arcfour128,aes128-ctr,aes128-gcm@openssh.com,aes256-ctr,3des-cbc;hmac-sha1-96,hmac-sha2-512-etm@openssh.com,hmac-sha2-256,hmac-sha2-256-etm@openssh.com,hmac-sha1;none",diffie-hellman-group14-sha256;diffie-hellman-group14-sha1;curve25519-sha256;curve25519-sha256@libssh.org;ecdh-sha2-nistp256;ecdh-sha2-nistp384;diffie-hellman-group-exchange-sha1;ext-info-c;kex-strict-c-v00@openssh.com,rsa-sha2-256-cert-v01@openssh.com;rsa-sha2-512-cert-v01@openssh.com;ssh-rsa-cert-v01@openssh.com;ssh-dss-cert-v01@openssh.com;ecdsa-sha2-nistp256-cert-v01@openssh.com;ecdsa-sha2-nistp384-cert-v01@openssh.com;ecdsa-sha2-nistp521-cert-v01@openssh.com;ssh-ed25519-cert-v01@openssh.com;ecdsa-sha2-nistp256;ecdsa-sha2-nistp384;ecdsa-sha2-nistp521;rsa-sha2-256;rsa-sha2-512;ssh-rsa;ssh-dss;ssh-ed25519,arcfour256;arcfour128;aes128-ctr;aes128-gcm@openssh.com;aes256-ctr;3des-cbc,hmac-sha1-96;hmac-sha2-512-etm@openssh.com;hmac-sha2-256;hmac-sha2-256-etm@openssh.com;hmac-sha1,none,,SSH-2.0-Go,1
5b4de3d764613055cc64b5d8c822c232,"ecdh-sha2-nistp521,diffie-hellman-group14-sha256,curve25519-sha256@libssh.org,ecdh-sha2-nistp256,diffie-hellman-group-exchange-sha1,ext-info-c,kex-strict-c-v00@openssh.com;arcfour256,aes128-cbc,aes192-ctr,arcfour128,aes128-ctr,aes256-ctr;hmac-sha1,hmac-sha1-96,hmac-sha2-256,hmac-sha2-512;none",ecdh-sha2-nistp521;diffie-hellman-group14-sha256;curve25519-sha256@libssh.org;ecdh-sha2-nistp256;diffie-hellman-group-exchange-sha1;ext-info-c;kex-strict-c-v00@openssh.com,rsa-sha2-256-cert-v01@openssh.com;rsa-sha2-512-cert-v01@openssh.com;ssh-rsa-cert-v01@openssh.com;ssh-dss-cert-v01@openssh.com;ecdsa-sha2-nistp256-cert-v01@openssh.com;ecdsa-sha2-nistp384-cert-v01@openssh.com;ecdsa-sha2-nistp521-cert-v01@openssh.com;ssh-ed25519-cert-v01@openssh.com;ecdsa-sha2-nistp256;ecdsa-sha2-nistp384;ecdsa-sha2-nistp521;rsa-sha2-256;rsa-sha2-512;ssh-rsa;ssh-dss;ssh-ed25519,arcfour256;aes128-cbc;aes192-ctr;arcfour128;aes128-ctr;aes256-ctr,hmac-sha1;hmac-sha1-96;hmac-sha2-256;hmac-sha2-512,none,,SSH-2.0-Go,1
58a6cf070bc2fedba584ddd7ebc6cb8c,"diffie-hellman-group1-sha1,curve25519-sha256,diffie-hellman-group-exchange-sha1,ecdh-sha2-nistp521,ecdh-sha2-nistp384,diffie-hellman-group14-sha1,curve25519-sha256@libssh.org,ext-info-c,kex-strict-c-v00@openssh.com;arcfour256,aes128-gcm@openssh.com,aes192-ctr,arcfour128,aes128-cbc,chacha20-poly1305@openssh.com,aes128-ctr;hmac-sha2-512,hmac-sha2-512-etm@openssh.com,hmac-sha1,hmac-sha2-256-etm@openssh.com;none",diffie-hellman-group1-sha1;curve25519-sha256;diffie-hellman-group-exchange-sha1;ecdh-sha2-nistp521;ecdh-sha2-nistp384;diffie-hellman-group14-sha1;curve25519-sha256@libssh.org;ext-info-c;kex-strict-c-v00@openssh.com,rsa-sha2-256-cert-v01@openssh.com;rsa-sha2-512-cert-v01@openssh.com;ssh-rsa-cert-v01@openssh.com;ssh-dss-cert-v01@openssh.com;ecdsa-sha2-nistp256-cert-v01@openssh.com;ecdsa-sha2-nistp384-cert-v01@openssh.com;ecdsa-sha2-nistp521-cert-v01@openssh.com;ssh-ed25519-cert-v01@openssh.com;ecdsa-sha2-nistp256;ecdsa-sha2-nistp384;ecdsa-sha2-nistp521;rsa-sha2-256;rsa-sha2-512;ssh-rsa;ssh-dss;ssh-ed25519,arcfour256;aes128-gcm@openssh.com;aes192-ctr;arcfour128;aes128-cbc;chacha20-poly1305@openssh.com;aes128-ctr,hmac-sha2-512;hmac-sha2-512-etm@openssh.com;hmac-sha1;hmac-sha2-256-etm@openssh.com,none,,SSH-2.0-Go,1
57480b47726383b070f806cf4fabba52,"diffie-hellman-group14-sha1,ecdh-sha2-nistp384,diffie-hellman-group-exchange-sha256,ecdh-sha2-nistp521,ecdh-sha2-nistp256,curve25519-sha256,curve25519-sha256@libssh.org,ext-info-c,kex-strict-c-v00@openssh.com;arcfour256,3des-cbc,chacha20-poly1305@openssh.com,aes256-gcm@openssh.com;hmac-sha2-256-etm@openssh.com,hmac-sha2-256,hmac-sha1,hmac-sha2-512,hmac-sha2-512-etm@openssh.com;none",diffie-hellman-group14-sha1;ecdh-sha2-nistp384;diffie-hellman-group-exchange-sha256;ecdh-sha2-nistp521;ecdh-sha2-nistp256;curve25519-sha256;curve25519-sha256@libssh.org;ext-info-c;kex-strict-c-v00@openssh.com,rsa-sha2-256-cert-v01@openssh.com;rsa-sha2-512-cert-v01@openssh.com;ssh-rsa-cert-v01@openssh.com;ssh-dss-cert-v01@openssh.com;ecdsa-sha2-nistp256-cert-v01@openssh.com;ecdsa-sha2-nistp384-cert-v01@openssh.com;ecdsa-sha2-nistp521-cert-v01@openssh.com;ssh-ed25519-cert-v01@openssh.com;ecdsa-sha2-nistp256;ecdsa-sha2-nistp384;ecdsa-sha2-nistp521;rsa-sha2-256;rsa-sha2-512;ssh-rsa;ssh-dss;ssh-ed25519,arcfour256;3des-cbc;chacha20-poly1305@openssh.com;aes256-gcm@openssh.com,hmac-sha2-256-etm@openssh.com;hmac-sha2-256;hmac-sha1;hmac-sha2-512;hmac-sha2-512-etm@openssh.com,none,,SSH-2.0-Go,1
ba9ac5d7696b2466b8e95a6dfe6c7c0c,"ecdh-sha2-nistp256,ecdh-sha2-nistp521,curve25519-sha256@libssh.org,diffie-hellman-group-exchange-sha256,ecdh-sha2-nistp384,diffie-hellman-group14-sha256,diffie-hellman-group1-sha1,ext-info-c,kex-strict-c-v00@openssh.com;aes192-ctr,aes128-gcm@openssh.com,aes256-ctr,arcfour128,aes128-ctr;hmac-sha2-512-etm@openssh.com,hmac-sha2-256-etm@openssh.com,hmac-sha1;none",ecdh-sha2-nistp256;ecdh-sha2-nistp521;curve25519-sha256@libssh.org;diffie-hellman-group-exchange-sha256;ecdh-sha2-nistp384;diffie-hellman-group14-sha256;diffie-hellman-group1-sha1;ext-info-c;kex-strict-c-v00@openssh.com,rsa-sha2-256-cert-v01@openssh.com;rsa-sha2-512-cert-v01@openssh.com;ssh-rsa-cert-v01@openssh.com;ssh-dss-cert-v01@openssh.com;ecdsa-sha2-nistp256-cert-v01@openssh.com;ecdsa-sha2-nistp384-cert-v01@openssh.com;ecdsa-sha2-nistp521-cert-v01@openssh.com;ssh-ed25519-cert-v01@openssh.com;ecdsa-sha2-nistp256;ecdsa-sha2-nistp384;ecdsa-sha2-nistp521;rsa-sha2-256;rsa-sha2-512;ssh-rsa;ssh-dss;ssh-ed25519,aes192-ctr;aes128-gcm@openssh.com;aes256-ctr;arcfour128;aes128-ctr,hmac-sha2-512-etm@openssh.com;hmac-sha2-256-etm@openssh.com;hmac-sha1,none,,SSH-2.0-Go,1
74b787636c5869c4390d6a31c3371f68,"diffie-hellman-group1-sha1,ecdh-sha2-nistp384,diffie-hellman-group14-sha1,diffie-hellman-group14-sha256,ecdh-sha2-nistp521,ext-info-c,kex-strict-c-v00@openssh.com;aes256-gcm@openssh.com,aes128-cbc,aes192-ctr,aes256-ctr,aes128-ctr,arcfour256,aes128-gcm@openssh.com;hmac-sha2-256-etm@openssh.com,hmac-sha2-256,hmac-sha1-96,hmac-sha1;none",diffie-hellman-group1-sha1;ecdh-sha2-nistp384;diffie-hellman-group14-sha1;diffie-hellman-group14-sha256;ecdh-sha2-nistp521;ext-info-c;kex-strict-c-v00@openssh.com,rsa-sha2-256-cert-v01@openssh.com;rsa-sha2-512-cert-v01@openssh.com;ssh-rsa-cert-v01@openssh.com;ssh-dss-cert-v01@openssh.com;ecdsa-sha2-nistp256-cert-v01@openssh.com;ecdsa-sha2-nistp384-cert-v01@openssh.com;ecdsa-sha2-nistp521-cert-v01@openssh.com;ssh-ed25519-cert-v01@openssh.com;ecdsa-sha2-nistp256;ecdsa-sha2-nistp384;ecdsa-sha2-nistp521;rsa-sha2-256;rsa-sha2-512;ssh-rsa;ssh-dss;ssh-ed25519,aes256-gcm@openssh.com;aes128-cbc;aes192-ctr;aes256-ctr;aes128-ctr;arcfour256;aes128-gcm@openssh.com,hmac-sha2-256-etm@openssh.com;hmac-sha2-256;hmac-sha1-96;hmac-sha1,none,,SSH-2.0-Go,1
445c3526b8420e5299468b229ca8049b,"curve25519-sha256@libssh.org,ecdh-sha2-nistp521,curve25519-sha256,diffie-hellman-group-exchange-sha1,diffie-hellman-group14-sha1,ext-info-c,kex-strict-c-v00@openssh.com;aes128-gcm@openssh.com,aes192-ctr,3des-cbc,aes256-gcm@openssh.com,aes256-ctr;hmac-sha2-256-etm@openssh.com,hmac-sha2-256,hmac-sha1-96;none",curve25519-sha256@libssh.org;ecdh-sha2-nistp521;curve25519-sha256;diffie-hellman-group-exchange-sha1;diffie-hellman-group14-sha1;ext-info-c;kex-strict-c-v00@openssh.com,rsa-sha2-256-cert-v01@openssh.com;rsa-sha2-512-cert-v01@openssh.com;ssh-rsa-cert-v01@openssh.com;ssh-dss-cert-v01@openssh.com;ecdsa-sha2-nistp256-cert-v01@openssh.com;ecdsa-sha2-nistp384-cert-v01@openssh.com;ecdsa-sha2-nistp521-cert-v01@openssh.com;ssh-ed25519-cert-v01@openssh.com;ecdsa-sha2-nistp256;ecdsa-sha2-nistp384;ecdsa-sha2-nistp521;rsa-sha2-256;rsa-sha2-512;ssh-rsa;ssh-dss;ssh-ed25519,aes128-gcm@openssh.com;aes192-ctr;3des-cbc;aes256-gcm@openssh.com;aes256-ctr,hmac-sha2-256-etm@openssh.com;hmac-sha2-256;hmac-sha1-96,none,,SSH-2.0-Go,1
764d7fab540906a822e426a975588788,"diffie-hellman-group14-sha1,ecdh-sha2-nistp256,curve25519-sha256@libssh.org,diffie-hellman-group-exchange-sha1,diffie-hellman-group1-sha1,curve25519-sha256,diffie-hellman-group14-sha256,ext-info-c,kex-strict-c-v00@openssh.com;3des-cbc,arcfour256,chacha20-poly1305@openssh.com,aes256-gcm@openssh.com,aes256-ctr,aes128-gcm@openssh.com;hmac-sha1-96,hmac-sha1,hmac-sha2-256-etm@openssh.com;none",diffie-hellman-group14-sha1;ecdh-sha2-nistp256;curve25519-sha256@libssh.org;diffie-hellman-group-exchange-sha1;diffie-hellman-group1-sha1;curve25519-sha256;diffie-hellman-group14-sha256;ext-info-c;kex-strict-c-v00@openssh.com,rsa-sha2-256-cert-v01@openssh.com;rsa-sha2-512-cert-v01@openssh.com;ssh-rsa-cert-v01@openssh.com;ssh-dss-cert-v01@openssh.com;ecdsa-sha2-nistp256-cert-v01@openssh.com;ecdsa-sha2-nistp384-cert-v01@openssh.com;ecdsa-sha2-nistp521-cert-v01@openssh.com;ssh-ed25519-cert-v01@openssh.com;ecdsa-sha2-nistp256;ecdsa-sha2-nistp384;ecdsa-sha2-nistp521;rsa-sha2-256;rsa-sha2-512;ssh-rsa;ssh-dss;ssh-ed25519,3des-cbc;arcfour256;chacha20-poly1305@openssh.com;aes256-gcm@openssh.com;aes256-ctr;aes128-gcm@openssh.com,hmac-sha1-96;hmac-sha1;hmac-sha2-256-etm@openssh.com,none,,SSH-2.0-Go,1
daed904dfbfdcfde86a1763e96f9e442,"curve25519-sha256,curve25519-sha256@libssh.org,diffie-hellman-group14-sha256,ecdh-sha2-nistp521,diffie-hellman-group-exchange-sha256,ecdh-sha2-nistp256,ext-info-c,kex-strict-c-v00@openssh.com;3des-cbc,arcfour128,aes128-cbc,aes128-ctr,aes192-ctr,aes256-gcm@openssh.com;hmac-sha2-512-etm@openssh.com,hmac-sha2-256-etm@openssh.com,hmac-sha2-512,hmac-sha2-256,hmac-sha1-96;none",curve25519-sha256;curve25519-sha256@libssh.org;diffie-hellman-group14-sha256;ecdh-sha2-nistp521;diffie-hellman-group-exchange-sha256;ecdh-sha2-nistp256;ext-info-c;kex-strict-c-v00@openssh.com,rsa-sha2-256-cert-v01@openssh.com;rsa-sha2-512-cert-v01@openssh.com;ssh-rsa-cert-v01@openssh.com;ssh-dss-cert-v01@openssh.com;ecdsa-sha2-nistp256-cert-v01@openssh.com;ecdsa-sha2-nistp384-cert-v01@openssh.com;ecdsa-sha2-nistp521-cert-v01@openssh.com;ssh-ed25519-cert-v01@openssh.com;ecdsa-sha2-nistp256;ecdsa-sha2-nistp384;ecdsa-sha2-nistp521;rsa-sha2-256;rsa-sha2-512;ssh-rsa;ssh-dss;ssh-ed25519,3des-cbc;arcfour128;aes128-cbc;aes128-ctr;aes192-ctr;aes256-gcm@openssh.com,hmac-sha2-512-etm@openssh.com;hmac-sha2-256-etm@openssh.com;hmac-sha2-512;hmac-sha2-256;hmac-sha1-96,none,,SSH-2.0-Go,1
5663fc9318cc648a44e8d81ccf1269f7,"curve25519-sha256,ecdh-sha2-nistp521,diffie-hellman-group1-sha1,diffie-hellman-group-exchange-sha256,diffie-hellman-group-exchange-sha1,diffie-hellman-group14-sha256,curve25519-sha256@libssh.org,ext-info-c,kex-strict-c-v00@openssh.com;aes192-ctr,aes256-gcm@openssh.com,aes128-ctr,arcfour128,arcfour256,chacha20-poly1305@openssh.com,aes128-gcm@openssh.com;hmac-sha1,hmac-sha2-512-etm@openssh.com;none",curve25519-sha256;ecdh-sha2-nistp521;diffie-hellman-group1-sha1;diffie-hellman-group-exchange-sha256;diffie-hellman-group-exchange-sha1;diffie-hellman-group14-sha256;curve25519-sha256@libssh.org;ext-info-c;kex-strict-c-v00@openssh.com,rsa-sha2-256-cert-v01@openssh.com;rsa-sha2-512-cert-v01@openssh.com;ssh-rsa-cert-v01@openssh.com;ssh-dss-cert-v01@openssh.com;ecdsa-sha2-nistp256-cert-v01@openssh.com;ecdsa-sha2-nistp384-cert-v01@openssh.com;ecdsa-sha2-nistp521-cert-v01@openssh.com;ssh-ed25519-cert-v01@openssh.com;ecdsa-sha2-nistp256;ecdsa-sha2-nistp384;ecdsa-sha2-nistp521;rsa-sha2-256;rsa-sha2-512;ssh-rsa;ssh-dss;ssh-ed25519,aes192-ctr;aes256-gcm@openssh.com;aes128-ctr;arcfour128;arcfour256;chacha20-poly1305@openssh.com;aes128-gcm@openssh.com,hmac-sha1;hmac-sha2-512-etm@openssh.com,none,,SSH-2.0-Go,1
5386a2eb52b4d5b30df914efc14d3430,"curve25519-sha256,curve25519-sha256@libssh.org,diffie-hellman-group14-sha1,diffie-hellman-group14-sha256,ecdh-sha2-nistp256,diffie-hellman-group-exchange-sha256,diffie-hellman-group-exchange-sha1,ext-info-c,kex-strict-c-v00@openssh.com;arcfour256,arcfour128,aes128-cbc,aes128-gcm@openssh.com,aes256-ctr;hmac-sha2-512-etm@openssh.com,hmac-sha2-512,hmac-sha1-96,hmac-sha2-256-etm@openssh.com,hmac-sha2-256;none",curve25519-sha256;curve25519-sha256@libssh.org;diffie-hellman-group14-sha1;diffie-hellman-group14-sha256;ecdh-sha2-nistp256;diffie-hellman-group-exchange-sha256;diffie-hellman-group-exchange-sha1;ext-info-c;kex-strict-c-v00@openssh.com,rsa-sha2-256-cert-v01@openssh.com;rsa-sha2-512-cert-v01@openssh.com;ssh-rsa-cert-v01@openssh.com;ssh-dss-cert-v01@openssh.com;ecdsa-sha2-nistp256-cert-v01@openssh.com;ecdsa-sha2-nistp384-cert-v01@openssh.com;ecdsa-sha2-nistp521-cert-v01@openssh.com;ssh-ed25519-cert-v01@openssh.com;ecdsa-sha2-nistp256;ecdsa-sha2-nistp384;ecdsa-sha2-nistp521;rsa-sha2-256;rsa-sha2-512;ssh-rsa;ssh-dss;ssh-ed25519,arcfour256;arcfour128;aes128-cbc;aes128-gcm@openssh.com;aes256-ctr,hmac-sha2-512-etm@openssh.com;hmac-sha2-512;hmac-sha1-96;hmac-sha2-256-etm@openssh.com;hmac-sha2-256,none,,SSH-2.0-Go,1
126c95032d5d39c92e4c5d8dce03c6e4,"ecdh-sha2-nistp384,ecdh-sha2-nistp521,curve25519-sha256,curve25519-sha256@libssh.org,ecdh-sha2-nistp256,diffie-hellman-group1-sha1,diffie-hellman-group14-sha1,ext-info-c,kex-strict-c-v00@openssh.com;chacha20-poly1305@openssh.com,aes128-cbc,aes128-ctr,aes256-ctr;hmac-sha2-512,hmac-sha2-512-etm@openssh.com,hmac-sha2-256-etm@openssh.com,hmac-sha2-256;none",ecdh-sha2-nistp384;ecdh-sha2-nistp521;curve25519-sha256;curve25519-sha256@libssh.org;ecdh-sha2-nistp256;diffie-hellman-group1-sha1;diffie-hellman-group14-sha1;ext-info-c;kex-strict-c-v00@openssh.com,rsa-sha2-256-cert-v01@openssh.com;rsa-sha2-512-cert-v01@openssh.com;ssh-rsa-cert-v01@openssh.com;ssh-dss-cert-v01@openssh.com;ecdsa-sha2-nistp256-cert-v01@openssh.com;ecdsa-sha2-nistp384-cert-v01@openssh.com;ecdsa-sha2-nistp521-cert-v01@openssh.com;ssh-ed25519-cert-v01@openssh.com;ecdsa-sha2-nistp256;ecdsa-sha2-nistp384;ecdsa-sha2-nistp521;rsa-sha2-256;rsa-sha2-512;ssh-rsa;ssh-dss;ssh-ed25519,chacha20-poly1305@openssh.com;aes128-cbc;aes128-ctr;aes256-ctr,hmac-sha2-512;hmac-sha2-512-etm@openssh.com;hmac-sha2-256-etm@openssh.com;hmac-sha2-256,none,,SSH-2.0-Go,1
f62955076cd1fccc7debebd03882f42a,"curve25519-sha256,curve25519-sha256@libssh.org,diffie-hellman-group14-sha1,ecdh-sha2-nistp256,diffie-hellman-group14-sha256,ecdh-sha2-nistp521,diffie-hellman-group-exchange-sha256,ext-info-c,kex-strict-c-v00@openssh.com;aes256-gcm@openssh.com,aes128-gcm@openssh.com,arcfour128,aes128-cbc,arcfour256,chacha20-poly1305@openssh.com;hmac-sha1,hmac-sha2-256-etm@openssh.com,hmac-sha2-512,hmac-sha2-256,hmac-sha1-96;none",curve25519-sha256;curve25519-sha256@libssh.org;diffie-hellman-group14-sha1;ecdh-sha2-nistp256;diffie-hellman-group14-sha256;ecdh-sha2-nistp521;diffie-hellman-group-exchange-sha256;ext-info-c;kex-strict-c-v00@openssh.com,rsa-sha2-256-cert-v01@openssh.com;rsa-sha2-512-cert-v01@openssh.com;ssh-rsa-cert-v01@openssh.com;ssh-dss-cert-v01@openssh.com;ecdsa-sha2-nistp256-cert-v01@openssh.com;ecdsa-sha2-nistp384-cert-v01@openssh.com;ecdsa-sha2-nistp521-cert-v01@openssh.com;ssh-ed25519-cert-v01@openssh.com;ecdsa-sha2-nistp256;ecdsa-sha2-nistp384;ecdsa-sha2-nistp521;rsa-sha2-256;rsa-sha2-512;ssh-rsa;ssh-dss;ssh-ed25519,aes256-gcm@openssh.com;aes128-gcm@openssh.com;arcfour128;aes128-cbc;arcfour256;chacha20-poly1305@openssh.com,hmac-sha1;hmac-sha2-256-etm@openssh.com;hmac-sha2-512;hmac-sha2-256;hmac-sha1-96,none,,SSH-2.0-Go,1
56b38033326cd3fd157e89a5e9c100f5,"ecdh-sha2-nistp384,ecdh-sha2-nistp521,diffie-hellman-group14-sha1,diffie-hellman-group-exchange-sha256,curve25519-sha256,curve25519-sha256@libssh.org,diffie-hellman-group1-sha1,diffie-hellman-group-exchange-sha1,ext-info-c,kex-strict-c-v00@openssh.com;aes256-ctr,3des-cbc,aes128-cbc,aes128-ctr;hmac-sha2-512,hmac-sha1-96,hmac-sha2-256-etm@openssh.com,hmac-sha2-512-etm@openssh.com,hmac-sha1,hmac-sha2-256;none",ecdh-sha2-nistp384;ecdh-sha2-nistp521;diffie-hellman-group14-sha1;diffie-hellman-group-exchange-sha256;curve25519-sha256;curve25519-sha256@libssh.org;diffie-hellman-group1-sha1;diffie-hellman-group-exchange-sha1;ext-info-c;kex-strict-c-v00@openssh.com,rsa-sha2-256-cert-v01@openssh.com;rsa-sha2-512-cert-v01@openssh.com;ssh-rsa-cert-v01@openssh.com;ssh-dss-cert-v01@openssh.com;ecdsa-sha2-nistp256-cert-v01@openssh.com;ecdsa-sha2-nistp384-cert-v01@openssh.com;ecdsa-sha2-nistp521-cert-v01@openssh.com;ssh-ed25519-cert-v01@openssh.com;ecdsa-sha2-nistp256;ecdsa-sha2-nistp384;ecdsa-sha2-nistp521;rsa-sha2-256;rsa-sha2-512;ssh-rsa;ssh-dss;ssh-ed25519,aes256-ctr;3des-cbc;aes128-cbc;aes128-ctr,hmac-sha2-512;hmac-sha1-96;hmac-sha2-256-etm@openssh.com;hmac-sha2-512-etm@openssh.com;hmac-sha1;hmac-sha2-256,none,,SSH-2.0-Go,1
f5bced5b61ed01577cb568e0e6fba52c,"diffie-hellman-group-exchange-sha256,diffie-hellman-group14-sha256,curve25519-sha256@libssh.org,diffie-hellman-group-exchange-sha1,ecdh-sha2-nistp256,diffie-hellman-group14-sha1,ext-info-c,kex-strict-c-v00@openssh.com;aes256-gcm@openssh.com,arcfour256,aes128-ctr,aes192-ctr,chacha20-poly1305@openssh.com;hmac-sha2-256-etm@openssh.com,hmac-sha2-256,hmac-sha2-512-etm@openssh.com;none",diffie-hellman-group-exchange-sha256;diffie-hellman-group14-sha256;curve25519-sha256@libssh.org;diffie-hellman-group-exchange-sha1;ecdh-sha2-nistp256;diffie-hellman-group14-sha1;ext-info-c;kex-strict-c-v00@openssh.com,rsa-sha2-256-cert-v01@openssh.com;rsa-sha2-512-cert-v01@openssh.com;ssh-rsa-cert-v01@openssh.com;ssh-dss-cert-v01@openssh.com;ecdsa-sha2-nistp256-cert-v01@openssh.com;ecdsa-sha2-nistp384-cert-v01@openssh.com;ecdsa-sha2-nistp521-cert-v01@openssh.com;ssh-ed25519-cert-v01@openssh.com;ecdsa-sha2-nistp256;ecdsa-sha2-nistp384;ecdsa-sha2-nistp521;rsa-sha2-256;rsa-sha2-512;ssh-rsa;ssh-dss;ssh-ed25519,aes256-gcm@openssh.com;arcfour256;aes128-ctr;aes192-ctr;chacha20-poly1305@openssh.com,hmac-sha2-256-etm@openssh.com;hmac-sha2-256;hmac-sha2-512-etm@openssh.com,none,,SSH-2.0-Go,1
40d79316993fea0ebe0f5f5e185297d9,"curve25519-sha256,ecdh-sha2-nistp521,diffie-hellman-group14-sha1,curve25519-sha256@libssh.org,ecdh-sha2-nistp256,diffie-hellman-group1-sha1,diffie-hellman-group-exchange-sha256,ext-info-c,kex-strict-c-v00@openssh.com;aes128-gcm@openssh.com,arcfour128,chacha20-poly1305@openssh.com,3des-cbc,aes192-ctr;hmac-sha2-256-etm@openssh.com,hmac-sha2-512,hmac-sha1;none",curve25519-sha256;ecdh-sha2-nistp521;diffie-hellman-group14-sha1;curve25519-sha256@libssh.org;ecdh-sha2-nistp256;diffie-hellman-group1-sha1;diffie-hellman-group-exchange-sha256;ext-info-c;kex-strict-c-v00@openssh.com,rsa-sha2-256-cert-v01@openssh.com;rsa-sha2-512-cert-v01@openssh.com;ssh-rsa-cert-v01@openssh.com;ssh-dss-cert-v01@openssh.com;ecdsa-sha2-nistp256-cert-v01@openssh.com;ecdsa-sha2-nistp384-cert-v01@openssh.com;ecdsa-sha2-nistp521-cert-v01@openssh.com;ssh-ed25519-cert-v01@openssh.com;ecdsa-sha2-nistp256;ecdsa-sha2-nistp384;ecdsa-sha2-nistp521;rsa-sha2-256;rsa-sha2-512;ssh-rsa;ssh-dss;ssh-ed25519,aes128-gcm@openssh.com;arcfour128;chacha20-poly1305@openssh.com;3des-cbc;aes192-ctr,hmac-sha2-256-etm@openssh.com;hmac-sha2-512;hmac-sha1,none,,SSH-2.0-Go,1
7bb889b50695adaee614b372bd9c72d6,"ecdh-sha2-nistp384,diffie-hellman-group14-sha256,diffie-hellman-group14-sha1,curve25519-sha256,curve25519-sha256@libssh.org,diffie-hellman-group-exchange-sha256,diffie-hellman-group-exchange-sha1,ext-info-c,kex-strict-c-v00@openssh.com;aes128-cbc,arcfour128,aes256-ctr;hmac-sha2-256,hmac-sha1,hmac-sha1-96,hmac-sha2-512;none",ecdh-sha2-nistp384;diffie-hellman-group14-sha256;diffie-hellman-group14-sha1;curve25519-sha256;curve25519-sha256@libssh.org;diffie-hellman-group-exchange-sha256;diffie-hellman-group-exchange-sha1;ext-info-c;kex-strict-c-v00@openssh.com,rsa-sha2-256-cert-v01@openssh.com;rsa-sha2-512-cert-v01@openssh.com;ssh-rsa-cert-v01@openssh.com;ssh-dss-cert-v01@openssh.com;ecdsa-sha2-nistp256-cert-v01@openssh.com;ecdsa-sha2-nistp384-cert-v01@openssh.com;ecdsa-sha2-nistp521-cert-v01@openssh.com;ssh-ed25519-cert-v01@openssh.com;ecdsa-sha2-nistp256;ecdsa-sha2-nistp384;ecdsa-sha2-nistp521;rsa-sha2-256;rsa-sha2-512;ssh-rsa;ssh-dss;ssh-ed25519,aes128-cbc;arcfour128;aes256-ctr,hmac-sha2-256;hmac-sha1;hmac-sha1-96;hmac-sha2-512,none,,SSH-2.0-Go,1
bea15795cb0f29e18039c25d0624a87a,"ecdh-sha2-nistp256,diffie-hellman-group14-sha256,diffie-hellman-group-exchange-sha256,diffie-hellman-group-exchange-sha1,curve25519-sha256,curve25519-sha256@libssh.org,ext-info-c,kex-strict-c-v00@openssh.com;chacha20-poly1305@openssh.com,aes256-ctr,arcfour128;hmac-sha1-96,hmac-sha2-256-etm@openssh.com,hmac-sha2-512-etm@openssh.com;none",ecdh-sha2-nistp256;diffie-hellman-group14-sha256;diffie-hellman-group-exchange-sha256;diffie-hellman-group-exchange-sha1;curve25519-sha256;curve25519-sha256@libssh.org;ext-info-c;kex-strict-c-v00@openssh.com,rsa-sha2-256-cert-v01@openssh.com;rsa-sha2-512-cert-v01@openssh.com;ssh-rsa-cert-v01@openssh.com;ssh-dss-cert-v01@openssh.com;ecdsa-sha2-nistp256-cert-v01@openssh.com;ecdsa-sha2-nistp384-cert-v01@openssh.com;ecdsa-sha2-nistp521-cert-v01@openssh.com;ssh-ed25519-cert-v01@openssh.com;ecdsa-sha2-nistp256;ecdsa-sha2-nistp384;ecdsa-sha2-nistp521;rsa-sha2-256;rsa-sha2-512;ssh-rsa;ssh-dss;ssh-ed25519,chacha20-poly1305@openssh.com;aes256-ctr;arcfour128,hmac-sha1-96;hmac-sha2-256-etm@openssh.com;hmac-sha2-512-etm@openssh.com,none,,SSH-2.0-Go,1
52284f444bc097326eb5afa306904315,"ecdh-sha2-nistp384,diffie-hellman-group-exchange-sha1,diffie-hellman-group1-sha1,ecdh-sha2-nistp256,diffie-hellman-group-exchange-sha256,ext-info-c,kex-strict-c-v00@openssh.com;aes192-ctr,aes256-ctr,aes128-gcm@openssh.com,aes256-gcm@openssh.com;hmac-sha1-96,hmac-sha2-512,hmac-sha2-256-etm@openssh.com;none",ecdh-sha2-nistp384;diffie-hellman-group-exchange-sha1;diffie-hellman-group1-sha1;ecdh-sha2-nistp256;diffie-hellman-group-exchange-sha256;ext-info-c;kex-strict-c-v00@openssh.com,rsa-sha2-256-cert-v01@openssh.com;rsa-sha2-512-cert-v01@openssh.com;ssh-rsa-cert-v01@openssh.com;ssh-dss-cert-v01@openssh.com;ecdsa-sha2-nistp256-cert-v01@openssh.com;ecdsa-sha2-nistp384-cert-v01@openssh.com;ecdsa-sha2-nistp521-cert-v01@openssh.com;ssh-ed25519-cert-v01@openssh.com;ecdsa-sha2-nistp256;ecdsa-sha2-nistp384;ecdsa-sha2-nistp521;rsa-sha2-256;rsa-sha2-512;ssh-rsa;ssh-dss;ssh-ed25519,aes192-ctr;aes256-ctr;aes128-gcm@openssh.com;aes256-gcm@openssh.com,hmac-sha1-96;hmac-sha2-512;hmac-sha2-256-etm@openssh.com,none,,SSH-2.0-Go,1
5b24a616077449a8dadccc28295091aa,"curve25519-sha256@libssh.org,diffie-hellman-group-exchange-sha256,ecdh-sha2-nistp384,diffie-hellman-group14-sha1,diffie-hellman-group14-sha256,diffie-hellman-group1-sha1,ext-info-c,kex-strict-c-v00@openssh.com;aes128-gcm@openssh.com,aes128-cbc,arcfour256,aes128-ctr,aes256-ctr;hmac-sha2-512,hmac-sha1,hmac-sha2-256-etm@openssh.com,hmac-sha1-96;none",curve25519-sha256@libssh.org;diffie-hellman-group-exchange-sha256;ecdh-sha2-nistp384;diffie-hellman-group14-sha1;diffie-hellman-group14-sha256;diffie-hellman-group1-sha1;ext-info-c;kex-strict-c-v00@openssh.com,rsa-sha2-256-cert-v01@openssh.com;rsa-sha2-512-cert-v01@openssh.com;ssh-rsa-cert-v01@openssh.com;ssh-dss-cert-v01@openssh.com;ecdsa-sha2-nistp256-cert-v01@openssh.com;ecdsa-sha2-nistp384-cert-v01@openssh.com;ecdsa-sha2-nistp521-cert-v01@openssh.com;ssh-ed25519-cert-v01@openssh.com;ecdsa-sha2-nistp256;ecdsa-sha2-nistp384;ecdsa-sha2-nistp521;rsa-sha2-256;rsa-sha2-512;ssh-rsa;ssh-dss;ssh-ed25519,aes128-gcm@openssh.com;aes128-cbc;arcfour256;aes128-ctr;aes256-ctr,hmac-sha2-512;hmac-sha1;hmac-sha2-256-etm@openssh.com;hmac-sha1-96,none,,SSH-2.0-Go,1
16af8f74fb084e2e0a7045e4b849e94a,"ecdh-sha2-nistp256,diffie-hellman-group1-sha1,curve25519-sha256,curve25519-sha256@libssh.org,diffie-hellman-group-exchange-sha1,diffie-hellman-group14-sha256,diffie-hellman-group14-sha1,ecdh-sha2-nistp521,ext-info-c,kex-strict-c-v00@openssh.com;aes128-ctr,aes192-ctr,aes256-gcm@openssh.com,arcfour256;hmac-sha2-256-etm@openssh.com,hmac-sha2-512,hmac-sha2-512-etm@openssh.com;none",ecdh-sha2-nistp256;diffie-hellman-group1-sha1;curve25519-sha256;curve25519-sha256@libssh.org;diffie-hellman-group-exchange-sha1;diffie-hellman-group14-sha256;diffie-hellman-group14-sha1;ecdh-sha2-nistp521;ext-info-c;kex-strict-c-v00@openssh.com,rsa-sha2-256-cert-v01@openssh.com;rsa-sha2-512-cert-v01@openssh.com;ssh-rsa-cert-v01@openssh.com;ssh-dss-cert-v01@openssh.com;ecdsa-sha2-nistp256-cert-v01@openssh.com;ecdsa-sha2-nistp384-cert-v01@openssh.com;ecdsa-sha2-nistp521-cert-v01@openssh.com;ssh-ed25519-cert-v01@openssh.com;ecdsa-sha2-nistp256;ecdsa-sha2-nistp384;ecdsa-sha2-nistp521;rsa-sha2-256;rsa-sha2-512;ssh-rsa;ssh-dss;ssh-ed25519,aes128-ctr;aes192-ctr;aes256-gcm@openssh.com;arcfour256,hmac-sha2-256-etm@openssh.com;hmac-sha2-512;hmac-sha2-512-etm@openssh.com,none,,SSH-2.0-Go,1
3deaf52a2f47a027710fed7c5a58b060,"diffie-hellman-group1-sha1,diffie-hellman-group14-sha256,ecdh-sha2-nistp384,curve25519-sha256,ecdh-sha2-nistp256,curve25519-sha256@libssh.org,diffie-hellman-group-exchange-sha1,ext-info-c,kex-strict-c-v00@openssh.com;aes256-gcm@openssh.com,arcfour128,aes128-cbc,aes128-gcm@openssh.com,3des-cbc,arcfour256;hmac-sha2-256-etm@openssh.com,hmac-sha2-256,hmac-sha2-512,hmac-sha1-96,hmac-sha1;none",diffie-hellman-group1-sha1;diffie-hellman-group14-sha256;ecdh-sha2-nistp384;curve25519-sha256;ecdh-sha2-nistp256;curve25519-sha256@libssh.org;diffie-hellman-group-exchange-sha1;ext-info-c;kex-strict-c-v00@openssh.com,rsa-sha2-256-cert-v01@openssh.com;rsa-sha2-512-cert-v01@openssh.com;ssh-rsa-cert-v01@openssh.com;ssh-dss-cert-v01@openssh.com;ecdsa-sha2-nistp256-cert-v01@openssh.com;ecdsa-sha2-nistp384-cert-v01@openssh.com;ecdsa-sha2-nistp521-cert-v01@openssh.com;ssh-ed25519-cert-v01@openssh.com;ecdsa-sha2-nistp256;ecdsa-sha2-nistp384;ecdsa-sha2-nistp521;rsa-sha2-256;rsa-sha2-512;ssh-rsa;ssh-dss;ssh-ed25519,aes256-gcm@openssh.com;arcfour128;aes128-cbc;aes128-gcm@openssh.com;3des-cbc;arcfour256,hmac-sha2-256-etm@openssh.com;hmac-sha2-256;hmac-sha2-512;hmac-sha1-96;hmac-sha1,none,,SSH-2.0-Go,1
8bf4a613672cb596062cf3cd79e497e8,"diffie-hellman-group1-sha1,diffie-hellman-group-exchange-sha1,ecdh-sha2-nistp256,curve25519-sha256,diffie-hellman-group14-sha256,curve25519-sha256@libssh.org,ecdh-sha2-nistp384,ext-info-c,kex-strict-c-v00@openssh.com;aes256-ctr,aes192-ctr,aes128-ctr,aes256-gcm@openssh.com,chacha20-poly1305@openssh.com,aes128-gcm@openssh.com,aes128-cbc,arcfour256;hmac-sha1,hmac-sha2-512-etm@openssh.com,hmac-sha1-96,hmac-sha2-256-etm@openssh.com;none",diffie-hellman-group1-sha1;diffie-hellman-group-exchange-sha1;ecdh-sha2-nistp256;curve25519-sha256;diffie-hellman-group14-sha256;curve25519-sha256@libssh.org;ecdh-sha2-nistp384;ext-info-c;kex-strict-c-v00@openssh.com,rsa-sha2-256-cert-v01@openssh.com;rsa-sha2-512-cert-v01@openssh.com;ssh-rsa-cert-v01@openssh.com;ssh-dss-cert-v01@openssh.com;ecdsa-sha2-nistp256-cert-v01@openssh.com;ecdsa-sha2-nistp384-cert-v01@openssh.com;ecdsa-sha2-nistp521-cert-v01@openssh.com;ssh-ed25519-cert-v01@openssh.com;ecdsa-sha2-nistp256;ecdsa-sha2-nistp384;ecdsa-sha2-nistp521;rsa-sha2-256;rsa-sha2-512;ssh-rsa;ssh-dss;ssh-ed25519,aes256-ctr;aes192-ctr;aes128-ctr;aes256-gcm@openssh.com;chacha20-poly1305@openssh.com;aes128-gcm@openssh.com;aes128-cbc;arcfour256,hmac-sha1;hmac-sha2-512-etm@openssh.com;hmac-sha1-96;hmac-sha2-256-etm@openssh.com,none,,SSH-2.0-Go,1
ac25f839af04cb8b8e785f9336fb6485,"ecdh-sha2-nistp256,ecdh-sha2-nistp521,diffie-hellman-group-exchange-sha256,diffie-hellman-group-exchange-sha1,diffie-hellman-group1-sha1,curve25519-sha256@libssh.org,ext-info-c,kex-strict-c-v00@openssh.com;arcfour256,chacha20-poly1305@openssh.com,3des-cbc,aes256-ctr,aes128-ctr,aes256-gcm@openssh.com;hmac-sha1,hmac-sha2-512-etm@openssh.com,hmac-sha1-96,hmac-sha2-256-etm@openssh.com,hmac-sha2-256;none",ecdh-sha2-nistp256;ecdh-sha2-nistp521;diffie-hellman-group-exchange-sha256;diffie-hellman-group-exchange-sha1;diffie-hellman-group1-sha1;curve25519-sha256@libssh.org;ext-info-c;kex-strict-c-v00@openssh.com,rsa-sha2-256-cert-v01@openssh.com;rsa-sha2-512-cert-v01@openssh.com;ssh-rsa-cert-v01@openssh.com;ssh-dss-cert-v01@openssh.com;ecdsa-sha2-nistp256-cert-v01@openssh.com;ecdsa-sha2-nistp384-cert-v01@openssh.com;ecdsa-sha2-nistp521-cert-v01@openssh.com;ssh-ed25519-cert-v01@openssh.com;ecdsa-sha2-nistp256;ecdsa-sha2-nistp384;ecdsa-sha2-nistp521;rsa-sha2-256;rsa-sha2-512;ssh-rsa;ssh-dss;ssh-ed25519,arcfour256;chacha20-poly1305@openssh.com;3des-cbc;aes256-ctr;aes128-ctr;aes256-gcm@openssh.com,hmac-sha1;hmac-sha2-512-etm@openssh.com;hmac-sha1-96;hmac-sha2-256-etm@openssh.com;hmac-sha2-256,none,,SSH-2.0-Go,1
ebcb18d408592c746d58a143639b5e3d,"diffie-hellman-group-exchange-sha1,diffie-hellman-group1-sha1,ecdh-sha2-nistp521,ecdh-sha2-nistp256,ecdh-sha2-nistp384,ext-info-c,kex-strict-c-v00@openssh.com;aes128-gcm@openssh.com,3des-cbc,arcfour256,aes192-ctr,aes256-ctr,aes128-cbc;hmac-sha2-512-etm@openssh.com,hmac-sha1-96,hmac-sha2-512,hmac-sha1;none",diffie-hellman-group-exchange-sha1;diffie-hellman-group1-sha1;ecdh-sha2-nistp521;ecdh-sha2-nistp256;ecdh-sha2-nistp384;ext-info-c;kex-strict-c-v00@openssh.com,rsa-sha2-256-cert-v01@openssh.com;rsa-sha2-512-cert-v01@openssh.com;ssh-rsa-cert-v01@openssh.com;ssh-dss-cert-v01@openssh.com;ecdsa-sha2-nistp256-cert-v01@openssh.com;ecdsa-sha2-nistp384-cert-v01@openssh.com;ecdsa-sha2-nistp521-cert-v01@openssh.com;ssh-ed25519-cert-v01@openssh.com;ecdsa-sha2-nistp256;ecdsa-sha2-nistp384;ecdsa-sha2-nistp521;rsa-sha2-256;rsa-sha2-512;ssh-rsa;ssh-dss;ssh-ed25519,aes128-gcm@openssh.com;3des-cbc;arcfour256;aes192-ctr;aes256-ctr;aes128-cbc,hmac-sha2-512-etm@openssh.com;hmac-sha1-96;hmac-sha2-512;hmac-sha1,none,,SSH-2.0-Go,1
60b4d1b93b10f74a53e0055a0b1aaa7f,"ecdh-sha2-nistp256,curve25519-sha256@libssh.org,diffie-hellman-group-exchange-sha1,diffie-hellman-group14-sha256,diffie-hellman-group14-sha1,diffie-hellman-group-exchange-sha256,ecdh-sha2-nistp521,ext-info-c,kex-strict-c-v00@openssh.com;chacha20-poly1305@openssh.com,3des-cbc,aes256-gcm@openssh.com,aes192-ctr,aes128-gcm@openssh.com,aes128-ctr;hmac-sha2-256,hmac-sha2-256-etm@openssh.com,hmac-sha1,hmac-sha2-512,hmac-sha2-512-etm@openssh.com;none",ecdh-sha2-nistp256;curve25519-sha256@libssh.org;diffie-hellman-group-exchange-sha1;diffie-hellman-group14-sha256;diffie-hellman-group14-sha1;diffie-hellman-group-exchange-sha256;ecdh-sha2-nistp521;ext-info-c;kex-strict-c-v00@openssh.com,rsa-sha2-256-cert-v01@openssh.com;rsa-sha2-512-cert-v01@openssh.com;ssh-rsa-cert-v01@openssh.com;ssh-dss-cert-v01@openssh.com;ecdsa-sha2-nistp256-cert-v01@openssh.com;ecdsa-sha2-nistp384-cert-v01@openssh.com;ecdsa-sha2-nistp521-cert-v01@openssh.com;ssh-ed25519-cert-v01@openssh.com;ecdsa-sha2-nistp256;ecdsa-sha2-nistp384;ecdsa-sha2-nistp521;rsa-sha2-256;rsa-sha2-512;ssh-rsa;ssh-dss;ssh-ed25519,chacha20-poly1305@openssh.com;3des-cbc;aes256-gcm@openssh.com;aes192-ctr;aes128-gcm@openssh.com;aes128-ctr,hmac-sha2-256;hmac-sha2-256-etm@openssh.com;hmac-sha1;hmac-sha2-512;hmac-sha2-512-etm@openssh.com,none,,SSH-2.0-Go,1
dff376c8f4d5ab5510c54cc72a1df205,"diffie-hellman-group-exchange-sha1,diffie-hellman-group14-sha256,diffie-hellman-group1-sha1,ecdh-sha2-nistp521,diffie-hellman-group-exchange-sha256,diffie-hellman-group14-sha1,ext-info-c,kex-strict-c-v00@openssh.com;aes256-gcm@openssh.com,aes128-gcm@openssh.com,aes192-ctr,aes256-ctr;hmac-sha1-96,hmac-sha2-512,hmac-sha2-512-etm@openssh.com,hmac-sha2-256,hmac-sha2-256-etm@openssh.com;none",diffie-hellman-group-exchange-sha1;diffie-hellman-group14-sha256;diffie-hellman-group1-sha1;ecdh-sha2-nistp521;diffie-hellman-group-exchange-sha256;diffie-hellman-group14-sha1;ext-info-c;kex-strict-c-v00@openssh.com,rsa-sha2-256-cert-v01@openssh.com;rsa-sha2-512-cert-v01@openssh.com;ssh-rsa-cert-v01@openssh.com;ssh-dss-cert-v01@openssh.com;ecdsa-sha2-nistp256-cert-v01@openssh.com;ecdsa-sha2-nistp384-cert-v01@openssh.com;ecdsa-sha2-nistp521-cert-v01@openssh.com;ssh-ed25519-cert-v01@openssh.com;ecdsa-sha2-nistp256;ecdsa-sha2-nistp384;ecdsa-sha2-nistp521;rsa-sha2-256;rsa-sha2-512;ssh-rsa;ssh-dss;ssh-ed25519,aes256-gcm@openssh.com;aes128-gcm@openssh.com;aes192-ctr;aes256-ctr,hmac-sha1-96;hmac-sha2-512;hmac-sha2-512-etm@openssh.com;hmac-sha2-256;hmac-sha2-256-etm@openssh.com,none,,SSH-2.0-Go,1
a2da8946fa460fab04bc478f40f30823,"diffie-hellman-group14-sha256,curve25519-sha256@libssh.org,curve25519-sha256,diffie-hellman-group14-sha1,diffie-hellman-group-exchange-sha256,ext-info-c,kex-strict-c-v00@openssh.com;aes128-cbc,aes128-gcm@openssh.com,aes256-gcm@openssh.com,aes192-ctr;hmac-sha2-512-etm@openssh.com,hmac-sha2-512,hmac-sha1,hmac-sha2-256-etm@openssh.com,hmac-sha2-256;none",diffie-hellman-group14-sha256;curve25519-sha256@libssh.org;curve25519-sha256;diffie-hellman-group14-sha1;diffie-hellman-group-exchange-sha256;ext-info-c;kex-strict-c-v00@openssh.com,rsa-sha2-256-cert-v01@openssh.com;rsa-sha2-512-cert-v01@openssh.com;ssh-rsa-cert-v01@openssh.com;ssh-dss-cert-v01@openssh.com;ecdsa-sha2-nistp256-cert-v01@openssh.com;ecdsa-sha2-nistp384-cert-v01@openssh.com;ecdsa-sha2-nistp521-cert-v01@openssh.com;ssh-ed25519-cert-v01@openssh.com;ecdsa-sha2-nistp256;ecdsa-sha2-nistp384;ecdsa-sha2-nistp521;rsa-sha2-256;rsa-sha2-512;ssh-rsa;ssh-dss;ssh-ed25519,aes128-cbc;aes128-gcm@openssh.com;aes256-gcm@openssh.com;aes192-ctr,hmac-sha2-512-etm@openssh.com;hmac-sha2-512;hmac-sha1;hmac-sha2-256-etm@openssh.com;hmac-sha2-256,none,,SSH-2.0-Go,1
92329061f9f3032b578d686edc0db921,"curve25519-sha256,curve25519-sha256@libssh.org,ecdh-sha2-nistp384,ecdh-sha2-nistp256,diffie-hellman-group14-sha256,ecdh-sha2-nistp521,ext-info-c,kex-strict-c-v00@openssh.com;aes128-ctr,aes128-cbc,aes192-ctr;hmac-sha2-512-etm@openssh.com,hmac-sha1,hmac-sha2-256-etm@openssh.com,hmac-sha1-96,hmac-sha2-256;none",curve25519-sha256;curve25519-sha256@libssh.org;ecdh-sha2-nistp384;ecdh-sha2-nistp256;diffie-hellman-group14-sha256;ecdh-sha2-nistp521;ext-info-c;kex-strict-c-v00@openssh.com,rsa-sha2-256-cert-v01@openssh.com;rsa-sha2-512-cert-v01@openssh.com;ssh-rsa-cert-v01@openssh.com;ssh-dss-cert-v01@openssh.com;ecdsa-sha2-nistp256-cert-v01@openssh.com;ecdsa-sha2-nistp384-cert-v01@openssh.com;ecdsa-sha2-nistp521-cert-v01@openssh.com;ssh-ed25519-cert-v01@openssh.com;ecdsa-sha2-nistp256;ecdsa-sha2-nistp384;ecdsa-sha2-nistp521;rsa-sha2-256;rsa-sha2-512;ssh-rsa;ssh-dss;ssh-ed25519,aes128-ctr;aes128-cbc;aes192-ctr,hmac-sha2-512-etm@openssh.com;hmac-sha1;hmac-sha2-256-etm@openssh.com;hmac-sha1-96;hmac-sha2-256,none,,SSH-2.0-Go,1
14406db051071f5e3f63bdfd279d57dd,"ecdh-sha2-nistp256,ecdh-sha2-nistp521,curve25519-sha256,diffie-hellman-group14-sha1,curve25519-sha256@libssh.org,ext-info-c,kex-strict-c-v00@openssh.com;aes128-cbc,3des-cbc,aes128-gcm@openssh.com,aes192-ctr,chacha20-poly1305@openssh.com,arcfour128,aes128-ctr;hmac-sha2-512,hmac-sha1,hmac-sha2-512-etm@openssh.com;none",ecdh-sha2-nistp256;ecdh-sha2-nistp521;curve25519-sha256;diffie-hellman-group14-sha1;curve25519-sha256@libssh.org;ext-info-c;kex-strict-c-v00@openssh.com,rsa-sha2-256-cert-v01@openssh.com;rsa-sha2-512-cert-v01@openssh.com;ssh-rsa-cert-v01@openssh.com;ssh-dss-cert-v01@openssh.com;ecdsa-sha2-nistp256-cert-v01@openssh.com;ecdsa-sha2-nistp384-cert-v01@openssh.com;ecdsa-sha2-nistp521-cert-v01@openssh.com;ssh-ed25519-cert-v01@openssh.com;ecdsa-sha2-nistp256;ecdsa-sha2-nistp384;ecdsa-sha2-nistp521;rsa-sha2-256;rsa-sha2-512;ssh-rsa;ssh-dss;ssh-ed25519,aes128-cbc;3des-cbc;aes128-gcm@openssh.com;aes192-ctr;chacha20-poly1305@openssh.com;arcfour128;aes128-ctr,hmac-sha2-512;hmac-sha1;hmac-sha2-512-etm@openssh.com,none,,SSH-2.0-Go,1
249c139c7e4335ccef01ebf5b2238671,"ecdh-sha2-nistp384,ecdh-sha2-nistp521,diffie-hellman-group-exchange-sha256,diffie-hellman-group-exchange-sha1,ecdh-sha2-nistp256,diffie-hellman-group1-sha1,diffie-hellman-group14-sha1,ext-info-c,kex-strict-c-v00@openssh.com;aes128-cbc,aes192-ctr,aes128-ctr,arcfour256,chacha20-poly1305@openssh.com;hmac-sha2-256-etm@openssh.com,hmac-sha1-96,hmac-sha2-512-etm@openssh.com;none",ecdh-sha2-nistp384;ecdh-sha2-nistp521;diffie-hellman-group-exchange-sha256;diffie-hellman-group-exchange-sha1;ecdh-sha2-nistp256;diffie-hellman-group1-sha1;diffie-hellman-group14-sha1;ext-info-c;kex-strict-c-v00@openssh.com,rsa-sha2-256-cert-v01@openssh.com;rsa-sha2-512-cert-v01@openssh.com;ssh-rsa-cert-v01@openssh.com;ssh-dss-cert-v01@openssh.com;ecdsa-sha2-nistp256-cert-v01@openssh.com;ecdsa-sha2-nistp384-cert-v01@openssh.com;ecdsa-sha2-nistp521-cert-v01@openssh.com;ssh-ed25519-cert-v01@openssh.com;ecdsa-sha2-nistp256;ecdsa-sha2-nistp384;ecdsa-sha2-nistp521;rsa-sha2-256;rsa-sha2-512;ssh-rsa;ssh-dss;ssh-ed25519,aes128-cbc;aes192-ctr;aes128-ctr;arcfour256;chacha20-poly1305@openssh.com,hmac-sha2-256-etm@openssh.com;hmac-sha1-96;hmac-sha2-512-etm@openssh.com,none,,SSH-2.0-Go,1
501cf34a3f65c480b2d107e5d9b77729,"curve25519-sha256@libssh.org,ecdh-sha2-nistp256,diffie-hellman-group1-sha1,diffie-hellman-group-exchange-sha256,diffie-hellman-group-exchange-sha1,ext-info-c,kex-strict-c-v00@openssh.com;aes128-gcm@openssh.com,aes256-ctr,chacha20-poly1305@openssh.com,aes128-ctr,arcfour128,arcfour256,3des-cbc;hmac-sha2-512,hmac-sha2-512-etm@openssh.com,hmac-sha1-96,hmac-sha2-256;none",curve25519-sha256@libssh.org;ecdh-sha2-nistp256;diffie-hellman-group1-sha1;diffie-hellman-group-exchange-sha256;diffie-hellman-group-exchange-sha1;ext-info-c;kex-strict-c-v00@openssh.com,rsa-sha2-256-cert-v01@openssh.com;rsa-sha2-512-cert-v01@openssh.com;ssh-rsa-cert-v01@openssh.com;ssh-dss-cert-v01@openssh.com;ecdsa-sha2-nistp256-cert-v01@openssh.com;ecdsa-sha2-nistp384-cert-v01@openssh.com;ecdsa-sha2-nistp521-cert-v01@openssh.com;ssh-ed25519-cert-v01@openssh.com;ecdsa-sha2-nistp256;ecdsa-sha2-nistp384;ecdsa-sha2-nistp521;rsa-sha2-256;rsa-sha2-512;ssh-rsa;ssh-dss;ssh-ed25519,aes128-gcm@openssh.com;aes256-ctr;chacha20-poly1305@openssh.com;aes128-ctr;arcfour128;arcfour256;3des-cbc,hmac-sha2-512;hmac-sha2-512-etm@openssh.com;hmac-sha1-96;hmac-sha2-256,none,,SSH-2.0-Go,1
664bae151bc245ceee9619f6a8e4f19a,"ecdh-sha2-nistp256,ecdh-sha2-nistp521,curve25519-sha256,curve25519-sha256@libssh.org,diffie-hellman-group1-sha1,diffie-hellman-group14-sha256,diffie-hellman-group14-sha1,ext-info-c,kex-strict-c-v00@openssh.com;arcfour256,chacha20-poly1305@openssh.com,aes256-ctr,aes128-gcm@openssh.com,arcfour128,aes256-gcm@openssh.com;hmac-sha2-256-etm@openssh.com,hmac-sha1-96,hmac-sha2-256,hmac-sha2-512;none",ecdh-sha2-nistp256;ecdh-sha2-nistp521;curve25519-sha256;curve25519-sha256@libssh.org;diffie-hellman-group1-sha1;diffie-hellman-group14-sha256;diffie-hellman-group14-sha1;ext-info-c;kex-strict-c-v00@openssh.com,rsa-sha2-256-cert-v01@openssh.com;rsa-sha2-512-cert-v01@openssh.com;ssh-rsa-cert-v01@openssh.com;ssh-dss-cert-v01@openssh.com;ecdsa-sha2-nistp256-cert-v01@openssh.com;ecdsa-sha2-nistp384-cert-v01@openssh.com;ecdsa-sha2-nistp521-cert-v01@openssh.com;ssh-ed25519-cert-v01@openssh.com;ecdsa-sha2-nistp256;ecdsa-sha2-nistp384;ecdsa-sha2-nistp521;rsa-sha2-256;rsa-sha2-512;ssh-rsa;ssh-dss;ssh-ed25519,arcfour256;chacha20-poly1305@openssh.com;aes256-ctr;aes128-gcm@openssh.com;arcfour128;aes256-gcm@openssh.com,hmac-sha2-256-etm@openssh.com;hmac-sha1-96;hmac-sha2-256;hmac-sha2-512,none,,SSH-2.0-Go,1
170c49da673bc91e471a7160e9abf2dc,"diffie-hellman-group14-sha256,curve25519-sha256,curve25519-sha256@libssh.org,ecdh-sha2-nistp521,diffie-hellman-group1-sha1,ecdh-sha2-nistp256,ecdh-sha2-nistp384,ext-info-c,kex-strict-c-v00@openssh.com;aes256-gcm@openssh.com,arcfour128,aes128-gcm@openssh.com,aes128-ctr;hmac-sha2-256-etm@openssh.com,hmac-sha2-256,hmac-sha1-96,hmac-sha2-512;none",diffie-hellman-group14-sha256;curve25519-sha256;curve25519-sha256@libssh.org;ecdh-sha2-nistp521;diffie-hellman-group1-sha1;ecdh-sha2-nistp256;ecdh-sha2-nistp384;ext-info-c;kex-strict-c-v00@openssh.com,rsa-sha2-256-cert-v01@openssh.com;rsa-sha2-512-cert-v01@openssh.com;ssh-rsa-cert-v01@openssh.com;ssh-dss-cert-v01@openssh.com;ecdsa-sha2-nistp256-cert-v01@openssh.com;ecdsa-sha2-nistp384-cert-v01@openssh.com;ecdsa-sha2-nistp521-cert-v01@openssh.com;ssh-ed25519-cert-v01@openssh.com;ecdsa-sha2-nistp256;ecdsa-sha2-nistp384;ecdsa-sha2-nistp521;rsa-sha2-256;rsa-sha2-512;ssh-rsa;ssh-dss;ssh-ed25519,aes256-gcm@openssh.com;arcfour128;aes128-gcm@openssh.com;aes128-ctr,hmac-sha2-256-etm@openssh.com;hmac-sha2-256;hmac-sha1-96;hmac-sha2-512,none,,SSH-2.0-Go,1
d75e0fcbdf5a6ce67af7d179c7ac827b,"diffie-hellman-group-exchange-sha1,ecdh-sha2-nistp256,diffie-hellman-group14-sha256,ecdh-sha2-nistp521,curve25519-sha256,curve25519-sha256@libssh.org,ext-info-c,kex-strict-c-v00@openssh.com;aes192-ctr,aes128-ctr,aes256-gcm@openssh.com,chacha20-poly1305@openssh.com,arcfour128,aes256-ctr;hmac-sha1-96,hmac-sha2-256-etm@openssh.com,hmac-sha2-512,hmac-sha2-256,hmac-sha2-512-etm@openssh.com,hmac-sha1;none",diffie-hellman-group-exchange-sha1;ecdh-sha2-nistp256;diffie-hellman-group14-sha256;ecdh-sha2-nistp521;curve25519-sha256;curve25519-sha256@libssh.org;ext-info-c;kex-strict-c-v00@openssh.com,rsa-sha2-256-cert-v01@openssh.com;rsa-sha2-512-cert-v01@openssh.com;ssh-rsa-cert-v01@openssh.com;ssh-dss-cert-v01@openssh.com;ecdsa-sha2-nistp256-cert-v01@openssh.com;ecdsa-sha2-nistp384-cert-v01@openssh.com;ecdsa-sha2-nistp521-cert-v01@openssh.com;ssh-ed25519-cert-v01@openssh.com;ecdsa-sha2-nistp256;ecdsa-sha2-nistp384;ecdsa-sha2-nistp521;rsa-sha2-256;rsa-sha2-512;ssh-rsa;ssh-dss;ssh-ed25519,aes192-ctr;aes128-ctr;aes256-gcm@openssh.com;chacha20-poly1305@openssh.com;arcfour128;aes256-ctr,hmac-sha1-96;hmac-sha2-256-etm@openssh.com;hmac-sha2-512;hmac-sha2-256;hmac-sha2-512-etm@openssh.com;hmac-sha1,none,,SSH-2.0-Go,1
7638fd39e6516afb9856f03b8eaa6ecd,"diffie-hellman-group-exchange-sha256,curve25519-sha256,ecdh-sha2-nistp384,ecdh-sha2-nistp256,curve25519-sha256@libssh.org,ext-info-c,kex-strict-c-v00@openssh.com;arcfour128,aes256-ctr,aes256-gcm@openssh.com,chacha20-poly1305@openssh.com,aes128-ctr,aes128-cbc;hmac-sha2-512-etm@openssh.com,hmac-sha2-512,hmac-sha1-96;none",diffie-hellman-group-exchange-sha256;curve25519-sha256;ecdh-sha2-nistp384;ecdh-sha2-nistp256;curve25519-sha256@libssh.org;ext-info-c;kex-strict-c-v00@openssh.com,rsa-sha2-256-cert-v01@openssh.com;rsa-sha2-512-cert-v01@openssh.com;ssh-rsa-cert-v01@openssh.com;ssh-dss-cert-v01@openssh.com;ecdsa-sha2-nistp256-cert-v01@openssh.com;ecdsa-sha2-nistp384-cert-v01@openssh.com;ecdsa-sha2-nistp521-cert-v01@openssh.com;ssh-ed25519-cert-v01@openssh.com;ecdsa-sha2-nistp256;ecdsa-sha2-nistp384;ecdsa-sha2-nistp521;rsa-sha2-256;rsa-sha2-512;ssh-rsa;ssh-dss;ssh-ed25519,arcfour128;aes256-ctr;aes256-gcm@openssh.com;chacha20-poly1305@openssh.com;aes128-ctr;aes128-cbc,hmac-sha2-512-etm@openssh.com;hmac-sha2-512;hmac-sha1-96,none,,SSH-2.0-Go,1
f9b5ebf086edfede56d9e68ede89627e,"ecdh-sha2-nistp256,curve25519-sha256,curve25519-sha256@libssh.org,diffie-hellman-group14-sha1,diffie-hellman-group-exchange-sha1,ecdh-sha2-nistp384,ecdh-sha2-nistp521,ext-info-c,kex-strict-c-v00@openssh.com;aes192-ctr,aes128-ctr,aes256-ctr,chacha20-poly1305@openssh.com,arcfour256;hmac-sha2-256,hmac-sha1-96,hmac-sha2-512-etm@openssh.com,hmac-sha2-512,hmac-sha2-256-etm@openssh.com;none",ecdh-sha2-nistp256;curve25519-sha256;curve25519-sha256@libssh.org;diffie-hellman-group14-sha1;diffie-hellman-group-exchange-sha1;ecdh-sha2-nistp384;ecdh-sha2-nistp521;ext-info-c;kex-strict-c-v00@openssh.com,rsa-sha2-256-cert-v01@openssh.com;rsa-sha2-512-cert-v01@openssh.com;ssh-rsa-cert-v01@openssh.com;ssh-dss-cert-v01@openssh.com;ecdsa-sha2-nistp256-cert-v01@openssh.com;ecdsa-sha2-nistp384-cert-v01@openssh.com;ecdsa-sha2-nistp521-cert-v01@openssh.com;ssh-ed25519-cert-v01@openssh.com;ecdsa-sha2-nistp256;ecdsa-sha2-nistp384;ecdsa-sha2-nistp521;rsa-sha2-256;rsa-sha2-512;ssh-rsa;ssh-dss;ssh-ed25519,aes192-ctr;aes128-ctr;aes256-ctr;chacha20-poly1305@openssh.com;arcfour256,hmac-sha2-256;hmac-sha1-96;hmac-sha2-512-etm@openssh.com;hmac-sha2-512;hmac-sha2-256-etm@openssh.com,none,,SSH-2.0-Go,1
d42a791ed7b08070e3e6eeeba6a9a3ed,"curve25519-sha256,curve25519-sha256@libssh.org,diffie-hellman-group1-sha1,diffie-hellman-group14-sha256,ecdh-sha2-nistp256,diffie-hellman-group-exchange-sha1,ext-info-c,kex-strict-c-v00@openssh.com;aes128-gcm@openssh.com,aes128-cbc,arcfour128,aes256-ctr,3des-cbc;hmac-sha2-512-etm@openssh.com,hmac-sha1,hmac-sha2-256-etm@openssh.com,hmac-sha2-512;none",curve25519-sha256;curve25519-sha256@libssh.org;diffie-hellman-group1-sha1;diffie-hellman-group14-sha256;ecdh-sha2-nistp256;diffie-hellman-group-exchange-sha1;ext-info-c;kex-strict-c-v00@openssh.com,rsa-sha2-256-cert-v01@openssh.com;rsa-sha2-512-cert-v01@openssh.com;ssh-rsa-cert-v01@openssh.com;ssh-dss-cert-v01@openssh.com;ecdsa-sha2-nistp256-cert-v01@openssh.com;ecdsa-sha2-nistp384-cert-v01@openssh.com;ecdsa-sha2-nistp521-cert-v01@openssh.com;ssh-ed25519-cert-v01@openssh.com;ecdsa-sha2-nistp256;ecdsa-sha2-nistp384;ecdsa-sha2-nistp521;rsa-sha2-256;rsa-sha2-512;ssh-rsa;ssh-dss;ssh-ed25519,aes128-gcm@openssh.com;aes128-cbc;arcfour128;aes256-ctr;3des-cbc,hmac-sha2-512-etm@openssh.com;hmac-sha1;hmac-sha2-256-etm@openssh.com;hmac-sha2-512,none,,SSH-2.0-Go,1
9f1d61d183e3d9cb9411c74511dc812f,"diffie-hellman-group-exchange-sha1,ecdh-sha2-nistp384,curve25519-sha256@libssh.org,diffie-hellman-group14-sha256,diffie-hellman-group1-sha1,diffie-hellman-group-exchange-sha256,curve25519-sha256,ext-info-c,kex-strict-c-v00@openssh.com;aes256-ctr,aes256-gcm@openssh.com,aes192-ctr,3des-cbc,arcfour128;hmac-sha2-512-etm@openssh.com,hmac-sha1-96,hmac-sha2-512;none",diffie-hellman-group-exchange-sha1;ecdh-sha2-nistp384;curve25519-sha256@libssh.org;diffie-hellman-group14-sha256;diffie-hellman-group1-sha1;diffie-hellman-group-exchange-sha256;curve25519-sha256;ext-info-c;kex-strict-c-v00@openssh.com,rsa-sha2-256-cert-v01@openssh.com;rsa-sha2-512-cert-v01@openssh.com;ssh-rsa-cert-v01@openssh.com;ssh-dss-cert-v01@openssh.com;ecdsa-sha2-nistp256-cert-v01@openssh.com;ecdsa-sha2-nistp384-cert-v01@openssh.com;ecdsa-sha2-nistp521-cert-v01@openssh.com;ssh-ed25519-cert-v01@openssh.com;ecdsa-sha2-nistp256;ecdsa-sha2-nistp384;ecdsa-sha2-nistp521;rsa-sha2-256;rsa-sha2-512;ssh-rsa;ssh-dss;ssh-ed25519,aes256-ctr;aes256-gcm@openssh.com;aes192-ctr;3des-cbc;arcfour128,hmac-sha2-512-etm@openssh.com;hmac-sha1-96;hmac-sha2-512,none,,SSH-2.0-Go,1
ac967d607bfdccecfbf9607a824fd371,"diffie-hellman-group-exchange-sha1,diffie-hellman-group1-sha1,curve25519-sha256,curve25519-sha256@libssh.org,ecdh-sha2-nistp521,ecdh-sha2-nistp256,ext-info-c,kex-strict-c-v00@openssh.com;3des-cbc,arcfour128,aes256-gcm@openssh.com,aes128-cbc;hmac-sha2-256-etm@openssh.com,hmac-sha2-512,hmac-sha2-512-etm@openssh.com;none",diffie-hellman-group-exchange-sha1;diffie-hellman-group1-sha1;curve25519-sha256;curve25519-sha256@libssh.org;ecdh-sha2-nistp521;ecdh-sha2-nistp256;ext-info-c;kex-strict-c-v00@openssh.com,rsa-sha2-256-cert-v01@openssh.com;rsa-sha2-512-cert-v01@openssh.com;ssh-rsa-cert-v01@openssh.com;ssh-dss-cert-v01@openssh.com;ecdsa-sha2-nistp256-cert-v01@openssh.com;ecdsa-sha2-nistp384-cert-v01@openssh.com;ecdsa-sha2-nistp521-cert-v01@openssh.com;ssh-ed25519-cert-v01@openssh.com;ecdsa-sha2-nistp256;ecdsa-sha2-nistp384;ecdsa-sha2-nistp521;rsa-sha2-256;rsa-sha2-512;ssh-rsa;ssh-dss;ssh-ed25519,3des-cbc;arcfour128;aes256-gcm@openssh.com;aes128-cbc,hmac-sha2-256-etm@openssh.com;hmac-sha2-512;hmac-sha2-512-etm@openssh.com,none,,SSH-2.0-Go,1
297d7745a826e2388179f50c44b191f1,"curve25519-sha256@libssh.org,diffie-hellman-group-exchange-sha256,diffie-hellman-group14-sha1,curve25519-sha256,diffie-hellman-group14-sha256,ext-info-c,kex-strict-c-v00@openssh.com;aes128-gcm@openssh.com,aes128-cbc,arcfour256,aes128-ctr,3des-cbc;hmac-sha1-96,hmac-sha2-256,hmac-sha2-512-etm@openssh.com,hmac-sha2-256-etm@openssh.com,hmac-sha1;none",curve25519-sha256@libssh.org;diffie-hellman-group-exchange-sha256;diffie-hellman-group14-sha1;curve25519-sha256;diffie-hellman-group14-sha256;ext-info-c;kex-strict-c-v00@openssh.com,rsa-sha2-256-cert-v01@openssh.com;rsa-sha2-512-cert-v01@openssh.com;ssh-rsa-cert-v01@openssh.com;ssh-dss-cert-v01@openssh.com;ecdsa-sha2-nistp256-cert-v01@openssh.com;ecdsa-sha2-nistp384-cert-v01@openssh.com;ecdsa-sha2-nistp521-cert-v01@openssh.com;ssh-ed25519-cert-v01@openssh.com;ecdsa-sha2-nistp256;ecdsa-sha2-nistp384;ecdsa-sha2-nistp521;rsa-sha2-256;rsa-sha2-512;ssh-rsa;ssh-dss;ssh-ed25519,aes128-gcm@openssh.com;aes128-cbc;arcfour256;aes128-ctr;3des-cbc,hmac-sha1-96;hmac-sha2-256;hmac-sha2-512-etm@openssh.com;hmac-sha2-256-etm@openssh.com;hmac-sha1,none,,SSH-2.0-Go,1
6c9d1e01ce7f060394eb7ab2eaa43205,"ecdh-sha2-nistp256,ecdh-sha2-nistp521,diffie-hellman-group-exchange-sha256,diffie-hellman-group-exchange-sha1,curve25519-sha256,curve25519-sha256@libssh.org,ecdh-sha2-nistp384,ext-info-c,kex-strict-c-v00@openssh.com;aes128-ctr,arcfour128,aes128-gcm@openssh.com,arcfour256,aes128-cbc;hmac-sha2-256-etm@openssh.com,hmac-sha2-512-etm@openssh.com,hmac-sha1-96,hmac-sha1;none",ecdh-sha2-nistp256;ecdh-sha2-nistp521;diffie-hellman-group-exchange-sha256;diffie-hellman-group-exchange-sha1;curve25519-sha256;curve25519-sha256@libssh.org;ecdh-sha2-nistp384;ext-info-c;kex-strict-c-v00@openssh.com,rsa-sha2-256-cert-v01@openssh.com;rsa-sha2-512-cert-v01@openssh.com;ssh-rsa-cert-v01@openssh.com;ssh-dss-cert-v01@openssh.com;ecdsa-sha2-nistp256-cert-v01@openssh.com;ecdsa-sha2-nistp384-cert-v01@openssh.com;ecdsa-sha2-nistp521-cert-v01@openssh.com;ssh-ed25519-cert-v01@openssh.com;ecdsa-sha2-nistp256;ecdsa-sha2-nistp384;ecdsa-sha2-nistp521;rsa-sha2-256;rsa-sha2-512;ssh-rsa;ssh-dss;ssh-ed25519,aes128-ctr;arcfour128;aes128-gcm@openssh.com;arcfour256;aes128-cbc,hmac-sha2-256-etm@openssh.com;hmac-sha2-512-etm@openssh.com;hmac-sha1-96;hmac-sha1,none,,SSH-2.0-Go,1
7fc92f65afc9b01c84587f032e02d82a,"diffie-hellman-group-exchange-sha1,curve25519-sha256,curve25519-sha256@libssh.org,ecdh-sha2-nistp384,diffie-hellman-group1-sha1,diffie-hellman-group14-sha1,ecdh-sha2-nistp521,ext-info-c,kex-strict-c-v00@openssh.com;arcfour256,aes128-ctr,3des-cbc,chacha20-poly1305@openssh.com;hmac-sha2-512,hmac-sha2-512-etm@openssh.com,hmac-sha1-96,hmac-sha2-256;none",diffie-hellman-group-exchange-sha1;curve25519-sha256;curve25519-sha256@libssh.org;ecdh-sha2-nistp384;diffie-hellman-group1-sha1;diffie-hellman-group14-sha1;ecdh-sha2-nistp521;ext-info-c;kex-strict-c-v00@openssh.com,rsa-sha2-256-cert-v01@openssh.com;rsa-sha2-512-cert-v01@openssh.com;ssh-rsa-cert-v01@openssh.com;ssh-dss-cert-v01@openssh.com;ecdsa-sha2-nistp256-cert-v01@openssh.com;ecdsa-sha2-nistp384-cert-v01@openssh.com;ecdsa-sha2-nistp521-cert-v01@openssh.com;ssh-ed25519-cert-v01@openssh.com;ecdsa-sha2-nistp256;ecdsa-sha2-nistp384;ecdsa-sha2-nistp521;rsa-sha2-256;rsa-sha2-512;ssh-rsa;ssh-dss;ssh-ed25519,arcfour256;aes128-ctr;3des-cbc;chacha20-poly1305@openssh.com,hmac-sha2-512;hmac-sha2-512-etm@openssh.com;hmac-sha1-96;hmac-sha2-256,none,,SSH-2.0-Go,1
1e91f97a11f59fd5abf536424be21c3e,"diffie-hellman-group-exchange-sha1,diffie-hellman-group1-sha1,curve25519-sha256,curve25519-sha256@libssh.org,ecdh-sha2-nistp521,diffie-hellman-group14-sha256,ecdh-sha2-nistp384,diffie-hellman-group-exchange-sha256,ext-info-c,kex-strict-c-v00@openssh.com;aes128-cbc,aes192-ctr,aes256-ctr,chacha20-poly1305@openssh.com,3des-cbc,aes256-gcm@openssh.com;hmac-sha2-256-etm@openssh.com,hmac-sha2-512,hmac-sha1-96,hmac-sha2-256;none",diffie-hellman-group-exchange-sha1;diffie-hellman-group1-sha1;curve25519-sha256;curve25519-sha256@libssh.org;ecdh-sha2-nistp521;diffie-hellman-group14-sha256;ecdh-sha2-nistp384;diffie-hellman-group-exchange-sha256;ext-info-c;kex-strict-c-v00@openssh.com,rsa-sha2-256-cert-v01@openssh.com;rsa-sha2-512-cert-v01@openssh.com;ssh-rsa-cert-v01@openssh.com;ssh-dss-cert-v01@openssh.com;ecdsa-sha2-nistp256-cert-v01@openssh.com;ecdsa-sha2-nistp384-cert-v01@openssh.com;ecdsa-sha2-nistp521-cert-v01@openssh.com;ssh-ed25519-cert-v01@openssh.com;ecdsa-sha2-nistp256;ecdsa-sha2-nistp384;ecdsa-sha2-nistp521;rsa-sha2-256;rsa-sha2-512;ssh-rsa;ssh-dss;ssh-ed25519,aes128-cbc;aes192-ctr;aes256-ctr;chacha20-poly1305@openssh.com;3des-cbc;aes256-gcm@openssh.com,hmac-sha2-256-etm@openssh.com;hmac-sha2-512;hmac-sha1-96;hmac-sha2-256,none,,SSH-2.0-Go,1
bbe1ae79c97cad5127f32937290a8529,"diffie-hellman-group14-sha256,ecdh-sha2-nistp384,diffie-hellman-group-exchange-sha1,ecdh-sha2-nistp521,diffie-hellman-group14-sha1,curve25519-sha256,curve25519-sha256@libssh.org,diffie-hellman-group1-sha1,ext-info-c,kex-strict-c-v00@openssh.com;aes256-ctr,arcfour256,aes192-ctr,aes128-gcm@openssh.com,aes128-ctr,aes128-cbc,arcfour128,aes256-gcm@openssh.com;hmac-sha1,hmac-sha2-512,hmac-sha1-96,hmac-sha2-256-etm@openssh.com,hmac-sha2-256;none",diffie-hellman-group14-sha256;ecdh-sha2-nistp384;diffie-hellman-group-exchange-sha1;ecdh-sha2-nistp521;diffie-hellman-group14-sha1;curve25519-sha256;curve25519-sha256@libssh.org;diffie-hellman-group1-sha1;ext-info-c;kex-strict-c-v00@openssh.com,rsa-sha2-256-cert-v01@openssh.com;rsa-sha2-512-cert-v01@openssh.com;ssh-rsa-cert-v01@openssh.com;ssh-dss-cert-v01@openssh.com;ecdsa-sha2-nistp256-cert-v01@openssh.com;ecdsa-sha2-nistp384-cert-v01@openssh.com;ecdsa-sha2-nistp521-cert-v01@openssh.com;ssh-ed25519-cert-v01@openssh.com;ecdsa-sha2-nistp256;ecdsa-sha2-nistp384;ecdsa-sha2-nistp521;rsa-sha2-256;rsa-sha2-512;ssh-rsa;ssh-dss;ssh-ed25519,aes256-ctr;arcfour256;aes192-ctr;aes128-gcm@openssh.com;aes128-ctr;aes128-cbc;arcfour128;aes256-gcm@openssh.com,hmac-sha1;hmac-sha2-512;hmac-sha1-96;hmac-sha2-256-etm@openssh.com;hmac-sha2-256,none,,SSH-2.0-Go,1
75518b03592b14791ea7dc13928f8058,"diffie-hellman-group-exchange-sha1,diffie-hellman-group14-sha256,curve25519-sha256,curve25519-sha256@libssh.org,diffie-hellman-group14-sha1,ecdh-sha2-nistp256,diffie-hellman-group1-sha1,ecdh-sha2-nistp521,ext-info-c,kex-strict-c-v00@openssh.com;aes128-ctr,aes128-cbc,aes256-ctr,arcfour128,3des-cbc,chacha20-poly1305@openssh.com;hmac-sha2-256,hmac-sha2-512,hmac-sha1,hmac-sha2-256-etm@openssh.com,hmac-sha2-512-etm@openssh.com,hmac-sha1-96;none",diffie-hellman-group-exchange-sha1;diffie-hellman-group14-sha256;curve25519-sha256;curve25519-sha256@libssh.org;diffie-hellman-group14-sha1;ecdh-sha2-nistp256;diffie-hellman-group1-sha1;ecdh-sha2-nistp521;ext-info-c;kex-strict-c-v00@openssh.com,rsa-sha2-256-cert-v01@openssh.com;rsa-sha2-512-cert-v01@openssh.com;ssh-rsa-cert-v01@openssh.com;ssh-dss-cert-v01@openssh.com;ecdsa-sha2-nistp256-cert-v01@openssh.com;ecdsa-sha2-nistp384-cert-v01@openssh.com;ecdsa-sha2-nistp521-cert-v01@openssh.com;ssh-ed25519-cert-v01@openssh.com;ecdsa-sha2-nistp256;ecdsa-sha2-nistp384;ecdsa-sha2-nistp521;rsa-sha2-256;rsa-sha2-512;ssh-rsa;ssh-dss;ssh-ed25519,aes128-ctr;aes128-cbc;aes256-ctr;arcfour128;3des-cbc;chacha20-poly1305@openssh.com,hmac-sha2-256;hmac-sha2-512;hmac-sha1;hmac-sha2-256-etm@openssh.com;hmac-sha2-512-etm@openssh.com;hmac-sha1-96,none,,SSH-2.0-Go,1
5f79a445af71a723492123bca2beb06c,"diffie-hellman-group1-sha1,ecdh-sha2-nistp256,ecdh-sha2-nistp521,curve25519-sha256@libssh.org,diffie-hellman-group-exchange-sha1,ext-info-c,kex-strict-c-v00@openssh.com;aes192-ctr,arcfour256,aes128-cbc,aes256-ctr;hmac-sha2-256,hmac-sha2-512,hmac-sha1-96;none",diffie-hellman-group1-sha1;ecdh-sha2-nistp256;ecdh-sha2-nistp521;curve25519-sha256@libssh.org;diffie-hellman-group-exchange-sha1;ext-info-c;kex-strict-c-v00@openssh.com,rsa-sha2-256-cert-v01@openssh.com;rsa-sha2-512-cert-v01@openssh.com;ssh-rsa-cert-v01@openssh.com;ssh-dss-cert-v01@openssh.com;ecdsa-sha2-nistp256-cert-v01@openssh.com;ecdsa-sha2-nistp384-cert-v01@openssh.com;ecdsa-sha2-nistp521-cert-v01@openssh.com;ssh-ed25519-cert-v01@openssh.com;ecdsa-sha2-nistp256;ecdsa-sha2-nistp384;ecdsa-sha2-nistp521;rsa-sha2-256;rsa-sha2-512;ssh-rsa;ssh-dss;ssh-ed25519,aes192-ctr;arcfour256;aes128-cbc;aes256-ctr,hmac-sha2-256;hmac-sha2-512;hmac-sha1-96,none,,SSH-2.0-Go,1
2eb5ac5bf3c06a67ae014a0aa4e01773,"diffie-hellman-group-exchange-sha256,curve25519-sha256,curve25519-sha256@libssh.org,ecdh-sha2-nistp384,diffie-hellman-group14-sha256,ext-info-c,kex-strict-c-v00@openssh.com;arcfour128,aes128-cbc,chacha20-poly1305@openssh.com,3des-cbc,aes256-gcm@openssh.com,aes128-gcm@openssh.com,aes192-ctr;hmac-sha1-96,hmac-sha2-512-etm@openssh.com,hmac-sha2-256,hmac-sha2-512,hmac-sha1,hmac-sha2-256-etm@openssh.com;none",diffie-hellman-group-exchange-sha256;curve25519-sha256;curve25519-sha256@libssh.org;ecdh-sha2-nistp384;diffie-hellman-group14-sha256;ext-info-c;kex-strict-c-v00@openssh.com,rsa-sha2-256-cert-v01@openssh.com;rsa-sha2-512-cert-v01@openssh.com;ssh-rsa-cert-v01@openssh.com;ssh-dss-cert-v01@openssh.com;ecdsa-sha2-nistp256-cert-v01@openssh.com;ecdsa-sha2-nistp384-cert-v01@openssh.com;ecdsa-sha2-nistp521-cert-v01@openssh.com;ssh-ed25519-cert-v01@openssh.com;ecdsa-sha2-nistp256;ecdsa-sha2-nistp384;ecdsa-sha2-nistp521;rsa-sha2-256;rsa-sha2-512;ssh-rsa;ssh-dss;ssh-ed25519,arcfour128;aes128-cbc;chacha20-poly1305@openssh.com;3des-cbc;aes256-gcm@openssh.com;aes128-gcm@openssh.com;aes192-ctr,hmac-sha1-96;hmac-sha2-512-etm@openssh.com;hmac-sha2-256;hmac-sha2-512;hmac-sha1;hmac-sha2-256-etm@openssh.com,none,,SSH-2.0-Go,1
e7d99e458a0d83d2996c3da21be78919,"diffie-hellman-group14-sha1,diffie-hellman-group-exchange-sha1,diffie-hellman-group-exchange-sha256,diffie-hellman-group14-sha256,curve25519-sha256,curve25519-sha256@libssh.org,ecdh-sha2-nistp256,ecdh-sha2-nistp521,ext-info-c,kex-strict-c-v00@openssh.com;aes256-gcm@openssh.com,aes128-gcm@openssh.com,chacha20-poly1305@openssh.com,aes192-ctr,arcfour128,aes128-ctr;hmac-sha2-512-etm@openssh.com,hmac-sha2-256-etm@openssh.com,hmac-sha1,hmac-sha2-512,hmac-sha1-96;none",diffie-hellman-group14-sha1;diffie-hellman-group-exchange-sha1;diffie-hellman-group-exchange-sha256;diffie-hellman-group14-sha256;curve25519-sha256;curve25519-sha256@libssh.org;ecdh-sha2-nistp256;ecdh-sha2-nistp521;ext-info-c;kex-strict-c-v00@openssh.com,rsa-sha2-256-cert-v01@openssh.com;rsa-sha2-512-cert-v01@openssh.com;ssh-rsa-cert-v01@openssh.com;ssh-dss-cert-v01@openssh.com;ecdsa-sha2-nistp256-cert-v01@openssh.com;ecdsa-sha2-nistp384-cert-v01@openssh.com;ecdsa-sha2-nistp521-cert-v01@openssh.com;ssh-ed25519-cert-v01@openssh.com;ecdsa-sha2-nistp256;ecdsa-sha2-nistp384;ecdsa-sha2-nistp521;rsa-sha2-256;rsa-sha2-512;ssh-rsa;ssh-dss;ssh-ed25519,aes256-gcm@openssh.com;aes128-gcm@openssh.com;chacha20-poly1305@openssh.com;aes192-ctr;arcfour128;aes128-ctr,hmac-sha2-512-etm@openssh.com;hmac-sha2-256-etm@openssh.com;hmac-sha1;hmac-sha2-512;hmac-sha1-96,none,,SSH-2.0-Go,1
ed4a70abad2233a1444a8e47e87d36b1,"ecdh-sha2-nistp521,diffie-hellman-group14-sha1,curve25519-sha256,diffie-hellman-group14-sha256,diffie-hellman-group1-sha1,curve25519-sha256@libssh.org,diffie-hellman-group-exchange-sha256,ext-info-c,kex-strict-c-v00@openssh.com;aes128-cbc,aes256-gcm@openssh.com,arcfour128,3des-cbc,arcfour256;hmac-sha2-256,hmac-sha1-96,hmac-sha2-512-etm@openssh.com;none",ecdh-sha2-nistp521;diffie-hellman-group14-sha1;curve25519-sha256;diffie-hellman-group14-sha256;diffie-hellman-group1-sha1;curve25519-sha256@libssh.org;diffie-hellman-group-exchange-sha256;ext-info-c;kex-strict-c-v00@openssh.com,rsa-sha2-256-cert-v01@openssh.com;rsa-sha2-512-cert-v01@openssh.com;ssh-rsa-cert-v01@openssh.com;ssh-dss-cert-v01@openssh.com;ecdsa-sha2-nistp256-cert-v01@openssh.com;ecdsa-sha2-nistp384-cert-v01@openssh.com;ecdsa-sha2-nistp521-cert-v01@openssh.com;ssh-ed25519-cert-v01@openssh.com;ecdsa-sha2-nistp256;ecdsa-sha2-nistp384;ecdsa-sha2-nistp521;rsa-sha2-256;rsa-sha2-512;ssh-rsa;ssh-dss;ssh-ed25519,aes128-cbc;aes256-gcm@openssh.com;arcfour128;3des-cbc;arcfour256,hmac-sha2-256;hmac-sha1-96;hmac-sha2-512-etm@openssh.com,none,,SSH-2.0-Go,1
237f8329c2c441c73189750939cfb3d0,"diffie-hellman-group14-sha256,diffie-hellman-group-exchange-sha256,diffie-hellman-group1-sha1,ecdh-sha2-nistp256,ecdh-sha2-nistp521,ecdh-sha2-nistp384,diffie-hellman-group-exchange-sha1,ext-info-c,kex-strict-c-v00@openssh.com;arcfour128,aes192-ctr,aes256-gcm@openssh.com,aes128-gcm@openssh.com,3des-cbc,arcfour256;hmac-sha2-256,hmac-sha2-256-etm@openssh.com,hmac-sha2-512,hmac-sha1;none",diffie-hellman-group14-sha256;diffie-hellman-group-exchange-sha256;diffie-hellman-group1-sha1;ecdh-sha2-nistp256;ecdh-sha2-nistp521;ecdh-sha2-nistp384;diffie-hellman-group-exchange-sha1;ext-info-c;kex-strict-c-v00@openssh.com,rsa-sha2-256-cert-v01@openssh.com;rsa-sha2-512-cert-v01@openssh.com;ssh-rsa-cert-v01@openssh.com;ssh-dss-cert-v01@openssh.com;ecdsa-sha2-nistp256-cert-v01@openssh.com;ecdsa-sha2-nistp384-cert-v01@openssh.com;ecdsa-sha2-nistp521-cert-v01@openssh.com;ssh-ed25519-cert-v01@openssh.com;ecdsa-sha2-nistp256;ecdsa-sha2-nistp384;ecdsa-sha2-nistp521;rsa-sha2-256;rsa-sha2-512;ssh-rsa;ssh-dss;ssh-ed25519,arcfour128;aes192-ctr;aes256-gcm@openssh.com;aes128-gcm@openssh.com;3des-cbc;arcfour256,hmac-sha2-256;hmac-sha2-256-etm@openssh.com;hmac-sha2-512;hmac-sha1,none,,SSH-2.0-Go,1
a20b137dd31c054fed4233b11a713605,"diffie-hellman-group1-sha1,curve25519-sha256,diffie-hellman-group-exchange-sha1,ecdh-sha2-nistp521,curve25519-sha256@libssh.org,ext-info-c,kex-strict-c-v00@openssh.com;chacha20-poly1305@openssh.com,aes128-cbc,aes128-ctr,aes256-ctr;hmac-sha2-512-etm@openssh.com,hmac-sha2-256,hmac-sha1,hmac-sha1-96,hmac-sha2-512;none",diffie-hellman-group1-sha1;curve25519-sha256;diffie-hellman-group-exchange-sha1;ecdh-sha2-nistp521;curve25519-sha256@libssh.org;ext-info-c;kex-strict-c-v00@openssh.com,rsa-sha2-256-cert-v01@openssh.com;rsa-sha2-512-cert-v01@openssh.com;ssh-rsa-cert-v01@openssh.com;ssh-dss-cert-v01@openssh.com;ecdsa-sha2-nistp256-cert-v01@openssh.com;ecdsa-sha2-nistp384-cert-v01@openssh.com;ecdsa-sha2-nistp521-cert-v01@openssh.com;ssh-ed25519-cert-v01@openssh.com;ecdsa-sha2-nistp256;ecdsa-sha2-nistp384;ecdsa-sha2-nistp521;rsa-sha2-256;rsa-sha2-512;ssh-rsa;ssh-dss;ssh-ed25519,chacha20-poly1305@openssh.com;aes128-cbc;aes128-ctr;aes256-ctr,hmac-sha2-512-etm@openssh.com;hmac-sha2-256;hmac-sha1;hmac-sha1-96;hmac-sha2-512,none,,SSH-2.0-Go,1
a972e711bd80f63bd9d75cdac2a05840,"ecdh-sha2-nistp521,ecdh-sha2-nistp256,diffie-hellman-group1-sha1,diffie-hellman-group14-sha256,curve25519-sha256@libssh.org,ecdh-sha2-nistp384,ext-info-c,kex-strict-c-v00@openssh.com;aes128-gcm@openssh.com,arcfour256,aes192-ctr,arcfour128,chacha20-poly1305@openssh.com,aes256-gcm@openssh.com;hmac-sha1,hmac-sha2-256,hmac-sha2-256-etm@openssh.com,hmac-sha2-512;none",ecdh-sha2-nistp521;ecdh-sha2-nistp256;diffie-hellman-group1-sha1;diffie-hellman-group14-sha256;curve25519-sha256@libssh.org;ecdh-sha2-nistp384;ext-info-c;kex-strict-c-v00@openssh.com,rsa-sha2-256-cert-v01@openssh.com;rsa-sha2-512-cert-v01@openssh.com;ssh-rsa-cert-v01@openssh.com;ssh-dss-cert-v01@openssh.com;ecdsa-sha2-nistp256-cert-v01@openssh.com;ecdsa-sha2-nistp384-cert-v01@openssh.com;ecdsa-sha2-nistp521-cert-v01@openssh.com;ssh-ed25519-cert-v01@openssh.com;ecdsa-sha2-nistp256;ecdsa-sha2-nistp384;ecdsa-sha2-nistp521;rsa-sha2-256;rsa-sha2-512;ssh-rsa;ssh-dss;ssh-ed25519,aes128-gcm@openssh.com;arcfour256;aes192-ctr;arcfour128;chacha20-poly1305@openssh.com;aes256-gcm@openssh.com,hmac-sha1;hmac-sha2-256;hmac-sha2-256-etm@openssh.com;hmac-sha2-512,none,,SSH-2.0-Go,1
e9fb828744a9d8d4fe031e8b86521023,"diffie-hellman-group1-sha1,curve25519-sha256,curve25519-sha256@libssh.org,ecdh-sha2-nistp384,diffie-hellman-group14-sha256,diffie-hellman-group-exchange-sha256,ext-info-c,kex-strict-c-v00@openssh.com;aes128-ctr,arcfour256,aes256-ctr,3des-cbc,aes128-cbc,chacha20-poly1305@openssh.com;hmac-sha2-256,hmac-sha2-256-etm@openssh.com,hmac-sha1-96,hmac-sha2-512-etm@openssh.com,hmac-sha2-512;none",diffie-hellman-group1-sha1;curve25519-sha256;curve25519-sha256@libssh.org;ecdh-sha2-nistp384;diffie-hellman-group14-sha256;diffie-hellman-group-exchange-sha256;ext-info-c;kex-strict-c-v00@openssh.com,rsa-sha2-256-cert-v01@openssh.com;rsa-sha2-512-cert-v01@openssh.com;ssh-rsa-cert-v01@openssh.com;ssh-dss-cert-v01@openssh.com;ecdsa-sha2-nistp256-cert-v01@openssh.com;ecdsa-sha2-nistp384-cert-v01@openssh.com;ecdsa-sha2-nistp521-cert-v01@openssh.com;ssh-ed25519-cert-v01@openssh.com;ecdsa-sha2-nistp256;ecdsa-sha2-nistp384;ecdsa-sha2-nistp521;rsa-sha2-256;rsa-sha2-512;ssh-rsa;ssh-dss;ssh-ed25519,aes128-ctr;arcfour256;aes256-ctr;3des-cbc;aes128-cbc;chacha20-poly1305@openssh.com,hmac-sha2-256;hmac-sha2-256-etm@openssh.com;hmac-sha1-96;hmac-sha2-512-etm@openssh.com;hmac-sha2-512,none,,SSH-2.0-Go,1
bb86bbd57d7ab3c30736245540c79150,"diffie-hellman-group-exchange-sha256,curve25519-sha256@libssh.org,diffie-hellman-group-exchange-sha1,diffie-hellman-group14-sha1,diffie-hellman-group1-sha1,curve25519-sha256,ext-info-c,kex-strict-c-v00@openssh.com;chacha20-poly1305@openssh.com,aes128-gcm@openssh.com,aes128-cbc,arcfour128,3des-cbc,aes256-gcm@openssh.com;hmac-sha2-512,hmac-sha2-256-etm@openssh.com;none",diffie-hellman-group-exchange-sha256;curve25519-sha256@libssh.org;diffie-hellman-group-exchange-sha1;diffie-hellman-group14-sha1;diffie-hellman-group1-sha1;curve25519-sha256;ext-info-c;kex-strict-c-v00@openssh.com,rsa-sha2-256-cert-v01@openssh.com;rsa-sha2-512-cert-v01@openssh.com;ssh-rsa-cert-v01@openssh.com;ssh-dss-cert-v01@openssh.com;ecdsa-sha2-nistp256-cert-v01@openssh.com;ecdsa-sha2-nistp384-cert-v01@openssh.com;ecdsa-sha2-nistp521-cert-v01@openssh.com;ssh-ed25519-cert-v01@openssh.com;ecdsa-sha2-nistp256;ecdsa-sha2-nistp384;ecdsa-sha2-nistp521;rsa-sha2-256;rsa-sha2-512;ssh-rsa;ssh-dss;ssh-ed25519,chacha20-poly1305@openssh.com;aes128-gcm@openssh.com;aes128-cbc;arcfour128;3des-cbc;aes256-gcm@openssh.com,hmac-sha2-512;hmac-sha2-256-etm@openssh.com,none,,SSH-2.0-Go,1
e623c769209263102283c7181227e14c,"diffie-hellman-group-exchange-sha1,ecdh-sha2-nistp384,curve25519-sha256@libssh.org,ecdh-sha2-nistp521,diffie-hellman-group14-sha256,ext-info-c,kex-strict-c-v00@openssh.com;aes128-cbc,chacha20-poly1305@openssh.com,arcfour256,aes128-gcm@openssh.com,aes256-ctr;hmac-sha1,hmac-sha2-256,hmac-sha2-512-etm@openssh.com,hmac-sha2-512;none",diffie-hellman-group-exchange-sha1;ecdh-sha2-nistp384;curve25519-sha256@libssh.org;ecdh-sha2-nistp521;diffie-hellman-group14-sha256;ext-info-c;kex-strict-c-v00@openssh.com,rsa-sha2-256-cert-v01@openssh.com;rsa-sha2-512-cert-v01@openssh.com;ssh-rsa-cert-v01@openssh.com;ssh-dss-cert-v01@openssh.com;ecdsa-sha2-nistp256-cert-v01@openssh.com;ecdsa-sha2-nistp384-cert-v01@openssh.com;ecdsa-sha2-nistp521-cert-v01@openssh.com;ssh-ed25519-cert-v01@openssh.com;ecdsa-sha2-nistp256;ecdsa-sha2-nistp384;ecdsa-sha2-nistp521;rsa-sha2-256;rsa-sha2-512;ssh-rsa;ssh-dss;ssh-ed25519,aes128-cbc;chacha20-poly1305@openssh.com;arcfour256;aes128-gcm@openssh.com;aes256-ctr,hmac-sha1;hmac-sha2-256;hmac-sha2-512-etm@openssh.com;hmac-sha2-512,none,,SSH-2.0-Go,1
132d1e3cc587cca812a54c506f9de97d,"diffie-hellman-group14-sha256,diffie-hellman-group-exchange-sha1,diffie-hellman-group1-sha1,diffie-hellman-group-exchange-sha256,curve25519-sha256@libssh.org,ext-info-c,kex-strict-c-v00@openssh.com;arcfour256,aes256-ctr,aes128-cbc,3des-cbc,aes128-gcm@openssh.com;hmac-sha2-256-etm@openssh.com,hmac-sha2-512-etm@openssh.com,hmac-sha2-256;none",diffie-hellman-group14-sha256;diffie-hellman-group-exchange-sha1;diffie-hellman-group1-sha1;diffie-hellman-group-exchange-sha256;curve25519-sha256@libssh.org;ext-info-c;kex-strict-c-v00@openssh.com,rsa-sha2-256-cert-v01@openssh.com;rsa-sha2-512-cert-v01@openssh.com;ssh-rsa-cert-v01@openssh.com;ssh-dss-cert-v01@openssh.com;ecdsa-sha2-nistp256-cert-v01@openssh.com;ecdsa-sha2-nistp384-cert-v01@openssh.com;ecdsa-sha2-nistp521-cert-v01@openssh.com;ssh-ed25519-cert-v01@openssh.com;ecdsa-sha2-nistp256;ecdsa-sha2-nistp384;ecdsa-sha2-nistp521;rsa-sha2-256;rsa-sha2-512;ssh-rsa;ssh-dss;ssh-ed25519,arcfour256;aes256-ctr;aes128-cbc;3des-cbc;aes128-gcm@openssh.com,hmac-sha2-256-etm@openssh.com;hmac-sha2-512-etm@openssh.com;hmac-sha2-256,none,,SSH-2.0-Go,1
1cd5fbe23e5973f442229a97bf4b7ce7,"curve25519-sha256,curve25519-sha256@libssh.org,ecdh-sha2-nistp256,diffie-hellman-group1-sha1,ecdh-sha2-nistp384,diffie-hellman-group-exchange-sha256,ecdh-sha2-nistp521,diffie-hellman-group14-sha256,ext-info-c,kex-strict-c-v00@openssh.com;arcfour256,aes128-cbc,arcfour128,aes256-ctr,chacha20-poly1305@openssh.com,3des-cbc;hmac-sha1,hmac-sha1-96,hmac-sha2-512-etm@openssh.com,hmac-sha2-256,hmac-sha2-256-etm@openssh.com;none",curve25519-sha256;curve25519-sha256@libssh.org;ecdh-sha2-nistp256;diffie-hellman-group1-sha1;ecdh-sha2-nistp384;diffie-hellman-group-exchange-sha256;ecdh-sha2-nistp521;diffie-hellman-group14-sha256;ext-info-c;kex-strict-c-v00@openssh.com,rsa-sha2-256-cert-v01@openssh.com;rsa-sha2-512-cert-v01@openssh.com;ssh-rsa-cert-v01@openssh.com;ssh-dss-cert-v01@openssh.com;ecdsa-sha2-nistp256-cert-v01@openssh.com;ecdsa-sha2-nistp384-cert-v01@openssh.com;ecdsa-sha2-nistp521-cert-v01@openssh.com;ssh-ed25519-cert-v01@openssh.com;ecdsa-sha2-nistp256;ecdsa-sha2-nistp384;ecdsa-sha2-nistp521;rsa-sha2-256;rsa-sha2-512;ssh-rsa;ssh-dss;ssh-ed25519,arcfour256;aes128-cbc;arcfour128;aes256-ctr;chacha20-poly1305@openssh.com;3des-cbc,hmac-sha1;hmac-sha1-96;hmac-sha2-512-etm@openssh.com;hmac-sha2-256;hmac-sha2-256-etm@openssh.com,none,,SSH-2.0-Go,1
ebd116f1373290148b0b22f7157c0166,"diffie-hellman-group-exchange-sha256,curve25519-sha256,curve25519-sha256@libssh.org,diffie-hellman-group14-sha1,ecdh-sha2-nistp256,ecdh-sha2-nistp521,diffie-hellman-group1-sha1,ext-info-c,kex-strict-c-v00@openssh.com;chacha20-poly1305@openssh.com,3des-cbc,arcfour256,aes192-ctr,aes128-gcm@openssh.com,aes256-ctr;hmac-sha1-96,hmac-sha2-256-etm@openssh.com,hmac-sha2-512-etm@openssh.com,hmac-sha1,hmac-sha2-256;none",diffie-hellman-group-exchange-sha256;curve25519-sha256;curve25519-sha256@libssh.org;diffie-hellman-group14-sha1;ecdh-sha2-nistp256;ecdh-sha2-nistp521;diffie-hellman-group1-sha1;ext-info-c;kex-strict-c-v00@openssh.com,rsa-sha2-256-cert-v01@openssh.com;rsa-sha2-512-cert-v01@openssh.com;ssh-rsa-cert-v01@openssh.com;ssh-dss-cert-v01@openssh.com;ecdsa-sha2-nistp256-cert-v01@openssh.com;ecdsa-sha2-nistp384-cert-v01@openssh.com;ecdsa-sha2-nistp521-cert-v01@openssh.com;ssh-ed25519-cert-v01@openssh.com;ecdsa-sha2-nistp256;ecdsa-sha2-nistp384;ecdsa-sha2-nistp521;rsa-sha2-256;rsa-sha2-512;ssh-rsa;ssh-dss;ssh-ed25519,chacha20-poly1305@openssh.com;3des-cbc;arcfour256;aes192-ctr;aes128-gcm@openssh.com;aes256-ctr,hmac-sha1-96;hmac-sha2-256-etm@openssh.com;hmac-sha2-512-etm@openssh.com;hmac-sha1;hmac-sha2-256,none,,SSH-2.0-Go,1
14c2eb7f8b3e93813a4cfef0f8502696,"diffie-hellman-group1-sha1,diffie-hellman-group-exchange-sha1,diffie-hellman-group14-sha256,curve25519-sha256,ecdh-sha2-nistp521,curve25519-sha256@libssh.org,ext-info-c,kex-strict-c-v00@openssh.com;aes128-cbc,aes256-gcm@openssh.com,arcfour256,3des-cbc,aes192-ctr,aes256-ctr,aes128-ctr;hmac-sha2-256,hmac-sha1,hmac-sha1-96;none",diffie-hellman-group1-sha1;diffie-hellman-group-exchange-sha1;diffie-hellman-group14-sha256;curve25519-sha256;ecdh-sha2-nistp521;curve25519-sha256@libssh.org;ext-info-c;kex-strict-c-v00@openssh.com,rsa-sha2-256-cert-v01@openssh.com;rsa-sha2-512-cert-v01@openssh.com;ssh-rsa-cert-v01@openssh.com;ssh-dss-cert-v01@openssh.com;ecdsa-sha2-nistp256-cert-v01@openssh.com;ecdsa-sha2-nistp384-cert-v01@openssh.com;ecdsa-sha2-nistp521-cert-v01@openssh.com;ssh-ed25519-cert-v01@openssh.com;ecdsa-sha2-nistp256;ecdsa-sha2-nistp384;ecdsa-sha2-nistp521;rsa-sha2-256;rsa-sha2-512;ssh-rsa;ssh-dss;ssh-ed25519,aes128-cbc;aes256-gcm@openssh.com;arcfour256;3des-cbc;aes192-ctr;aes256-ctr;aes128-ctr,hmac-sha2-256;hmac-sha1;hmac-sha1-96,none,,SSH-2.0-Go,1
f00ec52b6f50a5442099ae207351f231,"diffie-hellman-group14-sha1,ecdh-sha2-nistp384,curve25519-sha256@libssh.org,diffie-hellman-group14-sha256,ecdh-sha2-nistp256,curve25519-sha256,diffie-hellman-group1-sha1,ext-info-c,kex-strict-c-v00@openssh.com;arcfour256,aes128-ctr,aes128-cbc,chacha20-poly1305@openssh.com,3des-cbc,arcfour128;hmac-sha2-512,hmac-sha2-512-etm@openssh.com,hmac-sha2-256-etm@openssh.com,hmac-sha1-96;none",diffie-hellman-group14-sha1;ecdh-sha2-nistp384;curve25519-sha256@libssh.org;diffie-hellman-group14-sha256;ecdh-sha2-nistp256;curve25519-sha256;diffie-hellman-group1-sha1;ext-info-c;kex-strict-c-v00@openssh.com,rsa-sha2-256-cert-v01@openssh.com;rsa-sha2-512-cert-v01@openssh.com;ssh-rsa-cert-v01@openssh.com;ssh-dss-cert-v01@openssh.com;ecdsa-sha2-nistp256-cert-v01@openssh.com;ecdsa-sha2-nistp384-cert-v01@openssh.com;ecdsa-sha2-nistp521-cert-v01@openssh.com;ssh-ed25519-cert-v01@openssh.com;ecdsa-sha2-nistp256;ecdsa-sha2-nistp384;ecdsa-sha2-nistp521;rsa-sha2-256;rsa-sha2-512;ssh-rsa;ssh-dss;ssh-ed25519,arcfour256;aes128-ctr;aes128-cbc;chacha20-poly1305@openssh.com;3des-cbc;arcfour128,hmac-sha2-512;hmac-sha2-512-etm@openssh.com;hmac-sha2-256-etm@openssh.com;hmac-sha1-96,none,,SSH-2.0-Go,1
c288566e3573ad22475a92eef40c2774,"curve25519-sha256@libssh.org,diffie-hellman-group14-sha256,ecdh-sha2-nistp384,diffie-hellman-group-exchange-sha256,diffie-hellman-group-exchange-sha1,diffie-hellman-group1-sha1,ecdh-sha2-nistp256,ext-info-c,kex-strict-c-v00@openssh.com;aes256-ctr,arcfour128,3des-cbc,aes128-gcm@openssh.com,aes192-ctr,aes128-ctr,arcfour256,aes128-cbc;hmac-sha2-256-etm@openssh.com,hmac-sha2-256,hmac-sha2-512-etm@openssh.com,hmac-sha1-96,hmac-sha1;none",curve25519-sha256@libssh.org;diffie-hellman-group14-sha256;ecdh-sha2-nistp384;diffie-hellman-group-exchange-sha256;diffie-hellman-group-exchange-sha1;diffie-hellman-group1-sha1;ecdh-sha2-nistp256;ext-info-c;kex-strict-c-v00@openssh.com,rsa-sha2-256-cert-v01@openssh.com;rsa-sha2-512-cert-v01@openssh.com;ssh-rsa-cert-v01@openssh.com;ssh-dss-cert-v01@openssh.com;ecdsa-sha2-nistp256-cert-v01@openssh.com;ecdsa-sha2-nistp384-cert-v01@openssh.com;ecdsa-sha2-nistp521-cert-v01@openssh.com;ssh-ed25519-cert-v01@openssh.com;ecdsa-sha2-nistp256;ecdsa-sha2-nistp384;ecdsa-sha2-nistp521;rsa-sha2-256;rsa-sha2-512;ssh-rsa;ssh-dss;ssh-ed25519,aes256-ctr;arcfour128;3des-cbc;aes128-gcm@openssh.com;aes192-ctr;aes128-ctr;arcfour256;aes128-cbc,hmac-sha2-256-etm@openssh.com;hmac-sha2-256;hmac-sha2-512-etm@openssh.com;hmac-sha1-96;hmac-sha1,none,,SSH-2.0-Go,1
d15aa8f1d28187a3f03e72cdd202a74b,"diffie-hellman-group-exchange-sha1,ecdh-sha2-nistp256,curve25519-sha256@libssh.org,curve25519-sha256,diffie-hellman-group-exchange-sha256,ecdh-sha2-nistp384,ecdh-sha2-nistp521,ext-info-c,kex-strict-c-v00@openssh.com;aes192-ctr,arcfour128;hmac-sha1-96,hmac-sha2-256-etm@openssh.com,hmac-sha1,hmac-sha2-512-etm@openssh.com,hmac-sha2-512;none",diffie-hellman-group-exchange-sha1;ecdh-sha2-nistp256;curve25519-sha256@libssh.org;curve25519-sha256;diffie-hellman-group-exchange-sha256;ecdh-sha2-nistp384;ecdh-sha2-nistp521;ext-info-c;kex-strict-c-v00@openssh.com,rsa-sha2-256-cert-v01@openssh.com;rsa-sha2-512-cert-v01@openssh.com;ssh-rsa-cert-v01@openssh.com;ssh-dss-cert-v01@openssh.com;ecdsa-sha2-nistp256-cert-v01@openssh.com;ecdsa-sha2-nistp384-cert-v01@openssh.com;ecdsa-sha2-nistp521-cert-v01@openssh.com;ssh-ed25519-cert-v01@openssh.com;ecdsa-sha2-nistp256;ecdsa-sha2-nistp384;ecdsa-sha2-nistp521;rsa-sha2-256;rsa-sha2-512;ssh-rsa;ssh-dss;ssh-ed25519,aes192-ctr;arcfour128,hmac-sha1-96;hmac-sha2-256-etm@openssh.com;hmac-sha1;hmac-sha2-512-etm@openssh.com;hmac-sha2-512,none,,SSH-2.0-Go,1
994c8af0544043a4d67e0eba51572d9f,"diffie-hellman-group14-sha1,curve25519-sha256@libssh.org,diffie-hellman-group1-sha1,curve25519-sha256,diffie-hellman-group14-sha256,ecdh-sha2-nistp256,ext-info-c,kex-strict-c-v00@openssh.com;aes128-ctr,aes128-gcm@openssh.com,aes128-cbc,chacha20-poly1305@openssh.com,aes256-ctr,3des-cbc,aes256-gcm@openssh.com;hmac-sha1,hmac-sha2-256-etm@openssh.com,hmac-sha2-512-etm@openssh.com,hmac-sha1-96,hmac-sha2-256;none",diffie-hellman-group14-sha1;curve25519-sha256@libssh.org;diffie-hellman-group1-sha1;curve25519-sha256;diffie-hellman-group14-sha256;ecdh-sha2-nistp256;ext-info-c;kex-strict-c-v00@openssh.com,rsa-sha2-256-cert-v01@openssh.com;rsa-sha2-512-cert-v01@openssh.com;ssh-rsa-cert-v01@openssh.com;ssh-dss-cert-v01@openssh.com;ecdsa-sha2-nistp256-cert-v01@openssh.com;ecdsa-sha2-nistp384-cert-v01@openssh.com;ecdsa-sha2-nistp521-cert-v01@openssh.com;ssh-ed25519-cert-v01@openssh.com;ecdsa-sha2-nistp256;ecdsa-sha2-nistp384;ecdsa-sha2-nistp521;rsa-sha2-256;rsa-sha2-512;ssh-rsa;ssh-dss;ssh-ed25519,aes128-ctr;aes128-gcm@openssh.com;aes128-cbc;chacha20-poly1305@openssh.com;aes256-ctr;3des-cbc;aes256-gcm@openssh.com,hmac-sha1;hmac-sha2-256-etm@openssh.com;hmac-sha2-512-etm@openssh.com;hmac-sha1-96;hmac-sha2-256,none,,SSH-2.0-Go,1
7143a9cc5aa762c4ea1a4de08b00cf9e,"ecdh-sha2-nistp256,diffie-hellman-group14-sha1,ecdh-sha2-nistp384,diffie-hellman-group14-sha256,diffie-hellman-group-exchange-sha256,ecdh-sha2-nistp521,diffie-hellman-group-exchange-sha1,ext-info-c,kex-strict-c-v00@openssh.com;aes128-ctr,arcfour128,aes192-ctr,arcfour256,aes256-gcm@openssh.com,aes128-gcm@openssh.com;hmac-sha2-512-etm@openssh.com,hmac-sha2-256,hmac-sha2-512,hmac-sha1;none",ecdh-sha2-nistp256;diffie-hellman-group14-sha1;ecdh-sha2-nistp384;diffie-hellman-group14-sha256;diffie-hellman-group-exchange-sha256;ecdh-sha2-nistp521;diffie-hellman-group-exchange-sha1;ext-info-c;kex-strict-c-v00@openssh.com,rsa-sha2-256-cert-v01@openssh.com;rsa-sha2-512-cert-v01@openssh.com;ssh-rsa-cert-v01@openssh.com;ssh-dss-cert-v01@openssh.com;ecdsa-sha2-nistp256-cert-v01@openssh.com;ecdsa-sha2-nistp384-cert-v01@openssh.com;ecdsa-sha2-nistp521-cert-v01@openssh.com;ssh-ed25519-cert-v01@openssh.com;ecdsa-sha2-nistp256;ecdsa-sha2-nistp384;ecdsa-sha2-nistp521;rsa-sha2-256;rsa-sha2-512;ssh-rsa;ssh-dss;ssh-ed25519,aes128-ctr;arcfour128;aes192-ctr;arcfour256;aes256-gcm@openssh.com;aes128-gcm@openssh.com,hmac-sha2-512-etm@openssh.com;hmac-sha2-256;hmac-sha2-512;hmac-sha1,none,,SSH-2.0-Go,1
7efc00bb64faf59111822b694794f675,"ecdh-sha2-nistp521,ecdh-sha2-nistp256,diffie-hellman-group-exchange-sha1,diffie-hellman-group1-sha1,diffie-hellman-group-exchange-sha256,curve25519-sha256,curve25519-sha256@libssh.org,ext-info-c,kex-strict-c-v00@openssh.com;aes192-ctr,aes256-ctr,aes128-gcm@openssh.com,chacha20-poly1305@openssh.com,aes128-ctr,aes256-gcm@openssh.com,3des-cbc,arcfour128;hmac-sha2-512,hmac-sha2-256-etm@openssh.com,hmac-sha1-96,hmac-sha1,hmac-sha2-512-etm@openssh.com;none",ecdh-sha2-nistp521;ecdh-sha2-nistp256;diffie-hellman-group-exchange-sha1;diffie-hellman-group1-sha1;diffie-hellman-group-exchange-sha256;curve25519-sha256;curve25519-sha256@libssh.org;ext-info-c;kex-strict-c-v00@openssh.com,rsa-sha2-256-cert-v01@openssh.com;rsa-sha2-512-cert-v01@openssh.com;ssh-rsa-cert-v01@openssh.com;ssh-dss-cert-v01@openssh.com;ecdsa-sha2-nistp256-cert-v01@openssh.com;ecdsa-sha2-nistp384-cert-v01@openssh.com;ecdsa-sha2-nistp521-cert-v01@openssh.com;ssh-ed25519-cert-v01@openssh.com;ecdsa-sha2-nistp256;ecdsa-sha2-nistp384;ecdsa-sha2-nistp521;rsa-sha2-256;rsa-sha2-512;ssh-rsa;ssh-dss;ssh-ed25519,aes192-ctr;aes256-ctr;aes128-gcm@openssh.com;chacha20-poly1305@openssh.com;aes128-ctr;aes256-gcm@openssh.com;3des-cbc;arcfour128,hmac-sha2-512;hmac-sha2-256-etm@openssh.com;hmac-sha1-96;hmac-sha1;hmac-sha2-512-etm@openssh.com,none,,SSH-2.0-Go,1
80fe398075204e631d3d6d9504ad210a,"ecdh-sha2-nistp256,ecdh-sha2-nistp384,diffie-hellman-group-exchange-sha256,diffie-hellman-group1-sha1,curve25519-sha256@libssh.org,ext-info-c,kex-strict-c-v00@openssh.com;aes128-gcm@openssh.com,aes128-ctr,aes128-cbc,3des-cbc,aes192-ctr,chacha20-poly1305@openssh.com;hmac-sha2-256,hmac-sha2-512,hmac-sha1-96;none",ecdh-sha2-nistp256;ecdh-sha2-nistp384;diffie-hellman-group-exchange-sha256;diffie-hellman-group1-sha1;curve25519-sha256@libssh.org;ext-info-c;kex-strict-c-v00@openssh.com,rsa-sha2-256-cert-v01@openssh.com;rsa-sha2-512-cert-v01@openssh.com;ssh-rsa-cert-v01@openssh.com;ssh-dss-cert-v01@openssh.com;ecdsa-sha2-nistp256-cert-v01@openssh.com;ecdsa-sha2-nistp384-cert-v01@openssh.com;ecdsa-sha2-nistp521-cert-v01@openssh.com;ssh-ed25519-cert-v01@openssh.com;ecdsa-sha2-nistp256;ecdsa-sha2-nistp384;ecdsa-sha2-nistp521;rsa-sha2-256;rsa-sha2-512;ssh-rsa;ssh-dss;ssh-ed25519,aes128-gcm@openssh.com;aes128-ctr;aes128-cbc;3des-cbc;aes192-ctr;chacha20-poly1305@openssh.com,hmac-sha2-256;hmac-sha2-512;hmac-sha1-96,none,,SSH-2.0-Go,1
db77ae4d581bd58c386f771262e9fd03,"diffie-hellman-group1-sha1,ecdh-sha2-nistp521,curve25519-sha256,ecdh-sha2-nistp384,curve25519-sha256@libssh.org,ext-info-c,kex-strict-c-v00@openssh.com;aes128-cbc,aes256-gcm@openssh.com,chacha20-poly1305@openssh.com,aes128-ctr,aes192-ctr,3des-cbc,aes128-gcm@openssh.com;hmac-sha1-96,hmac-sha2-256,hmac-sha2-512,hmac-sha2-512-etm@openssh.com,hmac-sha2-256-etm@openssh.com,hmac-sha1;none",diffie-hellman-group1-sha1;ecdh-sha2-nistp521;curve25519-sha256;ecdh-sha2-nistp384;curve25519-sha256@libssh.org;ext-info-c;kex-strict-c-v00@openssh.com,rsa-sha2-256-cert-v01@openssh.com;rsa-sha2-512-cert-v01@openssh.com;ssh-rsa-cert-v01@openssh.com;ssh-dss-cert-v01@openssh.com;ecdsa-sha2-nistp256-cert-v01@openssh.com;ecdsa-sha2-nistp384-cert-v01@openssh.com;ecdsa-sha2-nistp521-cert-v01@openssh.com;ssh-ed25519-cert-v01@openssh.com;ecdsa-sha2-nistp256;ecdsa-sha2-nistp384;ecdsa-sha2-nistp521;rsa-sha2-256;rsa-sha2-512;ssh-rsa;ssh-dss;ssh-ed25519,aes128-cbc;aes256-gcm@openssh.com;chacha20-poly1305@openssh.com;aes128-ctr;aes192-ctr;3des-cbc;aes128-gcm@openssh.com,hmac-sha1-96;hmac-sha2-256;hmac-sha2-512;hmac-sha2-512-etm@openssh.com;hmac-sha2-256-etm@openssh.com;hmac-sha1,none,,SSH-2.0-Go,1
eb0d620e8849609538bc339fd25db3d9,"ecdh-sha2-nistp521,diffie-hellman-group1-sha1,diffie-hellman-group-exchange-sha1,curve25519-sha256@libssh.org,diffie-hellman-group14-sha256,ecdh-sha2-nistp384,diffie-hellman-group14-sha1,ext-info-c,kex-strict-c-v00@openssh.com;chacha20-poly1305@openssh.com,3des-cbc,aes128-ctr,arcfour256,aes128-cbc;hmac-sha2-256-etm@openssh.com,hmac-sha2-512-etm@openssh.com,hmac-sha2-256;none",ecdh-sha2-nistp521;diffie-hellman-group1-sha1;diffie-hellman-group-exchange-sha1;curve25519-sha256@libssh.org;diffie-hellman-group14-sha256;ecdh-sha2-nistp384;diffie-hellman-group14-sha1;ext-info-c;kex-strict-c-v00@openssh.com,rsa-sha2-256-cert-v01@openssh.com;rsa-sha2-512-cert-v01@openssh.com;ssh-rsa-cert-v01@openssh.com;ssh-dss-cert-v01@openssh.com;ecdsa-sha2-nistp256-cert-v01@openssh.com;ecdsa-sha2-nistp384-cert-v01@openssh.com;ecdsa-sha2-nistp521-cert-v01@openssh.com;ssh-ed25519-cert-v01@openssh.com;ecdsa-sha2-nistp256;ecdsa-sha2-nistp384;ecdsa-sha2-nistp521;rsa-sha2-256;rsa-sha2-512;ssh-rsa;ssh-dss;ssh-ed25519,chacha20-poly1305@openssh.com;3des-cbc;aes128-ctr;arcfour256;aes128-cbc,hmac-sha2-256-etm@openssh.com;hmac-sha2-512-etm@openssh.com;hmac-sha2-256,none,,SSH-2.0-Go,1
de06cd6ce435ef266afc16c17babc98e,"diffie-hellman-group14-sha256,diffie-hellman-group14-sha1,ecdh-sha2-nistp256,diffie-hellman-group-exchange-sha1,ecdh-sha2-nistp384,diffie-hellman-group1-sha1,ext-info-c,kex-strict-c-v00@openssh.com;chacha20-poly1305@openssh.com,3des-cbc,aes128-ctr,aes128-gcm@openssh.com,arcfour256;hmac-sha2-512,hmac-sha1,hmac-sha1-96,hmac-sha2-256;none",diffie-hellman-group14-sha256;diffie-hellman-group14-sha1;ecdh-sha2-nistp256;diffie-hellman-group-exchange-sha1;ecdh-sha2-nistp384;diffie-hellman-group1-sha1;ext-info-c;kex-strict-c-v00@openssh.com,rsa-sha2-256-cert-v01@openssh.com;rsa-sha2-512-cert-v01@openssh.com;ssh-rsa-cert-v01@openssh.com;ssh-dss-cert-v01@openssh.com;ecdsa-sha2-nistp256-cert-v01@openssh.com;ecdsa-sha2-nistp384-cert-v01@openssh.com;ecdsa-sha2-nistp521-cert-v01@openssh.com;ssh-ed25519-cert-v01@openssh.com;ecdsa-sha2-nistp256;ecdsa-sha2-nistp384;ecdsa-sha2-nistp521;rsa-sha2-256;rsa-sha2-512;ssh-rsa;ssh-dss;ssh-ed25519,chacha20-poly1305@openssh.com;3des-cbc;aes128-ctr;aes128-gcm@openssh.com;arcfour256,hmac-sha2-512;hmac-sha1;hmac-sha1-96;hmac-sha2-256,none,,SSH-2.0-Go,1
26cdd1d8e507e1d8f1991b292707f9dd,"diffie-hellman-group14-sha256,curve25519-sha256@libssh.org,diffie-hellman-group-exchange-sha256,ecdh-sha2-nistp521,diffie-hellman-group1-sha1,diffie-hellman-group14-sha1,ecdh-sha2-nistp256,ext-info-c,kex-strict-c-v00@openssh.com;aes128-ctr,aes192-ctr,arcfour256,aes128-gcm@openssh.com,chacha20-poly1305@openssh.com,arcfour128,aes128-cbc;hmac-sha2-256-etm@openssh.com,hmac-sha2-256,hmac-sha1,hmac-sha1-96,hmac-sha2-512;none",diffie-hellman-group14-sha256;curve25519-sha256@libssh.org;diffie-hellman-group-exchange-sha256;ecdh-sha2-nistp521;diffie-hellman-group1-sha1;diffie-hellman-group14-sha1;ecdh-sha2-nistp256;ext-info-c;kex-strict-c-v00@openssh.com,rsa-sha2-256-cert-v01@openssh.com;rsa-sha2-512-cert-v01@openssh.com;ssh-rsa-cert-v01@openssh.com;ssh-dss-cert-v01@openssh.com;ecdsa-sha2-nistp256-cert-v01@openssh.com;ecdsa-sha2-nistp384-cert-v01@openssh.com;ecdsa-sha2-nistp521-cert-v01@openssh.com;ssh-ed25519-cert-v01@openssh.com;ecdsa-sha2-nistp256;ecdsa-sha2-nistp384;ecdsa-sha2-nistp521;rsa-sha2-256;rsa-sha2-512;ssh-rsa;ssh-dss;ssh-ed25519,aes128-ctr;aes192-ctr;arcfour256;aes128-gcm@openssh.com;chacha20-poly1305@openssh.com;arcfour128;aes128-cbc,hmac-sha2-256-etm@openssh.com;hmac-sha2-256;hmac-sha1;hmac-sha1-96;hmac-sha2-512,none,,SSH-2.0-Go,1
7aa1d4cf2aa1f34dbf635b00493c234d,"diffie-hellman-group14-sha1,ecdh-sha2-nistp384,diffie-hellman-group1-sha1,diffie-hellman-group14-sha256,ecdh-sha2-nistp256,diffie-hellman-group-exchange-sha256,ecdh-sha2-nistp521,ext-info-c,kex-strict-c-v00@openssh.com;aes128-gcm@openssh.com,3des-cbc,arcfour256,aes256-ctr,aes128-cbc,aes128-ctr,chacha20-poly1305@openssh.com;hmac-sha2-256-etm@openssh.com,hmac-sha1-96,hmac-sha1,hmac-sha2-256,hmac-sha2-512-etm@openssh.com;none",diffie-hellman-group14-sha1;ecdh-sha2-nistp384;diffie-hellman-group1-sha1;diffie-hellman-group14-sha256;ecdh-sha2-nistp256;diffie-hellman-group-exchange-sha256;ecdh-sha2-nistp521;ext-info-c;kex-strict-c-v00@openssh.com,rsa-sha2-256-cert-v01@openssh.com;rsa-sha2-512-cert-v01@openssh.com;ssh-rsa-cert-v01@openssh.com;ssh-dss-cert-v01@openssh.com;ecdsa-sha2-nistp256-cert-v01@openssh.com;ecdsa-sha2-nistp384-cert-v01@openssh.com;ecdsa-sha2-nistp521-cert-v01@openssh.com;ssh-ed25519-cert-v01@openssh.com;ecdsa-sha2-nistp256;ecdsa-sha2-nistp384;ecdsa-sha2-nistp521;rsa-sha2-256;rsa-sha2-512;ssh-rsa;ssh-dss;ssh-ed25519,aes128-gcm@openssh.com;3des-cbc;arcfour256;aes256-ctr;aes128-cbc;aes128-ctr;chacha20-poly1305@openssh.com,hmac-sha2-256-etm@openssh.com;hmac-sha1-96;hmac-sha1;hmac-sha2-256;hmac-sha2-512-etm@openssh.com,none,,SSH-2.0-Go,1
eb65156b16c68d138663478cb3dbd732,"curve25519-sha256,diffie-hellman-group1-sha1,ecdh-sha2-nistp521,curve25519-sha256@libssh.org,diffie-hellman-group-exchange-sha256,ecdh-sha2-nistp256,ext-info-c,kex-strict-c-v00@openssh.com;aes256-gcm@openssh.com,chacha20-poly1305@openssh.com,arcfour128,arcfour256,aes192-ctr,aes128-cbc,aes128-gcm@openssh.com;hmac-sha2-256,hmac-sha2-256-etm@openssh.com,hmac-sha1-96,hmac-sha2-512;none",curve25519-sha256;diffie-hellman-group1-sha1;ecdh-sha2-nistp521;curve25519-sha256@libssh.org;diffie-hellman-group-exchange-sha256;ecdh-sha2-nistp256;ext-info-c;kex-strict-c-v00@openssh.com,rsa-sha2-256-cert-v01@openssh.com;rsa-sha2-512-cert-v01@openssh.com;ssh-rsa-cert-v01@openssh.com;ssh-dss-cert-v01@openssh.com;ecdsa-sha2-nistp256-cert-v01@openssh.com;ecdsa-sha2-nistp384-cert-v01@openssh.com;ecdsa-sha2-nistp521-cert-v01@openssh.com;ssh-ed25519-cert-v01@openssh.com;ecdsa-sha2-nistp256;ecdsa-sha2-nistp384;ecdsa-sha2-nistp521;rsa-sha2-256;rsa-sha2-512;ssh-rsa;ssh-dss;ssh-ed25519,aes256-gcm@openssh.com;chacha20-poly1305@openssh.com;arcfour128;arcfour256;aes192-ctr;aes128-cbc;aes128-gcm@openssh.com,hmac-sha2-256;hmac-sha2-256-etm@openssh.com;hmac-sha1-96;hmac-sha2-512,none,,SSH-2.0-Go,1
deb75db5b4a37f95aec7365544186c29,"diffie-hellman-group14-sha1,diffie-hellman-group-exchange-sha256,diffie-hellman-group14-sha256,diffie-hellman-group-exchange-sha1,ecdh-sha2-nistp521,ecdh-sha2-nistp256,ext-info-c,kex-strict-c-v00@openssh.com;aes256-gcm@openssh.com,chacha20-poly1305@openssh.com,aes128-cbc;hmac-sha1,hmac-sha2-256,hmac-sha2-256-etm@openssh.com,hmac-sha2-512,hmac-sha2-512-etm@openssh.com,hmac-sha1-96;none",diffie-hellman-group14-sha1;diffie-hellman-group-exchange-sha256;diffie-hellman-group14-sha256;diffie-hellman-group-exchange-sha1;ecdh-sha2-nistp521;ecdh-sha2-nistp256;ext-info-c;kex-strict-c-v00@openssh.com,rsa-sha2-256-cert-v01@openssh.com;rsa-sha2-512-cert-v01@openssh.com;ssh-rsa-cert-v01@openssh.com;ssh-dss-cert-v01@openssh.com;ecdsa-sha2-nistp256-cert-v01@openssh.com;ecdsa-sha2-nistp384-cert-v01@openssh.com;ecdsa-sha2-nistp521-cert-v01@openssh.com;ssh-ed25519-cert-v01@openssh.com;ecdsa-sha2-nistp256;ecdsa-sha2-nistp384;ecdsa-sha2-nistp521;rsa-sha2-256;rsa-sha2-512;ssh-rsa;ssh-dss;ssh-ed25519,aes256-gcm@openssh.com;chacha20-poly1305@openssh.com;aes128-cbc,hmac-sha1;hmac-sha2-256;hmac-sha2-256-etm@openssh.com;hmac-sha2-512;hmac-sha2-512-etm@openssh.com;hmac-sha1-96,none,,SSH-2.0-Go,1
d9a968a0bbde997139cbe9b49cc264f3,"diffie-hellman-group-exchange-sha1,curve25519-sha256@libssh.org,diffie-hellman-group14-sha1,ecdh-sha2-nistp384,diffie-hellman-group14-sha256,ecdh-sha2-nistp256,curve25519-sha256,ext-info-c,kex-strict-c-v00@openssh.com;arcfour128,arcfour256,aes128-gcm@openssh.com,aes192-ctr;hmac-sha2-256,hmac-sha2-512-etm@openssh.com,hmac-sha1,hmac-sha1-96;none",diffie-hellman-group-exchange-sha1;curve25519-sha256@libssh.org;diffie-hellman-group14-sha1;ecdh-sha2-nistp384;diffie-hellman-group14-sha256;ecdh-sha2-nistp256;curve25519-sha256;ext-info-c;kex-strict-c-v00@openssh.com,rsa-sha2-256-cert-v01@openssh.com;rsa-sha2-512-cert-v01@openssh.com;ssh-rsa-cert-v01@openssh.com;ssh-dss-cert-v01@openssh.com;ecdsa-sha2-nistp256-cert-v01@openssh.com;ecdsa-sha2-nistp384-cert-v01@openssh.com;ecdsa-sha2-nistp521-cert-v01@openssh.com;ssh-ed25519-cert-v01@openssh.com;ecdsa-sha2-nistp256;ecdsa-sha2-nistp384;ecdsa-sha2-nistp521;rsa-sha2-256;rsa-sha2-512;ssh-rsa;ssh-dss;ssh-ed25519,arcfour128;arcfour256;aes128-gcm@openssh.com;aes192-ctr,hmac-sha2-256;hmac-sha2-512-etm@openssh.com;hmac-sha1;hmac-sha1-96,none,,SSH-2.0-Go,1
8c0a7a7eb4d57ef468da9e5862ee1f05,"diffie-hellman-group14-sha1,diffie-hellman-group-exchange-sha1,ecdh-sha2-nistp256,ecdh-sha2-nistp384,ecdh-sha2-nistp521,diffie-hellman-group1-sha1,diffie-hellman-group-exchange-sha256,ext-info-c,kex-strict-c-v00@openssh.com;arcfour256,aes128-cbc,aes256-ctr,arcfour128,chacha20-poly1305@openssh.com;hmac-sha2-512,hmac-sha1-96,hmac-sha2-256-etm@openssh.com,hmac-sha1,hmac-sha2-256,hmac-sha2-512-etm@openssh.com;none",diffie-hellman-group14-sha1;diffie-hellman-group-exchange-sha1;ecdh-sha2-nistp256;ecdh-sha2-nistp384;ecdh-sha2-nistp521;diffie-hellman-group1-sha1;diffie-hellman-group-exchange-sha256;ext-info-c;kex-strict-c-v00@openssh.com,rsa-sha2-256-cert-v01@openssh.com;rsa-sha2-512-cert-v01@openssh.com;ssh-rsa-cert-v01@openssh.com;ssh-dss-cert-v01@openssh.com;ecdsa-sha2-nistp256-cert-v01@openssh.com;ecdsa-sha2-nistp384-cert-v01@openssh.com;ecdsa-sha2-nistp521-cert-v01@openssh.com;ssh-ed25519-cert-v01@openssh.com;ecdsa-sha2-nistp256;ecdsa-sha2-nistp384;ecdsa-sha2-nistp521;rsa-sha2-256;rsa-sha2-512;ssh-rsa;ssh-dss;ssh-ed25519,arcfour256;aes128-cbc;aes256-ctr;arcfour128;chacha20-poly1305@openssh.com,hmac-sha2-512;hmac-sha1-96;hmac-sha2-256-etm@openssh.com;hmac-sha1;hmac-sha2-256;hmac-sha2-512-etm@openssh.com,none,,SSH-2.0-Go,1
0552cd97f6f629bfb3a9ed4d15daa4c9,"diffie-hellman-group-exchange-sha256,curve25519-sha256,curve25519-sha256@libssh.org,ecdh-sha2-nistp521,diffie-hellman-group-exchange-sha1,diffie-hellman-group14-sha1,ext-info-c,kex-strict-c-v00@openssh.com;aes256-gcm@openssh.com,chacha20-poly1305@openssh.com,aes192-ctr,arcfour128,arcfour256,3des-cbc,aes256-ctr;hmac-sha2-512,hmac-sha1,hmac-sha2-512-etm@openssh.com,hmac-sha1-96;none",diffie-hellman-group-exchange-sha256;curve25519-sha256;curve25519-sha256@libssh.org;ecdh-sha2-nistp521;diffie-hellman-group-exchange-sha1;diffie-hellman-group14-sha1;ext-info-c;kex-strict-c-v00@openssh.com,rsa-sha2-256-cert-v01@openssh.com;rsa-sha2-512-cert-v01@openssh.com;ssh-rsa-cert-v01@openssh.com;ssh-dss-cert-v01@openssh.com;ecdsa-sha2-nistp256-cert-v01@openssh.com;ecdsa-sha2-nistp384-cert-v01@openssh.com;ecdsa-sha2-nistp521-cert-v01@openssh.com;ssh-ed25519-cert-v01@openssh.com;ecdsa-sha2-nistp256;ecdsa-sha2-nistp384;ecdsa-sha2-nistp521;rsa-sha2-256;rsa-sha2-512;ssh-rsa;ssh-dss;ssh-ed25519,aes256-gcm@openssh.com;chacha20-poly1305@openssh.com;aes192-ctr;arcfour128;arcfour256;3des-cbc;aes256-ctr,hmac-sha2-512;hmac-sha1;hmac-sha2-512-etm@openssh.com;hmac-sha1-96,none,,SSH-2.0-Go,1
da96592c2c36e938b259b9ce9d8ad3d4,"curve25519-sha256@libssh.org,diffie-hellman-group-exchange-sha256,ecdh-sha2-nistp521,diffie-hellman-group14-sha256,diffie-hellman-group1-sha1,ecdh-sha2-nistp256,ecdh-sha2-nistp384,ext-info-c,kex-strict-c-v00@openssh.com;aes256-gcm@openssh.com,aes256-ctr,arcfour256,3des-cbc,arcfour128,aes192-ctr;hmac-sha1-96,hmac-sha2-256-etm@openssh.com,hmac-sha1,hmac-sha2-256,hmac-sha2-512;none",curve25519-sha256@libssh.org;diffie-hellman-group-exchange-sha256;ecdh-sha2-nistp521;diffie-hellman-group14-sha256;diffie-hellman-group1-sha1;ecdh-sha2-nistp256;ecdh-sha2-nistp384;ext-info-c;kex-strict-c-v00@openssh.com,rsa-sha2-256-cert-v01@openssh.com;rsa-sha2-512-cert-v01@openssh.com;ssh-rsa-cert-v01@openssh.com;ssh-dss-cert-v01@openssh.com;ecdsa-sha2-nistp256-cert-v01@openssh.com;ecdsa-sha2-nistp384-cert-v01@openssh.com;ecdsa-sha2-nistp521-cert-v01@openssh.com;ssh-ed25519-cert-v01@openssh.com;ecdsa-sha2-nistp256;ecdsa-sha2-nistp384;ecdsa-sha2-nistp521;rsa-sha2-256;rsa-sha2-512;ssh-rsa;ssh-dss;ssh-ed25519,aes256-gcm@openssh.com;aes256-ctr;arcfour256;3des-cbc;arcfour128;aes192-ctr,hmac-sha1-96;hmac-sha2-256-etm@openssh.com;hmac-sha1;hmac-sha2-256;hmac-sha2-512,none,,SSH-2.0-Go,1
8288cd99457b2f4164dd697eeb884610,"diffie-hellman-group1-sha1,curve25519-sha256@libssh.org,diffie-hellman-group14-sha256,curve25519-sha256,ecdh-sha2-nistp384,ext-info-c,kex-strict-c-v00@openssh.com;aes192-ctr,aes256-ctr,aes128-ctr,aes128-gcm@openssh.com;hmac-sha2-256-etm@openssh.com,hmac-sha1-96,hmac-sha1,hmac-sha2-256,hmac-sha2-512-etm@openssh.com;none",diffie-hellman-group1-sha1;curve25519-sha256@libssh.org;diffie-hellman-group14-sha256;curve25519-sha256;ecdh-sha2-nistp384;ext-info-c;kex-strict-c-v00@openssh.com,rsa-sha2-256-cert-v01@openssh.com;rsa-sha2-512-cert-v01@openssh.com;ssh-rsa-cert-v01@openssh.com;ssh-dss-cert-v01@openssh.com;ecdsa-sha2-nistp256-cert-v01@openssh.com;ecdsa-sha2-nistp384-cert-v01@openssh.com;ecdsa-sha2-nistp521-cert-v01@openssh.com;ssh-ed25519-cert-v01@openssh.com;ecdsa-sha2-nistp256;ecdsa-sha2-nistp384;ecdsa-sha2-nistp521;rsa-sha2-256;rsa-sha2-512;ssh-rsa;ssh-dss;ssh-ed25519,aes192-ctr;aes256-ctr;aes128-ctr;aes128-gcm@openssh.com,hmac-sha2-256-etm@openssh.com;hmac-sha1-96;hmac-sha1;hmac-sha2-256;hmac-sha2-512-etm@openssh.com,none,,SSH-2.0-Go,1
1eb2437d9f019857b6430dabb21ed8ba,"curve25519-sha256,curve25519-sha256@libssh.org,ecdh-sha2-nistp521,ecdh-sha2-nistp256,ecdh-sha2-nistp384,diffie-hellman-group-exchange-sha1,diffie-hellman-group-exchange-sha256,ext-info-c,kex-strict-c-v00@openssh.com;aes128-ctr,aes128-cbc,aes256-gcm@openssh.com,aes128-gcm@openssh.com,arcfour256,aes256-ctr;hmac-sha1,hmac-sha2-512,hmac-sha2-256-etm@openssh.com,hmac-sha2-256;none",curve25519-sha256;curve25519-sha256@libssh.org;ecdh-sha2-nistp521;ecdh-sha2-nistp256;ecdh-sha2-nistp384;diffie-hellman-group-exchange-sha1;diffie-hellman-group-exchange-sha256;ext-info-c;kex-strict-c-v00@openssh.com,rsa-sha2-256-cert-v01@openssh.com;rsa-sha2-512-cert-v01@openssh.com;ssh-rsa-cert-v01@openssh.com;ssh-dss-cert-v01@openssh.com;ecdsa-sha2-nistp256-cert-v01@openssh.com;ecdsa-sha2-nistp384-cert-v01@openssh.com;ecdsa-sha2-nistp521-cert-v01@openssh.com;ssh-ed25519-cert-v01@openssh.com;ecdsa-sha2-nistp256;ecdsa-sha2-nistp384;ecdsa-sha2-nistp521;rsa-sha2-256;rsa-sha2-512;ssh-rsa;ssh-dss;ssh-ed25519,aes128-ctr;aes128-cbc;aes256-gcm@openssh.com;aes128-gcm@openssh.com;arcfour256;aes256-ctr,hmac-sha1;hmac-sha2-512;hmac-sha2-256-etm@openssh.com;hmac-sha2-256,none,,SSH-2.0-Go,1
9e6aadcc02cd40486da00b26f9b0ae37,"ecdh-sha2-nistp384,diffie-hellman-group14-sha1,diffie-hellman-group-exchange-sha1,diffie-hellman-group14-sha256,diffie-hellman-group-exchange-sha256,ext-info-c,kex-strict-c-v00@openssh.com;aes128-gcm@openssh.com,chacha20-poly1305@openssh.com,arcfour128,aes128-ctr,arcfour256,aes256-gcm@openssh.com,3des-cbc;hmac-sha2-512,hmac-sha2-512-etm@openssh.com,hmac-sha1,hmac-sha2-256-etm@openssh.com,hmac-sha2-256;none",ecdh-sha2-nistp384;diffie-hellman-group14-sha1;diffie-hellman-group-exchange-sha1;diffie-hellman-group14-sha256;diffie-hellman-group-exchange-sha256;ext-info-c;kex-strict-c-v00@openssh.com,rsa-sha2-256-cert-v01@openssh.com;rsa-sha2-512-cert-v01@openssh.com;ssh-rsa-cert-v01@openssh.com;ssh-dss-cert-v01@openssh.com;ecdsa-sha2-nistp256-cert-v01@openssh.com;ecdsa-sha2-nistp384-cert-v01@openssh.com;ecdsa-sha2-nistp521-cert-v01@openssh.com;ssh-ed25519-cert-v01@openssh.com;ecdsa-sha2-nistp256;ecdsa-sha2-nistp384;ecdsa-sha2-nistp521;rsa-sha2-256;rsa-sha2-512;ssh-rsa;ssh-dss;ssh-ed25519,aes128-gcm@openssh.com;chacha20-poly1305@openssh.com;arcfour128;aes128-ctr;arcfour256;aes256-gcm@openssh.com;3des-cbc,hmac-sha2-512;hmac-sha2-512-etm@openssh.com;hmac-sha1;hmac-sha2-256-etm@openssh.com;hmac-sha2-256,none,,SSH-2.0-Go,1
1e447b0cb1e3b4b798f9ce503c8ba882,"curve25519-sha256,ecdh-sha2-nistp256,diffie-hellman-group-exchange-sha1,ecdh-sha2-nistp521,diffie-hellman-group-exchange-sha256,diffie-hellman-group1-sha1,curve25519-sha256@libssh.org,ext-info-c,kex-strict-c-v00@openssh.com;3des-cbc,arcfour128,aes192-ctr;hmac-sha2-256-etm@openssh.com,hmac-sha1,hmac-sha1-96,hmac-sha2-256;none",curve25519-sha256;ecdh-sha2-nistp256;diffie-hellman-group-exchange-sha1;ecdh-sha2-nistp521;diffie-hellman-group-exchange-sha256;diffie-hellman-group1-sha1;curve25519-sha256@libssh.org;ext-info-c;kex-strict-c-v00@openssh.com,rsa-sha2-256-cert-v01@openssh.com;rsa-sha2-512-cert-v01@openssh.com;ssh-rsa-cert-v01@openssh.com;ssh-dss-cert-v01@openssh.com;ecdsa-sha2-nistp256-cert-v01@openssh.com;ecdsa-sha2-nistp384-cert-v01@openssh.com;ecdsa-sha2-nistp521-cert-v01@openssh.com;ssh-ed25519-cert-v01@openssh.com;ecdsa-sha2-nistp256;ecdsa-sha2-nistp384;ecdsa-sha2-nistp521;rsa-sha2-256;rsa-sha2-512;ssh-rsa;ssh-dss;ssh-ed25519,3des-cbc;arcfour128;aes192-ctr,hmac-sha2-256-etm@openssh.com;hmac-sha1;hmac-sha1-96;hmac-sha2-256,none,,SSH-2.0-Go,1
b43877531704e8f4019613052597b678,"ecdh-sha2-nistp256,diffie-hellman-group14-sha1,curve25519-sha256@libssh.org,ecdh-sha2-nistp384,diffie-hellman-group-exchange-sha256,ext-info-c,kex-strict-c-v00@openssh.com;aes192-ctr,chacha20-poly1305@openssh.com,aes128-ctr,aes128-gcm@openssh.com,arcfour128;hmac-sha2-512,hmac-sha1-96,hmac-sha1;none",ecdh-sha2-nistp256;diffie-hellman-group14-sha1;curve25519-sha256@libssh.org;ecdh-sha2-nistp384;diffie-hellman-group-exchange-sha256;ext-info-c;kex-strict-c-v00@openssh.com,rsa-sha2-256-cert-v01@openssh.com;rsa-sha2-512-cert-v01@openssh.com;ssh-rsa-cert-v01@openssh.com;ssh-dss-cert-v01@openssh.com;ecdsa-sha2-nistp256-cert-v01@openssh.com;ecdsa-sha2-nistp384-cert-v01@openssh.com;ecdsa-sha2-nistp521-cert-v01@openssh.com;ssh-ed25519-cert-v01@openssh.com;ecdsa-sha2-nistp256;ecdsa-sha2-nistp384;ecdsa-sha2-nistp521;rsa-sha2-256;rsa-sha2-512;ssh-rsa;ssh-dss;ssh-ed25519,aes192-ctr;chacha20-poly1305@openssh.com;aes128-ctr;aes128-gcm@openssh.com;arcfour128,hmac-sha2-512;hmac-sha1-96;hmac-sha1,none,,SSH-2.0-Go,1
55f68039d66ea1ccb695abbaa6f6a2ca,"ecdh-sha2-nistp384,ecdh-sha2-nistp521,curve25519-sha256,ecdh-sha2-nistp256,diffie-hellman-group14-sha256,diffie-hellman-group1-sha1,curve25519-sha256@libssh.org,ext-info-c,kex-strict-c-v00@openssh.com;arcfour128,aes128-ctr,aes192-ctr,aes128-gcm@openssh.com,chacha20-poly1305@openssh.com;hmac-sha1,hmac-sha2-512-etm@openssh.com,hmac-sha2-256-etm@openssh.com,hmac-sha1-96,hmac-sha2-256;none",ecdh-sha2-nistp384;ecdh-sha2-nistp521;curve25519-sha256;ecdh-sha2-nistp256;diffie-hellman-group14-sha256;diffie-hellman-group1-sha1;curve25519-sha256@libssh.org;ext-info-c;kex-strict-c-v00@openssh.com,rsa-sha2-256-cert-v01@openssh.com;rsa-sha2-512-cert-v01@openssh.com;ssh-rsa-cert-v01@openssh.com;ssh-dss-cert-v01@openssh.com;ecdsa-sha2-nistp256-cert-v01@openssh.com;ecdsa-sha2-nistp384-cert-v01@openssh.com;ecdsa-sha2-nistp521-cert-v01@openssh.com;ssh-ed25519-cert-v01@openssh.com;ecdsa-sha2-nistp256;ecdsa-sha2-nistp384;ecdsa-sha2-nistp521;rsa-sha2-256;rsa-sha2-512;ssh-rsa;ssh-dss;ssh-ed25519,arcfour128;aes128-ctr;aes192-ctr;aes128-gcm@openssh.com;chacha20-poly1305@openssh.com,hmac-sha1;hmac-sha2-512-etm@openssh.com;hmac-sha2-256-etm@openssh.com;hmac-sha1-96;hmac-sha2-256,none,,SSH-2.0-Go,1
a03f5a894829b9b8ce2e0e9cb9045a5e,"ecdh-sha2-nistp384,diffie-hellman-group1-sha1,curve25519-sha256@libssh.org,diffie-hellman-group14-sha256,ecdh-sha2-nistp521,ecdh-sha2-nistp256,curve25519-sha256,ext-info-c,kex-strict-c-v00@openssh.com;aes128-ctr,arcfour128,aes128-gcm@openssh.com,aes192-ctr,aes128-cbc,aes256-ctr;hmac-sha2-256-etm@openssh.com,hmac-sha1,hmac-sha2-512,hmac-sha1-96;none",ecdh-sha2-nistp384;diffie-hellman-group1-sha1;curve25519-sha256@libssh.org;diffie-hellman-group14-sha256;ecdh-sha2-nistp521;ecdh-sha2-nistp256;curve25519-sha256;ext-info-c;kex-strict-c-v00@openssh.com,rsa-sha2-256-cert-v01@openssh.com;rsa-sha2-512-cert-v01@openssh.com;ssh-rsa-cert-v01@openssh.com;ssh-dss-cert-v01@openssh.com;ecdsa-sha2-nistp256-cert-v01@openssh.com;ecdsa-sha2-nistp384-cert-v01@openssh.com;ecdsa-sha2-nistp521-cert-v01@openssh.com;ssh-ed25519-cert-v01@openssh.com;ecdsa-sha2-nistp256;ecdsa-sha2-nistp384;ecdsa-sha2-nistp521;rsa-sha2-256;rsa-sha2-512;ssh-rsa;ssh-dss;ssh-ed25519,aes128-ctr;arcfour128;aes128-gcm@openssh.com;aes192-ctr;aes128-cbc;aes256-ctr,hmac-sha2-256-etm@openssh.com;hmac-sha1;hmac-sha2-512;hmac-sha1-96,none,,SSH-2.0-Go,1
cb499d3aa0b1ebd3d00a5ed58e190961,"ecdh-sha2-nistp384,ecdh-sha2-nistp521,curve25519-sha256@libssh.org,diffie-hellman-group14-sha256,diffie-hellman-group1-sha1,curve25519-sha256,diffie-hellman-group-exchange-sha1,ext-info-c,kex-strict-c-v00@openssh.com;arcfour128,3des-cbc,arcfour256,chacha20-poly1305@openssh.com,aes128-cbc,aes192-ctr,aes256-ctr;hmac-sha2-512,hmac-sha2-256-etm@openssh.com,hmac-sha1,hmac-sha1-96,hmac-sha2-256;none",ecdh-sha2-nistp384;ecdh-sha2-nistp521;curve25519-sha256@libssh.org;diffie-hellman-group14-sha256;diffie-hellman-group1-sha1;curve25519-sha256;diffie-hellman-group-exchange-sha1;ext-info-c;kex-strict-c-v00@openssh.com,rsa-sha2-256-cert-v01@openssh.com;rsa-sha2-512-cert-v01@openssh.com;ssh-rsa-cert-v01@openssh.com;ssh-dss-cert-v01@openssh.com;ecdsa-sha2-nistp256-cert-v01@openssh.com;ecdsa-sha2-nistp384-cert-v01@openssh.com;ecdsa-sha2-nistp521-cert-v01@openssh.com;ssh-ed25519-cert-v01@openssh.com;ecdsa-sha2-nistp256;ecdsa-sha2-nistp384;ecdsa-sha2-nistp521;rsa-sha2-256;rsa-sha2-512;ssh-rsa;ssh-dss;ssh-ed25519,arcfour128;3des-cbc;arcfour256;chacha20-poly1305@openssh.com;aes128-cbc;aes192-ctr;aes256-ctr,hmac-sha2-512;hmac-sha2-256-etm@openssh.com;hmac-sha1;hmac-sha1-96;hmac-sha2-256,none,,SSH-2.0-Go,1
633e755de3cfc0485558ae59d95ffe30,"diffie-hellman-group14-sha256,ecdh-sha2-nistp521,ecdh-sha2-nistp384,curve25519-sha256,curve25519-sha256@libssh.org,diffie-hellman-group1-sha1,diffie-hellman-group14-sha1,ext-info-c,kex-strict-c-v00@openssh.com;aes256-ctr,3des-cbc,aes128-cbc,aes192-ctr,aes256-gcm@openssh.com,arcfour128,aes128-gcm@openssh.com;hmac-sha2-512,hmac-sha2-256-etm@openssh.com,hmac-sha2-256,hmac-sha1,hmac-sha1-96;none",diffie-hellman-group14-sha256;ecdh-sha2-nistp521;ecdh-sha2-nistp384;curve25519-sha256;curve25519-sha256@libssh.org;diffie-hellman-group1-sha1;diffie-hellman-group14-sha1;ext-info-c;kex-strict-c-v00@openssh.com,rsa-sha2-256-cert-v01@openssh.com;rsa-sha2-512-cert-v01@openssh.com;ssh-rsa-cert-v01@openssh.com;ssh-dss-cert-v01@openssh.com;ecdsa-sha2-nistp256-cert-v01@openssh.com;ecdsa-sha2-nistp384-cert-v01@openssh.com;ecdsa-sha2-nistp521-cert-v01@openssh.com;ssh-ed25519-cert-v01@openssh.com;ecdsa-sha2-nistp256;ecdsa-sha2-nistp384;ecdsa-sha2-nistp521;rsa-sha2-256;rsa-sha2-512;ssh-rsa;ssh-dss;ssh-ed25519,aes256-ctr;3des-cbc;aes128-cbc;aes192-ctr;aes256-gcm@openssh.com;arcfour128;aes128-gcm@openssh.com,hmac-sha2-512;hmac-sha2-256-etm@openssh.com;hmac-sha2-256;hmac-sha1;hmac-sha1-96,none,,SSH-2.0-Go,1
6f2c95bb5655b481d9068baf98b289f4,"diffie-hellman-group14-sha256,ecdh-sha2-nistp384,diffie-hellman-group1-sha1,curve25519-sha256@libssh.org,ecdh-sha2-nistp521,ecdh-sha2-nistp256,curve25519-sha256,ext-info-c,kex-strict-c-v00@openssh.com;3des-cbc,aes256-gcm@openssh.com,aes192-ctr,arcfour128;hmac-sha2-512-etm@openssh.com,hmac-sha2-256,hmac-sha1;none",diffie-hellman-group14-sha256;ecdh-sha2-nistp384;diffie-hellman-group1-sha1;curve25519-sha256@libssh.org;ecdh-sha2-nistp521;ecdh-sha2-nistp256;curve25519-sha256;ext-info-c;kex-strict-c-v00@openssh.com,rsa-sha2-256-cert-v01@openssh.com;rsa-sha2-512-cert-v01@openssh.com;ssh-rsa-cert-v01@openssh.com;ssh-dss-cert-v01@openssh.com;ecdsa-sha2-nistp256-cert-v01@openssh.com;ecdsa-sha2-nistp384-cert-v01@openssh.com;ecdsa-sha2-nistp521-cert-v01@openssh.com;ssh-ed25519-cert-v01@openssh.com;ecdsa-sha2-nistp256;ecdsa-sha2-nistp384;ecdsa-sha2-nistp521;rsa-sha2-256;rsa-sha2-512;ssh-rsa;ssh-dss;ssh-ed25519,3des-cbc;aes256-gcm@openssh.com;aes192-ctr;arcfour128,hmac-sha2-512-etm@openssh.com;hmac-sha2-256;hmac-sha1,none,,SSH-2.0-Go,1
246efe17b250628dc6f80a8ed7f10f9c,"diffie-hellman-group14-sha1,diffie-hellman-group14-sha256,ecdh-sha2-nistp521,diffie-hellman-group1-sha1,diffie-hellman-group-exchange-sha1,curve25519-sha256,curve25519-sha256@libssh.org,ext-info-c,kex-strict-c-v00@openssh.com;arcfour256,aes256-gcm@openssh.com,aes128-ctr,3des-cbc;hmac-sha2-256,hmac-sha1-96,hmac-sha2-512-etm@openssh.com,hmac-sha2-256-etm@openssh.com;none",diffie-hellman-group14-sha1;diffie-hellman-group14-sha256;ecdh-sha2-nistp521;diffie-hellman-group1-sha1;diffie-hellman-group-exchange-sha1;curve25519-sha256;curve25519-sha256@libssh.org;ext-info-c;kex-strict-c-v00@openssh.com,rsa-sha2-256-cert-v01@openssh.com;rsa-sha2-512-cert-v01@openssh.com;ssh-rsa-cert-v01@openssh.com;ssh-dss-cert-v01@openssh.com;ecdsa-sha2-nistp256-cert-v01@openssh.com;ecdsa-sha2-nistp384-cert-v01@openssh.com;ecdsa-sha2-nistp521-cert-v01@openssh.com;ssh-ed25519-cert-v01@openssh.com;ecdsa-sha2-nistp256;ecdsa-sha2-nistp384;ecdsa-sha2-nistp521;rsa-sha2-256;rsa-sha2-512;ssh-rsa;ssh-dss;ssh-ed25519,arcfour256;aes256-gcm@openssh.com;aes128-ctr;3des-cbc,hmac-sha2-256;hmac-sha1-96;hmac-sha2-512-etm@openssh.com;hmac-sha2-256-etm@openssh.com,none,,SSH-2.0-Go,1
6061c08d53ad3837f066599d947ad50f,"ecdh-sha2-nistp384,diffie-hellman-group14-sha256,diffie-hellman-group14-sha1,diffie-hellman-group1-sha1,diffie-hellman-group-exchange-sha1,ext-info-c,kex-strict-c-v00@openssh.com;aes192-ctr,aes256-gcm@openssh.com,aes128-cbc,chacha20-poly1305@openssh.com,arcfour256,aes128-gcm@openssh.com;hmac-sha2-256-etm@openssh.com,hmac-sha2-256;none",ecdh-sha2-nistp384;diffie-hellman-group14-sha256;diffie-hellman-group14-sha1;diffie-hellman-group1-sha1;diffie-hellman-group-exchange-sha1;ext-info-c;kex-strict-c-v00@openssh.com,rsa-sha2-256-cert-v01@openssh.com;rsa-sha2-512-cert-v01@openssh.com;ssh-rsa-cert-v01@openssh.com;ssh-dss-cert-v01@openssh.com;ecdsa-sha2-nistp256-cert-v01@openssh.com;ecdsa-sha2-nistp384-cert-v01@openssh.com;ecdsa-sha2-nistp521-cert-v01@openssh.com;ssh-ed25519-cert-v01@openssh.com;ecdsa-sha2-nistp256;ecdsa-sha2-nistp384;ecdsa-sha2-nistp521;rsa-sha2-256;rsa-sha2-512;ssh-rsa;ssh-dss;ssh-ed25519,aes192-ctr;aes256-gcm@openssh.com;aes128-cbc;chacha20-poly1305@openssh.com;arcfour256;aes128-gcm@openssh.com,hmac-sha2-256-etm@openssh.com;hmac-sha2-256,none,,SSH-2.0-Go,1
d498fbd0fa340d65c6779e0bf608a8bc,"ecdh-sha2-nistp256,ecdh-sha2-nistp384,diffie-hellman-group1-sha1,diffie-hellman-group14-sha1,diffie-hellman-group14-sha256,diffie-hellman-group-exchange-sha1,ext-info-c,kex-strict-c-v00@openssh.com;arcfour128,3des-cbc,aes256-gcm@openssh.com,chacha20-poly1305@openssh.com,aes128-gcm@openssh.com;hmac-sha2-512-etm@openssh.com,hmac-sha2-256-etm@openssh.com,hmac-sha2-512;none",ecdh-sha2-nistp256;ecdh-sha2-nistp384;diffie-hellman-group1-sha1;diffie-hellman-group14-sha1;diffie-hellman-group14-sha256;diffie-hellman-group-exchange-sha1;ext-info-c;kex-strict-c-v00@openssh.com,rsa-sha2-256-cert-v01@openssh.com;rsa-sha2-512-cert-v01@openssh.com;ssh-rsa-cert-v01@openssh.com;ssh-dss-cert-v01@openssh.com;ecdsa-sha2-nistp256-cert-v01@openssh.com;ecdsa-sha2-nistp384-cert-v01@openssh.com;ecdsa-sha2-nistp521-cert-v01@openssh.com;ssh-ed25519-cert-v01@openssh.com;ecdsa-sha2-nistp256;ecdsa-sha2-nistp384;ecdsa-sha2-nistp521;rsa-sha2-256;rsa-sha2-512;ssh-rsa;ssh-dss;ssh-ed25519,arcfour128;3des-cbc;aes256-gcm@openssh.com;chacha20-poly1305@openssh.com;aes128-gcm@openssh.com,hmac-sha2-512-etm@openssh.com;hmac-sha2-256-etm@openssh.com;hmac-sha2-512,none,,SSH-2.0-Go,1
d68285486ba87cf9bccdd2b040057c86,"diffie-hellman-group14-sha256,diffie-hellman-group-exchange-sha256,curve25519-sha256,curve25519-sha256@libssh.org,diffie-hellman-group14-sha1,ecdh-sha2-nistp256,ecdh-sha2-nistp384,ext-info-c,kex-strict-c-v00@openssh.com;aes128-ctr,arcfour128,aes128-gcm@openssh.com,arcfour256,chacha20-poly1305@openssh.com,aes192-ctr;hmac-sha2-256,hmac-sha2-512,hmac-sha1,hmac-sha2-512-etm@openssh.com,hmac-sha2-256-etm@openssh.com;none",diffie-hellman-group14-sha256;diffie-hellman-group-exchange-sha256;curve25519-sha256;curve25519-sha256@libssh.org;diffie-hellman-group14-sha1;ecdh-sha2-nistp256;ecdh-sha2-nistp384;ext-info-c;kex-strict-c-v00@openssh.com,rsa-sha2-256-cert-v01@openssh.com;rsa-sha2-512-cert-v01@openssh.com;ssh-rsa-cert-v01@openssh.com;ssh-dss-cert-v01@openssh.com;ecdsa-sha2-nistp256-cert-v01@openssh.com;ecdsa-sha2-nistp384-cert-v01@openssh.com;ecdsa-sha2-nistp521-cert-v01@openssh.com;ssh-ed25519-cert-v01@openssh.com;ecdsa-sha2-nistp256;ecdsa-sha2-nistp384;ecdsa-sha2-nistp521;rsa-sha2-256;rsa-sha2-512;ssh-rsa;ssh-dss;ssh-ed25519,aes128-ctr;arcfour128;aes128-gcm@openssh.com;arcfour256;chacha20-poly1305@openssh.com;aes192-ctr,hmac-sha2-256;hmac-sha2-512;hmac-sha1;hmac-sha2-512-etm@openssh.com;hmac-sha2-256-etm@openssh.com,none,,SSH-2.0-Go,1
185ffff11f237065aab0a4b1575402d7,"curve25519-sha256,curve25519-sha256@libssh.org,ecdh-sha2-nistp256,diffie-hellman-group1-sha1,diffie-hellman-group14-sha256,ext-info-c,kex-strict-c-v00@openssh.com;aes256-gcm@openssh.com,aes256-ctr,aes128-cbc,arcfour256,chacha20-poly1305@openssh.com;hmac-sha2-256-etm@openssh.com,hmac-sha2-256,hmac-sha1-96;none",curve25519-sha256;curve25519-sha256@libssh.org;ecdh-sha2-nistp256;diffie-hellman-group1-sha1;diffie-hellman-group14-sha256;ext-info-c;kex-strict-c-v00@openssh.com,rsa-sha2-256-cert-v01@openssh.com;rsa-sha2-512-cert-v01@openssh.com;ssh-rsa-cert-v01@openssh.com;ssh-dss-cert-v01@openssh.com;ecdsa-sha2-nistp256-cert-v01@openssh.com;ecdsa-sha2-nistp384-cert-v01@openssh.com;ecdsa-sha2-nistp521-cert-v01@openssh.com;ssh-ed25519-cert-v01@openssh.com;ecdsa-sha2-nistp256;ecdsa-sha2-nistp384;ecdsa-sha2-nistp521;rsa-sha2-256;rsa-sha2-512;ssh-rsa;ssh-dss;ssh-ed25519,aes256-gcm@openssh.com;aes256-ctr;aes128-cbc;arcfour256;chacha20-poly1305@openssh.com,hmac-sha2-256-etm@openssh.com;hmac-sha2-256;hmac-sha1-96,none,,SSH-2.0-Go,1
e95b5516215f797568a5c690d41f2ef4,"curve25519-sha256@libssh.org,ecdh-sha2-nistp256,diffie-hellman-group1-sha1,curve25519-sha256,diffie-hellman-group14-sha256,ecdh-sha2-nistp521,diffie-hellman-group-exchange-sha256,ext-info-c,kex-strict-c-v00@openssh.com;aes128-cbc,aes128-ctr,aes256-ctr,aes256-gcm@openssh.com;hmac-sha1,hmac-sha2-256,hmac-sha2-256-etm@openssh.com,hmac-sha1-96;none",curve25519-sha256@libssh.org;ecdh-sha2-nistp256;diffie-hellman-group1-sha1;curve25519-sha256;diffie-hellman-group14-sha256;ecdh-sha2-nistp521;diffie-hellman-group-exchange-sha256;ext-info-c;kex-strict-c-v00@openssh.com,rsa-sha2-256-cert-v01@openssh.com;rsa-sha2-512-cert-v01@openssh.com;ssh-rsa-cert-v01@openssh.com;ssh-dss-cert-v01@openssh.com;ecdsa-sha2-nistp256-cert-v01@openssh.com;ecdsa-sha2-nistp384-cert-v01@openssh.com;ecdsa-sha2-nistp521-cert-v01@openssh.com;ssh-ed25519-cert-v01@openssh.com;ecdsa-sha2-nistp256;ecdsa-sha2-nistp384;ecdsa-sha2-nistp521;rsa-sha2-256;rsa-sha2-512;ssh-rsa;ssh-dss;ssh-ed25519,aes128-cbc;aes128-ctr;aes256-ctr;aes256-gcm@openssh.com,hmac-sha1;hmac-sha2-256;hmac-sha2-256-etm@openssh.com;hmac-sha1-96,none,,SSH-2.0-Go,1
0e32d47690f99544ab5a433b6326295e,"diffie-hellman-group14-sha1,diffie-hellman-group-exchange-sha1,curve25519-sha256,curve25519-sha256@libssh.org,ecdh-sha2-nistp521,diffie-hellman-group1-sha1,diffie-hellman-group14-sha256,ext-info-c,kex-strict-c-v00@openssh.com;aes128-cbc,chacha20-poly1305@openssh.com,3des-cbc,aes192-ctr,aes256-ctr,aes256-gcm@openssh.com;hmac-sha2-256,hmac-sha2-512-etm@openssh.com,hmac-sha1-96,hmac-sha2-256-etm@openssh.com;none",diffie-hellman-group14-sha1;diffie-hellman-group-exchange-sha1;curve25519-sha256;curve25519-sha256@libssh.org;ecdh-sha2-nistp521;diffie-hellman-group1-sha1;diffie-hellman-group14-sha256;ext-info-c;kex-strict-c-v00@openssh.com,rsa-sha2-256-cert-v01@openssh.com;rsa-sha2-512-cert-v01@openssh.com;ssh-rsa-cert-v01@openssh.com;ssh-dss-cert-v01@openssh.com;ecdsa-sha2-nistp256-cert-v01@openssh.com;ecdsa-sha2-nistp384-cert-v01@openssh.com;ecdsa-sha2-nistp521-cert-v01@openssh.com;ssh-ed25519-cert-v01@openssh.com;ecdsa-sha2-nistp256;ecdsa-sha2-nistp384;ecdsa-sha2-nistp521;rsa-sha2-256;rsa-sha2-512;ssh-rsa;ssh-dss;ssh-ed25519,aes128-cbc;chacha20-poly1305@openssh.com;3des-cbc;aes192-ctr;aes256-ctr;aes256-gcm@openssh.com,hmac-sha2-256;hmac-sha2-512-etm@openssh.com;hmac-sha1-96;hmac-sha2-256-etm@openssh.com,none,,SSH-2.0-Go,1
dd4b0ffd278b28776e04f37d6fe74a80,"diffie-hellman-group1-sha1,diffie-hellman-group-exchange-sha256,diffie-hellman-group14-sha1,diffie-hellman-group-exchange-sha1,ecdh-sha2-nistp521,ecdh-sha2-nistp256,ext-info-c,kex-strict-c-v00@openssh.com;aes128-gcm@openssh.com,aes256-gcm@openssh.com,aes256-ctr,arcfour256,arcfour128,aes128-cbc;hmac-sha2-256-etm@openssh.com,hmac-sha1-96,hmac-sha2-512,hmac-sha2-256,hmac-sha1;none",diffie-hellman-group1-sha1;diffie-hellman-group-exchange-sha256;diffie-hellman-group14-sha1;diffie-hellman-group-exchange-sha1;ecdh-sha2-nistp521;ecdh-sha2-nistp256;ext-info-c;kex-strict-c-v00@openssh.com,rsa-sha2-256-cert-v01@openssh.com;rsa-sha2-512-cert-v01@openssh.com;ssh-rsa-cert-v01@openssh.com;ssh-dss-cert-v01@openssh.com;ecdsa-sha2-nistp256-cert-v01@openssh.com;ecdsa-sha2-nistp384-cert-v01@openssh.com;ecdsa-sha2-nistp521-cert-v01@openssh.com;ssh-ed25519-cert-v01@openssh.com;ecdsa-sha2-nistp256;ecdsa-sha2-nistp384;ecdsa-sha2-nistp521;rsa-sha2-256;rsa-sha2-512;ssh-rsa;ssh-dss;ssh-ed25519,aes128-gcm@openssh.com;aes256-gcm@openssh.com;aes256-ctr;arcfour256;arcfour128;aes128-cbc,hmac-sha2-256-etm@openssh.com;hmac-sha1-96;hmac-sha2-512;hmac-sha2-256;hmac-sha1,none,,SSH-2.0-Go,1
0464231341ffc31700f2a3bfbd7c075f,"diffie-hellman-group-exchange-sha256,curve25519-sha256@libssh.org,diffie-hellman-group14-sha256,ecdh-sha2-nistp521,ecdh-sha2-nistp256,diffie-hellman-group-exchange-sha1,diffie-hellman-group14-sha1,ext-info-c,kex-strict-c-v00@openssh.com;chacha20-poly1305@openssh.com,aes256-gcm@openssh.com,aes128-cbc,3des-cbc,aes128-ctr;hmac-sha1-96,hmac-sha1,hmac-sha2-256,hmac-sha2-256-etm@openssh.com;none",diffie-hellman-group-exchange-sha256;curve25519-sha256@libssh.org;diffie-hellman-group14-sha256;ecdh-sha2-nistp521;ecdh-sha2-nistp256;diffie-hellman-group-exchange-sha1;diffie-hellman-group14-sha1;ext-info-c;kex-strict-c-v00@openssh.com,rsa-sha2-256-cert-v01@openssh.com;rsa-sha2-512-cert-v01@openssh.com;ssh-rsa-cert-v01@openssh.com;ssh-dss-cert-v01@openssh.com;ecdsa-sha2-nistp256-cert-v01@openssh.com;ecdsa-sha2-nistp384-cert-v01@openssh.com;ecdsa-sha2-nistp521-cert-v01@openssh.com;ssh-ed25519-cert-v01@openssh.com;ecdsa-sha2-nistp256;ecdsa-sha2-nistp384;ecdsa-sha2-nistp521;rsa-sha2-256;rsa-sha2-512;ssh-rsa;ssh-dss;ssh-ed25519,chacha20-poly1305@openssh.com;aes256-gcm@openssh.com;aes128-cbc;3des-cbc;aes128-ctr,hmac-sha1-96;hmac-sha1;hmac-sha2-256;hmac-sha2-256-etm@openssh.com,none,,SSH-2.0-Go,1
3d58ffb8ba700b3f00a276de82c671f3,"diffie-hellman-group-exchange-sha256,diffie-hellman-group1-sha1,curve25519-sha256,diffie-hellman-group14-sha1,diffie-hellman-group14-sha256,curve25519-sha256@libssh.org,ext-info-c,kex-strict-c-v00@openssh.com;aes256-gcm@openssh.com,aes128-gcm@openssh.com,aes128-cbc,arcfour256,arcfour128,aes128-ctr,aes256-ctr;hmac-sha1-96,hmac-sha2-256,hmac-sha2-256-etm@openssh.com,hmac-sha2-512-etm@openssh.com,hmac-sha1;none",diffie-hellman-group-exchange-sha256;diffie-hellman-group1-sha1;curve25519-sha256;diffie-hellman-group14-sha1;diffie-hellman-group14-sha256;curve25519-sha256@libssh.org;ext-info-c;kex-strict-c-v00@openssh.com,rsa-sha2-256-cert-v01@openssh.com;rsa-sha2-512-cert-v01@openssh.com;ssh-rsa-cert-v01@openssh.com;ssh-dss-cert-v01@openssh.com;ecdsa-sha2-nistp256-cert-v01@openssh.com;ecdsa-sha2-nistp384-cert-v01@openssh.com;ecdsa-sha2-nistp521-cert-v01@openssh.com;ssh-ed25519-cert-v01@openssh.com;ecdsa-sha2-nistp256;ecdsa-sha2-nistp384;ecdsa-sha2-nistp521;rsa-sha2-256;rsa-sha2-512;ssh-rsa;ssh-dss;ssh-ed25519,aes256-gcm@openssh.com;aes128-gcm@openssh.com;aes128-cbc;arcfour256;arcfour128;aes128-ctr;aes256-ctr,hmac-sha1-96;hmac-sha2-256;hmac-sha2-256-etm@openssh.com;hmac-sha2-512-etm@openssh.com;hmac-sha1,none,,SSH-2.0-Go,1
d821c8164b95a8f3a7a1225e687f6677,"ecdh-sha2-nistp384,ecdh-sha2-nistp256,curve25519-sha256@libssh.org,diffie-hellman-group14-sha1,curve25519-sha256,diffie-hellman-group1-sha1,ext-info-c,kex-strict-c-v00@openssh.com;aes128-gcm@openssh.com,chacha20-poly1305@openssh.com,aes128-ctr,aes192-ctr,aes256-gcm@openssh.com,arcfour256;hmac-sha2-256,hmac-sha2-512-etm@openssh.com,hmac-sha2-256-etm@openssh.com,hmac-sha2-512;none",ecdh-sha2-nistp384;ecdh-sha2-nistp256;curve25519-sha256@libssh.org;diffie-hellman-group14-sha1;curve25519-sha256;diffie-hellman-group1-sha1;ext-info-c;kex-strict-c-v00@openssh.com,rsa-sha2-256-cert-v01@openssh.com;rsa-sha2-512-cert-v01@openssh.com;ssh-rsa-cert-v01@openssh.com;ssh-dss-cert-v01@openssh.com;ecdsa-sha2-nistp256-cert-v01@openssh.com;ecdsa-sha2-nistp384-cert-v01@openssh.com;ecdsa-sha2-nistp521-cert-v01@openssh.com;ssh-ed25519-cert-v01@openssh.com;ecdsa-sha2-nistp256;ecdsa-sha2-nistp384;ecdsa-sha2-nistp521;rsa-sha2-256;rsa-sha2-512;ssh-rsa;ssh-dss;ssh-ed25519,aes128-gcm@openssh.com;chacha20-poly1305@openssh.com;aes128-ctr;aes192-ctr;aes256-gcm@openssh.com;arcfour256,hmac-sha2-256;hmac-sha2-512-etm@openssh.com;hmac-sha2-256-etm@openssh.com;hmac-sha2-512,none,,SSH-2.0-Go,1
22f3a61eb8e054a27045bcfe480ce2b2,"ecdh-sha2-nistp521,diffie-hellman-group14-sha256,diffie-hellman-group1-sha1,diffie-hellman-group-exchange-sha256,diffie-hellman-group-exchange-sha1,curve25519-sha256,curve25519-sha256@libssh.org,diffie-hellman-group14-sha1,ext-info-c,kex-strict-c-v00@openssh.com;aes192-ctr,aes256-gcm@openssh.com,aes128-cbc,aes128-gcm@openssh.com,chacha20-poly1305@openssh.com,aes128-ctr;hmac-sha2-256,hmac-sha1,hmac-sha1-96,hmac-sha2-512-etm@openssh.com;none",ecdh-sha2-nistp521;diffie-hellman-group14-sha256;diffie-hellman-group1-sha1;diffie-hellman-group-exchange-sha256;diffie-hellman-group-exchange-sha1;curve25519-sha256;curve25519-sha256@libssh.org;diffie-hellman-group14-sha1;ext-info-c;kex-strict-c-v00@openssh.com,rsa-sha2-256-cert-v01@openssh.com;rsa-sha2-512-cert-v01@openssh.com;ssh-rsa-cert-v01@openssh.com;ssh-dss-cert-v01@openssh.com;ecdsa-sha2-nistp256-cert-v01@openssh.com;ecdsa-sha2-nistp384-cert-v01@openssh.com;ecdsa-sha2-nistp521-cert-v01@openssh.com;ssh-ed25519-cert-v01@openssh.com;ecdsa-sha2-nistp256;ecdsa-sha2-nistp384;ecdsa-sha2-nistp521;rsa-sha2-256;rsa-sha2-512;ssh-rsa;ssh-dss;ssh-ed25519,aes192-ctr;aes256-gcm@openssh.com;aes128-cbc;aes128-gcm@openssh.com;chacha20-poly1305@openssh.com;aes128-ctr,hmac-sha2-256;hmac-sha1;hmac-sha1-96;hmac-sha2-512-etm@openssh.com,none,,SSH-2.0-Go,1
55d41863667bb5cc47276126464ea44f,"curve25519-sha256,curve25519-sha256@libssh.org,ecdh-sha2-nistp521,diffie-hellman-group-exchange-sha256,ecdh-sha2-nistp256,diffie-hellman-group14-sha1,diffie-hellman-group-exchange-sha1,ext-info-c,kex-strict-c-v00@openssh.com;3des-cbc,chacha20-poly1305@openssh.com,arcfour256,aes256-ctr;hmac-sha2-256-etm@openssh.com,hmac-sha2-256,hmac-sha2-512,hmac-sha2-512-etm@openssh.com;none",curve25519-sha256;curve25519-sha256@libssh.org;ecdh-sha2-nistp521;diffie-hellman-group-exchange-sha256;ecdh-sha2-nistp256;diffie-hellman-group14-sha1;diffie-hellman-group-exchange-sha1;ext-info-c;kex-strict-c-v00@openssh.com,rsa-sha2-256-cert-v01@openssh.com;rsa-sha2-512-cert-v01@openssh.com;ssh-rsa-cert-v01@openssh.com;ssh-dss-cert-v01@openssh.com;ecdsa-sha2-nistp256-cert-v01@openssh.com;ecdsa-sha2-nistp384-cert-v01@openssh.com;ecdsa-sha2-nistp521-cert-v01@openssh.com;ssh-ed25519-cert-v01@openssh.com;ecdsa-sha2-nistp256;ecdsa-sha2-nistp384;ecdsa-sha2-nistp521;rsa-sha2-256;rsa-sha2-512;ssh-rsa;ssh-dss;ssh-ed25519,3des-cbc;chacha20-poly1305@openssh.com;arcfour256;aes256-ctr,hmac-sha2-256-etm@openssh.com;hmac-sha2-256;hmac-sha2-512;hmac-sha2-512-etm@openssh.com,none,,SSH-2.0-Go,1
9dd5caf4adf4ad632eeed83433576918,"curve25519-sha256,curve25519-sha256@libssh.org,diffie-hellman-group-exchange-sha1,diffie-hellman-group1-sha1,ecdh-sha2-nistp521,ecdh-sha2-nistp384,ext-info-c,kex-strict-c-v00@openssh.com;aes128-cbc,aes256-ctr,arcfour128,aes128-ctr;hmac-sha2-256,hmac-sha2-256-etm@openssh.com,hmac-sha1-96,hmac-sha2-512,hmac-sha2-512-etm@openssh.com;none",curve25519-sha256;curve25519-sha256@libssh.org;diffie-hellman-group-exchange-sha1;diffie-hellman-group1-sha1;ecdh-sha2-nistp521;ecdh-sha2-nistp384;ext-info-c;kex-strict-c-v00@openssh.com,rsa-sha2-256-cert-v01@openssh.com;rsa-sha2-512-cert-v01@openssh.com;ssh-rsa-cert-v01@openssh.com;ssh-dss-cert-v01@openssh.com;ecdsa-sha2-nistp256-cert-v01@openssh.com;ecdsa-sha2-nistp384-cert-v01@openssh.com;ecdsa-sha2-nistp521-cert-v01@openssh.com;ssh-ed25519-cert-v01@openssh.com;ecdsa-sha2-nistp256;ecdsa-sha2-nistp384;ecdsa-sha2-nistp521;rsa-sha2-256;rsa-sha2-512;ssh-rsa;ssh-dss;ssh-ed25519,aes128-cbc;aes256-ctr;arcfour128;aes128-ctr,hmac-sha2-256;hmac-sha2-256-etm@openssh.com;hmac-sha1-96;hmac-sha2-512;hmac-sha2-512-etm@openssh.com,none,,SSH-2.0-Go,1
1d8de7828b3a592b37acf02f687f85e4,"diffie-hellman-group-exchange-sha1,ecdh-sha2-nistp256,diffie-hellman-group-exchange-sha256,ecdh-sha2-nistp521,ecdh-sha2-nistp384,ext-info-c,kex-strict-c-v00@openssh.com;3des-cbc,chacha20-poly1305@openssh.com,aes128-gcm@openssh.com,aes128-ctr,arcfour256,aes256-gcm@openssh.com;hmac-sha1-96,hmac-sha2-256-etm@openssh.com,hmac-sha2-512,hmac-sha2-512-etm@openssh.com;none",diffie-hellman-group-exchange-sha1;ecdh-sha2-nistp256;diffie-hellman-group-exchange-sha256;ecdh-sha2-nistp521;ecdh-sha2-nistp384;ext-info-c;kex-strict-c-v00@openssh.com,rsa-sha2-256-cert-v01@openssh.com;rsa-sha2-512-cert-v01@openssh.com;ssh-rsa-cert-v01@openssh.com;ssh-dss-cert-v01@openssh.com;ecdsa-sha2-nistp256-cert-v01@openssh.com;ecdsa-sha2-nistp384-cert-v01@openssh.com;ecdsa-sha2-nistp521-cert-v01@openssh.com;ssh-ed25519-cert-v01@openssh.com;ecdsa-sha2-nistp256;ecdsa-sha2-nistp384;ecdsa-sha2-nistp521;rsa-sha2-256;rsa-sha2-512;ssh-rsa;ssh-dss;ssh-ed25519,3des-cbc;chacha20-poly1305@openssh.com;aes128-gcm@openssh.com;aes128-ctr;arcfour256;aes256-gcm@openssh.com,hmac-sha1-96;hmac-sha2-256-etm@openssh.com;hmac-sha2-512;hmac-sha2-512-etm@openssh.com,none,,SSH-2.0-Go,1
9b55f9faa4820a3b37c5ac4c66fbd107,"diffie-hellman-group-exchange-sha256,diffie-hellman-group14-sha1,diffie-hellman-group-exchange-sha1,curve25519-sha256,curve25519-sha256@libssh.org,diffie-hellman-group1-sha1,ecdh-sha2-nistp256,ext-info-c,kex-strict-c-v00@openssh.com;chacha20-poly1305@openssh.com,arcfour256,aes128-cbc,aes256-gcm@openssh.com;hmac-sha1,hmac-sha1-96,hmac-sha2-512-etm@openssh.com;none",diffie-hellman-group-exchange-sha256;diffie-hellman-group14-sha1;diffie-hellman-group-exchange-sha1;curve25519-sha256;curve25519-sha256@libssh.org;diffie-hellman-group1-sha1;ecdh-sha2-nistp256;ext-info-c;kex-strict-c-v00@openssh.com,rsa-sha2-256-cert-v01@openssh.com;rsa-sha2-512-cert-v01@openssh.com;ssh-rsa-cert-v01@openssh.com;ssh-dss-cert-v01@openssh.com;ecdsa-sha2-nistp256-cert-v01@openssh.com;ecdsa-sha2-nistp384-cert-v01@openssh.com;ecdsa-sha2-nistp521-cert-v01@openssh.com;ssh-ed25519-cert-v01@openssh.com;ecdsa-sha2-nistp256;ecdsa-sha2-nistp384;ecdsa-sha2-nistp521;rsa-sha2-256;rsa-sha2-512;ssh-rsa;ssh-dss;ssh-ed25519,chacha20-poly1305@openssh.com;arcfour256;aes128-cbc;aes256-gcm@openssh.com,hmac-sha1;hmac-sha1-96;hmac-sha2-512-etm@openssh.com,none,,SSH-2.0-Go,1
ae2d9f0a4861ce31292386b19612b8ce,"curve25519-sha256@libssh.org,curve25519-sha256,diffie-hellman-group-exchange-sha256,diffie-hellman-group-exchange-sha1,ecdh-sha2-nistp384,ext-info-c,kex-strict-c-v00@openssh.com;aes256-ctr,aes128-ctr,aes256-gcm@openssh.com,arcfour256,arcfour128;hmac-sha2-512-etm@openssh.com,hmac-sha1,hmac-sha2-256-etm@openssh.com,hmac-sha2-256;none",curve25519-sha256@libssh.org;curve25519-sha256;diffie-hellman-group-exchange-sha256;diffie-hellman-group-exchange-sha1;ecdh-sha2-nistp384;ext-info-c;kex-strict-c-v00@openssh.com,rsa-sha2-256-cert-v01@openssh.com;rsa-sha2-512-cert-v01@openssh.com;ssh-rsa-cert-v01@openssh.com;ssh-dss-cert-v01@openssh.com;ecdsa-sha2-nistp256-cert-v01@openssh.com;ecdsa-sha2-nistp384-cert-v01@openssh.com;ecdsa-sha2-nistp521-cert-v01@openssh.com;ssh-ed25519-cert-v01@openssh.com;ecdsa-sha2-nistp256;ecdsa-sha2-nistp384;ecdsa-sha2-nistp521;rsa-sha2-256;rsa-sha2-512;ssh-rsa;ssh-dss;ssh-ed25519,aes256-ctr;aes128-ctr;aes256-gcm@openssh.com;arcfour256;arcfour128,hmac-sha2-512-etm@openssh.com;hmac-sha1;hmac-sha2-256-etm@openssh.com;hmac-sha2-256,none,,SSH-2.0-Go,1
b8de1f3e7256ceabf220f30a3475b0ee,"ecdh-sha2-nistp256,curve25519-sha256,curve25519-sha256@libssh.org,diffie-hellman-group14-sha256,diffie-hellman-group-exchange-sha256,ecdh-sha2-nistp384,diffie-hellman-group14-sha1,diffie-hellman-group1-sha1,ext-info-c,kex-strict-c-v00@openssh.com;aes128-cbc,aes256-ctr,aes128-gcm@openssh.com,arcfour128;hmac-sha2-512-etm@openssh.com,hmac-sha1,hmac-sha2-256-etm@openssh.com,hmac-sha2-512,hmac-sha2-256,hmac-sha1-96;none",ecdh-sha2-nistp256;curve25519-sha256;curve25519-sha256@libssh.org;diffie-hellman-group14-sha256;diffie-hellman-group-exchange-sha256;ecdh-sha2-nistp384;diffie-hellman-group14-sha1;diffie-hellman-group1-sha1;ext-info-c;kex-strict-c-v00@openssh.com,rsa-sha2-256-cert-v01@openssh.com;rsa-sha2-512-cert-v01@openssh.com;ssh-rsa-cert-v01@openssh.com;ssh-dss-cert-v01@openssh.com;ecdsa-sha2-nistp256-cert-v01@openssh.com;ecdsa-sha2-nistp384-cert-v01@openssh.com;ecdsa-sha2-nistp521-cert-v01@openssh.com;ssh-ed25519-cert-v01@openssh.com;ecdsa-sha2-nistp256;ecdsa-sha2-nistp384;ecdsa-sha2-nistp521;rsa-sha2-256;rsa-sha2-512;ssh-rsa;ssh-dss;ssh-ed25519,aes128-cbc;aes256-ctr;aes128-gcm@openssh.com;arcfour128,hmac-sha2-512-etm@openssh.com;hmac-sha1;hmac-sha2-256-etm@openssh.com;hmac-sha2-512;hmac-sha2-256;hmac-sha1-96,none,,SSH-2.0-Go,1
cf5b87e26f692f20fe3279eceb6b15d7,"curve25519-sha256,diffie-hellman-group14-sha1,diffie-hellman-group14-sha256,diffie-hellman-group-exchange-sha256,curve25519-sha256@libssh.org,ecdh-sha2-nistp521,ecdh-sha2-nistp384,ext-info-c,kex-strict-c-v00@openssh.com;aes256-gcm@openssh.com,aes128-ctr,arcfour128,aes192-ctr,aes256-ctr,arcfour256;hmac-sha1,hmac-sha2-256-etm@openssh.com,hmac-sha2-512-etm@openssh.com;none",curve25519-sha256;diffie-hellman-group14-sha1;diffie-hellman-group14-sha256;diffie-hellman-group-exchange-sha256;curve25519-sha256@libssh.org;ecdh-sha2-nistp521;ecdh-sha2-nistp384;ext-info-c;kex-strict-c-v00@openssh.com,rsa-sha2-256-cert-v01@openssh.com;rsa-sha2-512-cert-v01@openssh.com;ssh-rsa-cert-v01@openssh.com;ssh-dss-cert-v01@openssh.com;ecdsa-sha2-nistp256-cert-v01@openssh.com;ecdsa-sha2-nistp384-cert-v01@openssh.com;ecdsa-sha2-nistp521-cert-v01@openssh.com;ssh-ed25519-cert-v01@openssh.com;ecdsa-sha2-nistp256;ecdsa-sha2-nistp384;ecdsa-sha2-nistp521;rsa-sha2-256;rsa-sha2-512;ssh-rsa;ssh-dss;ssh-ed25519,aes256-gcm@openssh.com;aes128-ctr;arcfour128;aes192-ctr;aes256-ctr;arcfour256,hmac-sha1;hmac-sha2-256-etm@openssh.com;hmac-sha2-512-etm@openssh.com,none,,SSH-2.0-Go,1
ce467f226b4dc86359a0e8c3f895bfd2,"curve25519-sha256,diffie-hellman-group14-sha256,diffie-hellman-group14-sha1,curve25519-sha256@libssh.org,ecdh-sha2-nistp256,ext-info-c,kex-strict-c-v00@openssh.com;aes192-ctr,3des-cbc,arcfour256,chacha20-poly1305@openssh.com,aes256-gcm@openssh.com;hmac-sha2-256-etm@openssh.com,hmac-sha2-512-etm@openssh.com,hmac-sha2-256,hmac-sha1;none",curve25519-sha256;diffie-hellman-group14-sha256;diffie-hellman-group14-sha1;curve25519-sha256@libssh.org;ecdh-sha2-nistp256;ext-info-c;kex-strict-c-v00@openssh.com,rsa-sha2-256-cert-v01@openssh.com;rsa-sha2-512-cert-v01@openssh.com;ssh-rsa-cert-v01@openssh.com;ssh-dss-cert-v01@openssh.com;ecdsa-sha2-nistp256-cert-v01@openssh.com;ecdsa-sha2-nistp384-cert-v01@openssh.com;ecdsa-sha2-nistp521-cert-v01@openssh.com;ssh-ed25519-cert-v01@openssh.com;ecdsa-sha2-nistp256;ecdsa-sha2-nistp384;ecdsa-sha2-nistp521;rsa-sha2-256;rsa-sha2-512;ssh-rsa;ssh-dss;ssh-ed25519,aes192-ctr;3des-cbc;arcfour256;chacha20-poly1305@openssh.com;aes256-gcm@openssh.com,hmac-sha2-256-etm@openssh.com;hmac-sha2-512-etm@openssh.com;hmac-sha2-256;hmac-sha1,none,,SSH-2.0-Go,1
64787738f141d441aa6f766a53392425,"diffie-hellman-group14-sha1,diffie-hellman-group14-sha256,curve25519-sha256,curve25519-sha256@libssh.org,diffie-hellman-group-exchange-sha256,ecdh-sha2-nistp256,ecdh-sha2-nistp384,ext-info-c,kex-strict-c-v00@openssh.com;aes128-gcm@openssh.com,arcfour128,aes256-ctr,chacha20-poly1305@openssh.com,aes128-cbc;hmac-sha2-256-etm@openssh.com,hmac-sha2-512,hmac-sha2-512-etm@openssh.com,hmac-sha2-256,hmac-sha1-96;none",diffie-hellman-group14-sha1;diffie-hellman-group14-sha256;curve25519-sha256;curve25519-sha256@libssh.org;diffie-hellman-group-exchange-sha256;ecdh-sha2-nistp256;ecdh-sha2-nistp384;ext-info-c;kex-strict-c-v00@openssh.com,rsa-sha2-256-cert-v01@openssh.com;rsa-sha2-512-cert-v01@openssh.com;ssh-rsa-cert-v01@openssh.com;ssh-dss-cert-v01@openssh.com;ecdsa-sha2-nistp256-cert-v01@openssh.com;ecdsa-sha2-nistp384-cert-v01@openssh.com;ecdsa-sha2-nistp521-cert-v01@openssh.com;ssh-ed25519-cert-v01@openssh.com;ecdsa-sha2-nistp256;ecdsa-sha2-nistp384;ecdsa-sha2-nistp521;rsa-sha2-256;rsa-sha2-512;ssh-rsa;ssh-dss;ssh-ed25519,aes128-gcm@openssh.com;arcfour128;aes256-ctr;chacha20-poly1305@openssh.com;aes128-cbc,hmac-sha2-256-etm@openssh.com;hmac-sha2-512;hmac-sha2-512-etm@openssh.com;hmac-sha2-256;hmac-sha1-96,none,,SSH-2.0-Go,1
7ae1a356b83ddddaf09befb72f5d4f3f,"diffie-hellman-group-exchange-sha256,curve25519-sha256@libssh.org,diffie-hellman-group14-sha1,diffie-hellman-group1-sha1,ecdh-sha2-nistp256,ext-info-c,kex-strict-c-v00@openssh.com;chacha20-poly1305@openssh.com,aes256-ctr,aes192-ctr,arcfour128,aes256-gcm@openssh.com,aes128-gcm@openssh.com,aes128-ctr;hmac-sha1-96,hmac-sha2-256-etm@openssh.com,hmac-sha1,hmac-sha2-512-etm@openssh.com;none",diffie-hellman-group-exchange-sha256;curve25519-sha256@libssh.org;diffie-hellman-group14-sha1;diffie-hellman-group1-sha1;ecdh-sha2-nistp256;ext-info-c;kex-strict-c-v00@openssh.com,rsa-sha2-256-cert-v01@openssh.com;rsa-sha2-512-cert-v01@openssh.com;ssh-rsa-cert-v01@openssh.com;ssh-dss-cert-v01@openssh.com;ecdsa-sha2-nistp256-cert-v01@openssh.com;ecdsa-sha2-nistp384-cert-v01@openssh.com;ecdsa-sha2-nistp521-cert-v01@openssh.com;ssh-ed25519-cert-v01@openssh.com;ecdsa-sha2-nistp256;ecdsa-sha2-nistp384;ecdsa-sha2-nistp521;rsa-sha2-256;rsa-sha2-512;ssh-rsa;ssh-dss;ssh-ed25519,chacha20-poly1305@openssh.com;aes256-ctr;aes192-ctr;arcfour128;aes256-gcm@openssh.com;aes128-gcm@openssh.com;aes128-ctr,hmac-sha1-96;hmac-sha2-256-etm@openssh.com;hmac-sha1;hmac-sha2-512-etm@openssh.com,none,,SSH-2.0-Go,1
ab3a4e07cfa8106a0dda61db607c16a7,"curve25519-sha256@libssh.org,diffie-hellman-group1-sha1,diffie-hellman-group14-sha256,diffie-hellman-group-exchange-sha1,ecdh-sha2-nistp256,diffie-hellman-group14-sha1,ext-info-c,kex-strict-c-v00@openssh.com;aes128-gcm@openssh.com,aes256-gcm@openssh.com,arcfour256,aes128-cbc;hmac-sha1,hmac-sha2-512,hmac-sha2-256,hmac-sha2-512-etm@openssh.com;none",curve25519-sha256@libssh.org;diffie-hellman-group1-sha1;diffie-hellman-group14-sha256;diffie-hellman-group-exchange-sha1;ecdh-sha2-nistp256;diffie-hellman-group14-sha1;ext-info-c;kex-strict-c-v00@openssh.com,rsa-sha2-256-cert-v01@openssh.com;rsa-sha2-512-cert-v01@openssh.com;ssh-rsa-cert-v01@openssh.com;ssh-dss-cert-v01@openssh.com;ecdsa-sha2-nistp256-cert-v01@openssh.com;ecdsa-sha2-nistp384-cert-v01@openssh.com;ecdsa-sha2-nistp521-cert-v01@openssh.com;ssh-ed25519-cert-v01@openssh.com;ecdsa-sha2-nistp256;ecdsa-sha2-nistp384;ecdsa-sha2-nistp521;rsa-sha2-256;rsa-sha2-512;ssh-rsa;ssh-dss;ssh-ed25519,aes128-gcm@openssh.com;aes256-gcm@openssh.com;arcfour256;aes128-cbc,hmac-sha1;hmac-sha2-512;hmac-sha2-256;hmac-sha2-512-etm@openssh.com,none,,SSH-2.0-Go,1
48983fe75bee6c406e656b2f3fbd66ba,"diffie-hellman-group-exchange-sha1,diffie-hellman-group14-sha256,ecdh-sha2-nistp521,diffie-hellman-group-exchange-sha256,curve25519-sha256@libssh.org,ext-info-c,kex-strict-c-v00@openssh.com;aes128-cbc,aes128-ctr,aes128-gcm@openssh.com,aes256-ctr,chacha20-poly1305@openssh.com,aes256-gcm@openssh.com;hmac-sha1,hmac-sha2-256,hmac-sha2-512-etm@openssh.com,hmac-sha2-256-etm@openssh.com;none",diffie-hellman-group-exchange-sha1;diffie-hellman-group14-sha256;ecdh-sha2-nistp521;diffie-hellman-group-exchange-sha256;curve25519-sha256@libssh.org;ext-info-c;kex-strict-c-v00@openssh.com,rsa-sha2-256-cert-v01@openssh.com;rsa-sha2-512-cert-v01@openssh.com;ssh-rsa-cert-v01@openssh.com;ssh-dss-cert-v01@openssh.com;ecdsa-sha2-nistp256-cert-v01@openssh.com;ecdsa-sha2-nistp384-cert-v01@openssh.com;ecdsa-sha2-nistp521-cert-v01@openssh.com;ssh-ed25519-cert-v01@openssh.com;ecdsa-sha2-nistp256;ecdsa-sha2-nistp384;ecdsa-sha2-nistp521;rsa-sha2-256;rsa-sha2-512;ssh-rsa;ssh-dss;ssh-ed25519,aes128-cbc;aes128-ctr;aes128-gcm@openssh.com;aes256-ctr;chacha20-poly1305@openssh.com;aes256-gcm@openssh.com,hmac-sha1;hmac-sha2-256;hmac-sha2-512-etm@openssh.com;hmac-sha2-256-etm@openssh.com,none,,SSH-2.0-Go,1
344d248722bbef7da2ad8dcda6615ba1,"ecdh-sha2-nistp384,diffie-hellman-group-exchange-sha1,diffie-hellman-group14-sha1,ecdh-sha2-nistp256,diffie-hellman-group1-sha1,curve25519-sha256,curve25519-sha256@libssh.org,diffie-hellman-group14-sha256,ext-info-c,kex-strict-c-v00@openssh.com;arcfour256,arcfour128,3des-cbc,aes128-cbc,aes192-ctr,aes128-ctr;hmac-sha1-96,hmac-sha2-256,hmac-sha2-512,hmac-sha2-256-etm@openssh.com,hmac-sha2-512-etm@openssh.com;none",ecdh-sha2-nistp384;diffie-hellman-group-exchange-sha1;diffie-hellman-group14-sha1;ecdh-sha2-nistp256;diffie-hellman-group1-sha1;curve25519-sha256;curve25519-sha256@libssh.org;diffie-hellman-group14-sha256;ext-info-c;kex-strict-c-v00@openssh.com,rsa-sha2-256-cert-v01@openssh.com;rsa-sha2-512-cert-v01@openssh.com;ssh-rsa-cert-v01@openssh.com;ssh-dss-cert-v01@openssh.com;ecdsa-sha2-nistp256-cert-v01@openssh.com;ecdsa-sha2-nistp384-cert-v01@openssh.com;ecdsa-sha2-nistp521-cert-v01@openssh.com;ssh-ed25519-cert-v01@openssh.com;ecdsa-sha2-nistp256;ecdsa-sha2-nistp384;ecdsa-sha2-nistp521;rsa-sha2-256;rsa-sha2-512;ssh-rsa;ssh-dss;ssh-ed25519,arcfour256;arcfour128;3des-cbc;aes128-cbc;aes192-ctr;aes128-ctr,hmac-sha1-96;hmac-sha2-256;hmac-sha2-512;hmac-sha2-256-etm@openssh.com;hmac-sha2-512-etm@openssh.com,none,,SSH-2.0-Go,1
ecf53a1205f6d5db59c0b3b75ada9bec,"ecdh-sha2-nistp521,ecdh-sha2-nistp256,diffie-hellman-group-exchange-sha256,diffie-hellman-group14-sha256,diffie-hellman-group14-sha1,diffie-hellman-group-exchange-sha1,ext-info-c,kex-strict-c-v00@openssh.com;aes128-gcm@openssh.com,3des-cbc,aes256-gcm@openssh.com,arcfour128,aes192-ctr,chacha20-poly1305@openssh.com,aes128-cbc;hmac-sha2-256,hmac-sha2-512-etm@openssh.com,hmac-sha1-96,hmac-sha2-256-etm@openssh.com;none",ecdh-sha2-nistp521;ecdh-sha2-nistp256;diffie-hellman-group-exchange-sha256;diffie-hellman-group14-sha256;diffie-hellman-group14-sha1;diffie-hellman-group-exchange-sha1;ext-info-c;kex-strict-c-v00@openssh.com,rsa-sha2-256-cert-v01@openssh.com;rsa-sha2-512-cert-v01@openssh.com;ssh-rsa-cert-v01@openssh.com;ssh-dss-cert-v01@openssh.com;ecdsa-sha2-nistp256-cert-v01@openssh.com;ecdsa-sha2-nistp384-cert-v01@openssh.com;ecdsa-sha2-nistp521-cert-v01@openssh.com;ssh-ed25519-cert-v01@openssh.com;ecdsa-sha2-nistp256;ecdsa-sha2-nistp384;ecdsa-sha2-nistp521;rsa-sha2-256;rsa-sha2-512;ssh-rsa;ssh-dss;ssh-ed25519,aes128-gcm@openssh.com;3des-cbc;aes256-gcm@openssh.com;arcfour128;aes192-ctr;chacha20-poly1305@openssh.com;aes128-cbc,hmac-sha2-256;hmac-sha2-512-etm@openssh.com;hmac-sha1-96;hmac-sha2-256-etm@openssh.com,none,,SSH-2.0-Go,1
98b833f1de19073267c04f0032b24d87,"diffie-hellman-group-exchange-sha256,ecdh-sha2-nistp521,diffie-hellman-group-exchange-sha1,curve25519-sha256@libssh.org,curve25519-sha256,ecdh-sha2-nistp384,diffie-hellman-group14-sha1,ext-info-c,kex-strict-c-v00@openssh.com;aes128-gcm@openssh.com,arcfour256,3des-cbc,arcfour128,aes256-gcm@openssh.com,aes256-ctr;hmac-sha2-512-etm@openssh.com,hmac-sha2-256-etm@openssh.com,hmac-sha1-96,hmac-sha2-256,hmac-sha1;none",diffie-hellman-group-exchange-sha256;ecdh-sha2-nistp521;diffie-hellman-group-exchange-sha1;curve25519-sha256@libssh.org;curve25519-sha256;ecdh-sha2-nistp384;diffie-hellman-group14-sha1;ext-info-c;kex-strict-c-v00@openssh.com,rsa-sha2-256-cert-v01@openssh.com;rsa-sha2-512-cert-v01@openssh.com;ssh-rsa-cert-v01@openssh.com;ssh-dss-cert-v01@openssh.com;ecdsa-sha2-nistp256-cert-v01@openssh.com;ecdsa-sha2-nistp384-cert-v01@openssh.com;ecdsa-sha2-nistp521-cert-v01@openssh.com;ssh-ed25519-cert-v01@openssh.com;ecdsa-sha2-nistp256;ecdsa-sha2-nistp384;ecdsa-sha2-nistp521;rsa-sha2-256;rsa-sha2-512;ssh-rsa;ssh-dss;ssh-ed25519,aes128-gcm@openssh.com;arcfour256;3des-cbc;arcfour128;aes256-gcm@openssh.com;aes256-ctr,hmac-sha2-512-etm@openssh.com;hmac-sha2-256-etm@openssh.com;hmac-sha1-96;hmac-sha2-256;hmac-sha1,none,,SSH-2.0-Go,1
1ed6449021c70e2168efea7b670a1120,"ecdh-sha2-nistp256,diffie-hellman-group-exchange-sha1,ecdh-sha2-nistp521,diffie-hellman-group1-sha1,curve25519-sha256,curve25519-sha256@libssh.org,diffie-hellman-group14-sha1,ext-info-c,kex-strict-c-v00@openssh.com;aes192-ctr,aes128-ctr,aes128-cbc,aes256-ctr;hmac-sha2-512,hmac-sha2-256-etm@openssh.com,hmac-sha1-96,hmac-sha2-512-etm@openssh.com;none",ecdh-sha2-nistp256;diffie-hellman-group-exchange-sha1;ecdh-sha2-nistp521;diffie-hellman-group1-sha1;curve25519-sha256;curve25519-sha256@libssh.org;diffie-hellman-group14-sha1;ext-info-c;kex-strict-c-v00@openssh.com,rsa-sha2-256-cert-v01@openssh.com;rsa-sha2-512-cert-v01@openssh.com;ssh-rsa-cert-v01@openssh.com;ssh-dss-cert-v01@openssh.com;ecdsa-sha2-nistp256-cert-v01@openssh.com;ecdsa-sha2-nistp384-cert-v01@openssh.com;ecdsa-sha2-nistp521-cert-v01@openssh.com;ssh-ed25519-cert-v01@openssh.com;ecdsa-sha2-nistp256;ecdsa-sha2-nistp384;ecdsa-sha2-nistp521;rsa-sha2-256;rsa-sha2-512;ssh-rsa;ssh-dss;ssh-ed25519,aes192-ctr;aes128-ctr;aes128-cbc;aes256-ctr,hmac-sha2-512;hmac-sha2-256-etm@openssh.com;hmac-sha1-96;hmac-sha2-512-etm@openssh.com,none,,SSH-2.0-Go,1
e620cb7b00936ca5b329d9e3cfdb292e,"curve25519-sha256,curve25519-sha256@libssh.org,diffie-hellman-group14-sha256,ecdh-sha2-nistp384,diffie-hellman-group1-sha1,diffie-hellman-group14-sha1,ext-info-c,kex-strict-c-v00@openssh.com;aes128-ctr,chacha20-poly1305@openssh.com,aes128-cbc,aes256-ctr;hmac-sha1-96,hmac-sha2-512-etm@openssh.com,hmac-sha1,hmac-sha2-256-etm@openssh.com;none",curve25519-sha256;curve25519-sha256@libssh.org;diffie-hellman-group14-sha256;ecdh-sha2-nistp384;diffie-hellman-group1-sha1;diffie-hellman-group14-sha1;ext-info-c;kex-strict-c-v00@openssh.com,rsa-sha2-256-cert-v01@openssh.com;rsa-sha2-512-cert-v01@openssh.com;ssh-rsa-cert-v01@openssh.com;ssh-dss-cert-v01@openssh.com;ecdsa-sha2-nistp256-cert-v01@openssh.com;ecdsa-sha2-nistp384-cert-v01@openssh.com;ecdsa-sha2-nistp521-cert-v01@openssh.com;ssh-ed25519-cert-v01@openssh.com;ecdsa-sha2-nistp256;ecdsa-sha2-nistp384;ecdsa-sha2-nistp521;rsa-sha2-256;rsa-sha2-512;ssh-rsa;ssh-dss;ssh-ed25519,aes128-ctr;chacha20-poly1305@openssh.com;aes128-cbc;aes256-ctr,hmac-sha1-96;hmac-sha2-512-etm@openssh.com;hmac-sha1;hmac-sha2-256-etm@openssh.com,none,,SSH-2.0-Go,1
4f6d27fc72adf2310c1b7477daaf48c6,"diffie-hellman-group-exchange-sha256,diffie-hellman-group1-sha1,diffie-hellman-group14-sha256,ecdh-sha2-nistp521,ecdh-sha2-nistp256,ext-info-c,kex-strict-c-v00@openssh.com;aes128-cbc,aes128-gcm@openssh.com,aes128-ctr,arcfour128,3des-cbc,chacha20-poly1305@openssh.com,aes192-ctr;hmac-sha1,hmac-sha2-512,hmac-sha1-96,hmac-sha2-256-etm@openssh.com;none",diffie-hellman-group-exchange-sha256;diffie-hellman-group1-sha1;diffie-hellman-group14-sha256;ecdh-sha2-nistp521;ecdh-sha2-nistp256;ext-info-c;kex-strict-c-v00@openssh.com,rsa-sha2-256-cert-v01@openssh.com;rsa-sha2-512-cert-v01@openssh.com;ssh-rsa-cert-v01@openssh.com;ssh-dss-cert-v01@openssh.com;ecdsa-sha2-nistp256-cert-v01@openssh.com;ecdsa-sha2-nistp384-cert-v01@openssh.com;ecdsa-sha2-nistp521-cert-v01@openssh.com;ssh-ed25519-cert-v01@openssh.com;ecdsa-sha2-nistp256;ecdsa-sha2-nistp384;ecdsa-sha2-nistp521;rsa-sha2-256;rsa-sha2-512;ssh-rsa;ssh-dss;ssh-ed25519,aes128-cbc;aes128-gcm@openssh.com;aes128-ctr;arcfour128;3des-cbc;chacha20-poly1305@openssh.com;aes192-ctr,hmac-sha1;hmac-sha2-512;hmac-sha1-96;hmac-sha2-256-etm@openssh.com,none,,SSH-2.0-Go,1
583310c3be8303ac96a4948144e44019,"curve25519-sha256,curve25519-sha256@libssh.org,ecdh-sha2-nistp521,diffie-hellman-group14-sha1,diffie-hellman-group14-sha256,ecdh-sha2-nistp384,diffie-hellman-group-exchange-sha256,ext-info-c,kex-strict-c-v00@openssh.com;aes256-ctr,aes256-gcm@openssh.com,3des-cbc,arcfour128;hmac-sha1,hmac-sha2-256,hmac-sha2-256-etm@openssh.com,hmac-sha2-512;none",curve25519-sha256;curve25519-sha256@libssh.org;ecdh-sha2-nistp521;diffie-hellman-group14-sha1;diffie-hellman-group14-sha256;ecdh-sha2-nistp384;diffie-hellman-group-exchange-sha256;ext-info-c;kex-strict-c-v00@openssh.com,rsa-sha2-256-cert-v01@openssh.com;rsa-sha2-512-cert-v01@openssh.com;ssh-rsa-cert-v01@openssh.com;ssh-dss-cert-v01@openssh.com;ecdsa-sha2-nistp256-cert-v01@openssh.com;ecdsa-sha2-nistp384-cert-v01@openssh.com;ecdsa-sha2-nistp521-cert-v01@openssh.com;ssh-ed25519-cert-v01@openssh.com;ecdsa-sha2-nistp256;ecdsa-sha2-nistp384;ecdsa-sha2-nistp521;rsa-sha2-256;rsa-sha2-512;ssh-rsa;ssh-dss;ssh-ed25519,aes256-ctr;aes256-gcm@openssh.com;3des-cbc;arcfour128,hmac-sha1;hmac-sha2-256;hmac-sha2-256-etm@openssh.com;hmac-sha2-512,none,,SSH-2.0-Go,1
d3fe0a76fbacff2f5bb9d2c30ceab28f,"diffie-hellman-group-exchange-sha1,diffie-hellman-group-exchange-sha256,curve25519-sha256,curve25519-sha256@libssh.org,diffie-hellman-group1-sha1,ecdh-sha2-nistp256,ecdh-sha2-nistp384,ecdh-sha2-nistp521,ext-info-c,kex-strict-c-v00@openssh.com;aes128-cbc,arcfour128,aes256-ctr,3des-cbc,aes128-ctr;hmac-sha2-512,hmac-sha2-512-etm@openssh.com,hmac-sha1,hmac-sha2-256;none",diffie-hellman-group-exchange-sha1;diffie-hellman-group-exchange-sha256;curve25519-sha256;curve25519-sha256@libssh.org;diffie-hellman-group1-sha1;ecdh-sha2-nistp256;ecdh-sha2-nistp384;ecdh-sha2-nistp521;ext-info-c;kex-strict-c-v00@openssh.com,rsa-sha2-256-cert-v01@openssh.com;rsa-sha2-512-cert-v01@openssh.com;ssh-rsa-cert-v01@openssh.com;ssh-dss-cert-v01@openssh.com;ecdsa-sha2-nistp256-cert-v01@openssh.com;ecdsa-sha2-nistp384-cert-v01@openssh.com;ecdsa-sha2-nistp521-cert-v01@openssh.com;ssh-ed25519-cert-v01@openssh.com;ecdsa-sha2-nistp256;ecdsa-sha2-nistp384;ecdsa-sha2-nistp521;rsa-sha2-256;rsa-sha2-512;ssh-rsa;ssh-dss;ssh-ed25519,aes128-cbc;arcfour128;aes256-ctr;3des-cbc;aes128-ctr,hmac-sha2-512;hmac-sha2-512-etm@openssh.com;hmac-sha1;hmac-sha2-256,none,,SSH-2.0-Go,1
2f5ebb184f5d02324eed9a822f5259dc,"curve25519-sha256,curve25519-sha256@libssh.org,diffie-hellman-group14-sha256,diffie-hellman-group16-sha512,diffie-hellman-group18-sha512,diffie-hellman-group14-sha1,ext-info-c;chacha20-poly1305@openssh.com,aes128-gcm@openssh.com,aes256-gcm@openssh.com,aes128-ctr,aes192-ctr,aes256-ctr,aes128-cbc,aes192-cbc,aes256-cbc;hmac-sha2-256-etm@openssh.com,hmac-sha2-512-etm@openssh.com,hmac-sha2-256,hmac-sha2-512,hmac-sha1-etm@openssh.com,hmac-sha1;none",curve25519-sha256;curve25519-sha256@libssh.org;diffie-hellman-group14-sha256;diffie-hellman-group16-sha512;diffie-hellman-group18-sha512;diffie-hellman-group14-sha1;ext-info-c,ssh-ed25519;rsa-sha2-256;rsa-sha2-512;ecdsa-sha2-nistp256;ecdsa-sha2-nistp384;ssh-rsa,chacha20-poly1305@openssh.com;aes128-gcm@openssh.com;aes256-gcm@openssh.com;aes128-ctr;aes192-ctr;aes256-ctr;aes128-cbc;aes192-cbc;aes256-cbc,hmac-sha2-256-etm@openssh.com;hmac-sha2-512-etm@openssh.com;hmac-sha2-256;hmac-sha2-512;hmac-sha1-etm@openssh.com;hmac-sha1,none,,SSH-2.0-makiko,1
8ba7477552184c7edc8ba0f62d2ed17f,"diffie-hellman-group-exchange-sha256,diffie-hellman-group14-sha1,curve25519-sha256@libssh.org,curve25519-sha256,diffie-hellman-group-exchange-sha1,ext-info-c,kex-strict-c-v00@openssh.com;aes128-gcm@openssh.com,aes192-ctr,arcfour128,chacha20-poly1305@openssh.com;hmac-sha2-256,hmac-sha2-256-etm@openssh.com,hmac-sha2-512-etm@openssh.com,hmac-sha1-96;none",diffie-hellman-group-exchange-sha256;diffie-hellman-group14-sha1;curve25519-sha256@libssh.org;curve25519-sha256;diffie-hellman-group-exchange-sha1;ext-info-c;kex-strict-c-v00@openssh.com,rsa-sha2-256-cert-v01@openssh.com;rsa-sha2-512-cert-v01@openssh.com;ssh-rsa-cert-v01@openssh.com;ssh-dss-cert-v01@openssh.com;ecdsa-sha2-nistp256-cert-v01@openssh.com;ecdsa-sha2-nistp384-cert-v01@openssh.com;ecdsa-sha2-nistp521-cert-v01@openssh.com;ssh-ed25519-cert-v01@openssh.com;ecdsa-sha2-nistp256;ecdsa-sha2-nistp384;ecdsa-sha2-nistp521;rsa-sha2-256;rsa-sha2-512;ssh-rsa;ssh-dss;ssh-ed25519,aes128-gcm@openssh.com;aes192-ctr;arcfour128;chacha20-poly1305@openssh.com,hmac-sha2-256;hmac-sha2-256-etm@openssh.com;hmac-sha2-512-etm@openssh.com;hmac-sha1-96,none,,SSH-2.0-Go,1
b3e51defad8cc995643c95900dd154b3,"ecdh-sha2-nistp256,curve25519-sha256,curve25519-sha256@libssh.org,diffie-hellman-group-exchange-sha256,diffie-hellman-group1-sha1,ecdh-sha2-nistp521,diffie-hellman-group14-sha1,diffie-hellman-group-exchange-sha1,ext-info-c,kex-strict-c-v00@openssh.com;aes128-ctr,arcfour128,aes256-ctr,chacha20-poly1305@openssh.com,aes128-gcm@openssh.com;hmac-sha1-96,hmac-sha1,hmac-sha2-512,hmac-sha2-512-etm@openssh.com;none",ecdh-sha2-nistp256;curve25519-sha256;curve25519-sha256@libssh.org;diffie-hellman-group-exchange-sha256;diffie-hellman-group1-sha1;ecdh-sha2-nistp521;diffie-hellman-group14-sha1;diffie-hellman-group-exchange-sha1;ext-info-c;kex-strict-c-v00@openssh.com,rsa-sha2-256-cert-v01@openssh.com;rsa-sha2-512-cert-v01@openssh.com;ssh-rsa-cert-v01@openssh.com;ssh-dss-cert-v01@openssh.com;ecdsa-sha2-nistp256-cert-v01@openssh.com;ecdsa-sha2-nistp384-cert-v01@openssh.com;ecdsa-sha2-nistp521-cert-v01@openssh.com;ssh-ed25519-cert-v01@openssh.com;ecdsa-sha2-nistp256;ecdsa-sha2-nistp384;ecdsa-sha2-nistp521;rsa-sha2-256;rsa-sha2-512;ssh-rsa;ssh-dss;ssh-ed25519,aes128-ctr;arcfour128;aes256-ctr;chacha20-poly1305@openssh.com;aes128-gcm@openssh.com,hmac-sha1-96;hmac-sha1;hmac-sha2-512;hmac-sha2-512-etm@openssh.com,none,,SSH-2.0-Go,1
c70169683f416ecb6afc5aed972ec23c,"mlkem768x25519-sha256,mlkem768nistp256-sha256,mlkem1024nistp384-sha384,curve25519-sha256,curve25519-sha256@libssh.org,curve448-sha512,ecdh-sha2-nistp521,ecdh-sha2-nistp384,ecdh-sha2-nistp256,ecdh-sha2-1.3.132.0.10,diffie-hellman-group-exchange-sha256,diffie-hellman-group14-sha256,diffie-hellman-group15-sha512,diffie-hellman-group16-sha512,diffie-hellman-group17-sha512,diffie-hellman-group18-sha512,diffie-hellman-group14-sha256@ssh.com,diffie-hellman-group14-sha1,rsa2048-sha256,ext-info-c,kex-strict-c-v00@openssh.com;chacha20-poly1305@openssh.com,aes256-gcm@openssh.com,aes128-gcm@openssh.com,aes256-ctr,aes192-ctr,aes128-ctr;umac-64-etm@openssh.com,umac-128-etm@openssh.com,hmac-sha2-256-etm@openssh.com,hmac-sha2-512-etm@openssh.com,hmac-sha1-etm@openssh.com,umac-64@openssh.com,umac-128@openssh.com,hmac-sha2-256,hmac-sha2-512,hmac-sha1,hmac-sha256-2@ssh.com,hmac-sha224@ssh.com,hmac-sha256@ssh.com,hmac-sha384@ssh.com,hmac-sha512@ssh.com;none,zlib@openssh.com",mlkem768x25519-sha256;mlkem768nistp256-sha256;mlkem1024nistp384-sha384;curve25519-sha256;curve25519-sha256@libssh.org;curve448-sha512;ecdh-sha2-nistp521;ecdh-sha2-nistp384;ecdh-sha2-nistp256;ecdh-sha2-1.3.132.0.10;diffie-hellman-group-exchange-sha256;diffie-hellman-group14-sha256;diffie-hellman-group15-sha512;diffie-hellman-group16-sha512;diffie-hellman-group17-sha512;diffie-hellman-group18-sha512;diffie-hellman-group14-sha256@ssh.com;diffie-hellman-group14-sha1;rsa2048-sha256;ext-info-c;kex-strict-c-v00@openssh.com,rsa-sha2-256-cert-v01@openssh.com;rsa-sha2-512-cert-v01@openssh.com;ssh-rsa-cert-v01@openssh.com;sk-ssh-ed25519-cert-v01@openssh.com;sk-ecdsa-sha2-nistp256-cert-v01@openssh.com;ssh-ed25519-cert-v01@openssh.com;ssh-ed448-cert-v01@openssh.com;ecdsa-sha2-nistp521-cert-v01@openssh.com;ecdsa-sha2-nistp384-cert-v01@openssh.com;ecdsa-sha2-nistp256-cert-v01@openssh.com;ecdsa-sha2-1.3.132.0.10-cert-v01@openssh.com;rsa-sha2-256;rsa-sha2-512;ssh-rsa-sha224@ssh.com;ssh-rsa-sha256@ssh.com;ssh-rsa-sha384@ssh.com;ssh-rsa-sha512@ssh.com;ssh-rsa;sk-ssh-ed25519@openssh.com;sk-ecdsa-sha2-nistp256@openssh.com;webauthn-sk-ecdsa-sha2-nistp256@openssh.com;ssh-ed25519;ssh-ed448;ecdsa-sha2-nistp521;ecdsa-sha2-nistp384;ecdsa-sha2-nistp256;ecdsa-sha2-1.3.132.0.10,chacha20-poly1305@openssh.com;aes256-gcm@openssh.com;aes128-gcm@openssh.com;aes256-ctr;aes192-ctr;aes128-ctr,umac-64-etm@openssh.com;umac-128-etm@openssh.com;hmac-sha2-256-etm@openssh.com;hmac-sha2-512-etm@openssh.com;hmac-sha1-etm@openssh.com;umac-64@openssh.com;umac-128@openssh.com;hmac-sha2-256;hmac-sha2-512;hmac-sha1;hmac-sha256-2@ssh.com;hmac-sha224@ssh.com;hmac-sha256@ssh.com;hmac-sha384@ssh.com;hmac-sha512@ssh.com,none;zlib@openssh.com,,SSH-2.0-AsyncSSH_2.24.0,1
c6e76d025301aa0b4f34bf4999b15296,"ecdh-sha2-nistp521,ecdh-sha2-nistp384,curve25519-sha256@libssh.org,diffie-hellman-group-exchange-sha1,diffie-hellman-group-exchange-sha256,ext-info-c,kex-strict-c-v00@openssh.com;3des-cbc,chacha20-poly1305@openssh.com,aes128-ctr,aes128-cbc,arcfour128;hmac-sha2-512,hmac-sha1,hmac-sha2-256-etm@openssh.com,hmac-sha2-256;none",ecdh-sha2-nistp521;ecdh-sha2-nistp384;curve25519-sha256@libssh.org;diffie-hellman-group-exchange-sha1;diffie-hellman-group-exchange-sha256;ext-info-c;kex-strict-c-v00@openssh.com,rsa-sha2-256-cert-v01@openssh.com;rsa-sha2-512-cert-v01@openssh.com;ssh-rsa-cert-v01@openssh.com;ssh-dss-cert-v01@openssh.com;ecdsa-sha2-nistp256-cert-v01@openssh.com;ecdsa-sha2-nistp384-cert-v01@openssh.com;ecdsa-sha2-nistp521-cert-v01@openssh.com;ssh-ed25519-cert-v01@openssh.com;ecdsa-sha2-nistp256;ecdsa-sha2-nistp384;ecdsa-sha2-nistp521;rsa-sha2-256;rsa-sha2-512;ssh-rsa;ssh-dss;ssh-ed25519,3des-cbc;chacha20-poly1305@openssh.com;aes128-ctr;aes128-cbc;arcfour128,hmac-sha2-512;hmac-sha1;hmac-sha2-256-etm@openssh.com;hmac-sha2-256,none,,SSH-2.0-Go,1
9685768863af5f06fe348d9a689c589b,"ecdh-sha2-nistp256,diffie-hellman-group-exchange-sha1,ecdh-sha2-nistp384,ecdh-sha2-nistp521,diffie-hellman-group1-sha1,diffie-hellman-group14-sha1,ext-info-c,kex-strict-c-v00@openssh.com;aes256-gcm@openssh.com,chacha20-poly1305@openssh.com,aes192-ctr,arcfour128,3des-cbc;hmac-sha1-96,hmac-sha2-256,hmac-sha2-256-etm@openssh.com,hmac-sha2-512-etm@openssh.com,hmac-sha2-512,hmac-sha1;none",ecdh-sha2-nistp256;diffie-hellman-group-exchange-sha1;ecdh-sha2-nistp384;ecdh-sha2-nistp521;diffie-hellman-group1-sha1;diffie-hellman-group14-sha1;ext-info-c;kex-strict-c-v00@openssh.com,rsa-sha2-256-cert-v01@openssh.com;rsa-sha2-512-cert-v01@openssh.com;ssh-rsa-cert-v01@openssh.com;ssh-dss-cert-v01@openssh.com;ecdsa-sha2-nistp256-cert-v01@openssh.com;ecdsa-sha2-nistp384-cert-v01@openssh.com;ecdsa-sha2-nistp521-cert-v01@openssh.com;ssh-ed25519-cert-v01@openssh.com;ecdsa-sha2-nistp256;ecdsa-sha2-nistp384;ecdsa-sha2-nistp521;rsa-sha2-256;rsa-sha2-512;ssh-rsa;ssh-dss;ssh-ed25519,aes256-gcm@openssh.com;chacha20-poly1305@openssh.com;aes192-ctr;arcfour128;3des-cbc,hmac-sha1-96;hmac-sha2-256;hmac-sha2-256-etm@openssh.com;hmac-sha2-512-etm@openssh.com;hmac-sha2-512;hmac-sha1,none,,SSH-2.0-Go,1
418da68753aab0e436c6874ff0ad4b06,"curve25519-sha256@libssh.org,ecdh-sha2-nistp256,curve25519-sha256,ecdh-sha2-nistp384,diffie-hellman-group1-sha1,diffie-hellman-group14-sha1,ext-info-c,kex-strict-c-v00@openssh.com;aes256-ctr,3des-cbc,aes128-ctr,aes192-ctr,chacha20-poly1305@openssh.com;hmac-sha2-512-etm@openssh.com,hmac-sha2-512,hmac-sha2-256,hmac-sha1;none",curve25519-sha256@libssh.org;ecdh-sha2-nistp256;curve25519-sha256;ecdh-sha2-nistp384;diffie-hellman-group1-sha1;diffie-hellman-group14-sha1;ext-info-c;kex-strict-c-v00@openssh.com,rsa-sha2-256-cert-v01@openssh.com;rsa-sha2-512-cert-v01@openssh.com;ssh-rsa-cert-v01@openssh.com;ssh-dss-cert-v01@openssh.com;ecdsa-sha2-nistp256-cert-v01@openssh.com;ecdsa-sha2-nistp384-cert-v01@openssh.com;ecdsa-sha2-nistp521-cert-v01@openssh.com;ssh-ed25519-cert-v01@openssh.com;ecdsa-sha2-nistp256;ecdsa-sha2-nistp384;ecdsa-sha2-nistp521;rsa-sha2-256;rsa-sha2-512;ssh-rsa;ssh-dss;ssh-ed25519,aes256-ctr;3des-cbc;aes128-ctr;aes192-ctr;chacha20-poly1305@openssh.com,hmac-sha2-512-etm@openssh.com;hmac-sha2-512;hmac-sha2-256;hmac-sha1,none,,SSH-2.0-Go,1
